outer_seed,inner_restart,inner_seed,objective_final,niter,converged,cluster_frac_min,cluster_frac_mid,cluster_frac_max,fit_sec
0,0,0,0.1533607840538025,141,1,0.31763624751710134,0.3335817606018535,0.3487819918810451,0.6421984070912004
0,1,1,0.15608099102973938,432,1,0.3123994886355517,0.3303752900608207,0.3572252213036276,1.8957923469133675
0,2,2,0.15734970569610596,122,1,0.2976862187720878,0.301402734678578,0.40091104654933424,0.5386078897863626
0,3,3,0.15631429851055145,175,1,0.326863231994794,0.32744142997373926,0.34569533803146674,0.7685100487433374
0,4,4,0.15791292488574982,403,1,0.3285813373961085,0.33039727477484904,0.34102138782904245,1.7717362870462239
0,5,5,0.15586411952972412,203,1,0.32492418021749475,0.3323242349594327,0.3427515848230725,0.8913407251238823
0,6,6,0.15686824917793274,111,1,0.31787917860711445,0.32769645265646796,0.3544243687364176,0.48850897001102567
0,7,7,0.15502595901489258,168,1,0.32720069735512897,0.33547244600829046,0.3373268566365806,0.7378699132241309
0,8,8,0.15792186558246613,77,1,0.3117179625006733,0.32990151947351004,0.35838051802581666,0.3387640519067645
0,9,9,0.15707062184810638,298,1,0.31627099677594167,0.33300246338720685,0.3507265398368514,1.3090691571123898
0,10,10,0.15542247891426086,173,1,0.3211966719539904,0.3257859810074056,0.35301734703860405,0.7599503388628364
0,11,11,0.15323901176452637,297,1,0.32307746423911454,0.3367255747079056,0.34019696105297986,1.3048641411587596
0,12,12,0.1553000956773758,219,1,0.31830348358786137,0.33920654968600333,0.3424899667261353,0.9614978623576462
0,13,13,0.15671145915985107,124,1,0.2992339426396826,0.3375192228843285,0.3632468344759888,0.5449589369818568
0,14,14,0.15266332030296326,88,1,0.3182716057525203,0.3372729940872112,0.34445540016026854,0.3870947980321944
0,15,15,0.15803998708724976,151,1,0.308808285599023,0.31595331765823226,0.3752383967427448,0.6639162530191243
0,16,16,0.15605045855045319,168,1,0.30767167588375804,0.3156191500050015,0.37670917411124044,0.7390607921406627
0,17,17,0.15575677156448364,141,1,0.33264741025564926,0.3330980968932301,0.33425449285112063,0.6195319513790309
0,18,18,0.1528359353542328,90,1,0.32488131002513954,0.3328320818534873,0.3422866081213732,0.3959259898401797
0,19,19,0.15794630348682404,235,1,0.31234232837907805,0.3138768614182559,0.37378081020266607,1.0339957517571747
0,20,20,0.15554367005825043,250,1,0.32716442257698225,0.3284912000685923,0.34434437735442547,1.0999304838478565
0,21,21,0.15633364021778107,239,1,0.31985340592685907,0.33262652477732235,0.34752006929581863,1.0543753379024565
0,22,22,0.15755237638950348,95,1,0.3214121221514681,0.33475354585956385,0.34383433198896807,0.41997822606936097
0,23,23,0.15470752120018005,188,1,0.31106831420113595,0.34105876184289063,0.3478729239559734,0.829292019829154
0,24,24,0.15709218382835388,75,1,0.3047707928677191,0.32744582691654495,0.367783380215736,0.3317372342571616
0,25,25,0.15606267750263214,135,1,0.3175329193611682,0.33609351417959094,0.3463735664592409,0.5958418468944728
0,26,26,0.1565856784582138,120,1,0.3058975094616713,0.3333707073471815,0.3607317831911472,0.5320761469192803
0,27,27,0.15578556060791016,107,1,0.3241690052906214,0.32668845351826875,0.3491425411911098,0.4721365589648485
0,28,28,0.15433162450790405,94,1,0.320633863274865,0.3328661581602312,0.34649997856490383,0.4153345380909741
0,29,29,0.15446239709854126,123,1,0.31430006716330133,0.32207056433661674,0.3636293685000819,0.5427294792607427
0,30,30,0.1541484296321869,239,1,0.3190553608076305,0.3216858318411209,0.35925880735124865,1.0543921017087996
0,31,31,0.15609422326087952,177,1,0.30120816995942723,0.33657168170970725,0.3622201483308656,0.7809210889972746
0,32,32,0.15242506563663483,171,1,0.3148244025928772,0.3322439907532293,0.35293160665389356,0.7543410258367658
0,33,33,0.15813203155994415,151,1,0.3301807253416699,0.3346700039462562,0.3351492707120739,0.6670954208821058
0,34,34,0.15493741631507874,98,1,0.3162072411052595,0.3308182820484917,0.35297447684624883,0.43305087415501475
0,35,35,0.15778104960918427,97,1,0.32411953968405766,0.3257255230438276,0.3501549372721147,0.42883819015696645
0,36,36,0.15689565241336823,104,1,0.30531931148272606,0.3434243170723396,0.3512563714449343,0.459588220808655
0,37,37,0.1536152958869934,118,1,0.3137405561912802,0.3236710515178796,0.36258839229084017,0.5212567979469895
0,38,38,0.15526095032691956,271,1,0.2877502272669813,0.35114534863909125,0.3611044240939275,1.1954657612368464
0,39,39,0.15702934563159943,76,1,0.32636857592915647,0.3312228007866131,0.3424086232842305,0.3362268269993365
0,40,40,0.1578676998615265,170,1,0.31726250737861966,0.3321934259109641,0.35054406671041627,0.747877080924809
0,41,41,0.1563868671655655,133,1,0.31884760526006267,0.323996425285499,0.35715596945443834,0.5850453590974212
0,42,42,0.154029980301857,106,1,0.31139698567585955,0.3315844493323792,0.3570185649917612,0.46654857601970434
0,43,43,0.1562754064798355,263,1,0.3088698427983023,0.3398287170930052,0.3513014401086924,1.156234314199537
0,44,44,0.1578543335199356,128,1,0.32899794772694546,0.33329486008378373,0.3377071921892708,0.5630174619145691
0,45,45,0.15348602831363678,177,1,0.2992229502826685,0.31812101046142616,0.38265603925590536,0.7810330451466143
0,46,46,0.15472036600112915,187,1,0.31358666319308187,0.3270501020640349,0.3593632347428833,0.8258236888796091
0,47,47,0.15671595931053162,200,1,0.3197896502561769,0.3234149295994495,0.3567954201443736,0.8854226269759238
0,48,48,0.15744003653526306,356,1,0.3234006395353311,0.3297157486399706,0.3468836118246983,1.5692432271316648
0,49,49,0.15583135187625885,188,1,0.3174218965553251,0.32792509368236267,0.3546530097623123,0.8310657069087029
1,0,100000,0.15620897710323334,129,1,0.31528278388036796,0.3247230200841355,0.35999419603549654,0.5700241113081574
1,1,100001,0.15774455666542053,284,1,0.31763514828139994,0.3250450961446506,0.35731975557394946,1.254688332322985
1,2,100002,0.1548653542995453,362,1,0.2985205386694631,0.34093454820863056,0.36054491312190634,1.6042812559753656
1,3,100003,0.15587535500526428,130,1,0.3104637345653567,0.34099610540790987,0.34854016002673344,0.5754733858630061
1,4,100004,0.15341097116470337,65,1,0.3219628392378779,0.3358373922611608,0.3421997685009613,0.28851329255849123
1,5,100005,0.15679112076759338,158,1,0.3208658020078639,0.33756539078378806,0.34156880720834804,0.6997559801675379
1,6,100006,0.15842249989509583,168,1,0.3064141502413372,0.34444770551035864,0.34913814424830414,0.744207798037678
1,7,100007,0.15764732658863068,92,1,0.3288902226282066,0.33287605128154396,0.33823372609024943,0.4087116071023047
1,8,100008,0.15768353641033173,108,1,0.322727907286064,0.3302697634334847,0.3470023292804513,0.4755277861841023
1,9,100009,0.15424826741218567,447,1,0.2948732746121622,0.342402027870022,0.3627246975178159,1.9678498129360378
1,10,100010,0.15711982548236847,81,1,0.31897071965862134,0.3226586554368747,0.3583706249045039,0.35855592181906104
1,11,100011,0.1543682962656021,147,1,0.3007981550427987,0.3310073505891354,0.3681944943680659,0.6503827129490674
1,12,100012,0.15607504546642303,113,1,0.32244320523939707,0.3328111963751604,0.3447455983854426,0.4999354290775955
1,13,100013,0.1548612117767334,104,1,0.3213395725951746,0.33189992997868584,0.3467604974261396,0.45972205279394984
1,14,100014,0.15415045619010925,127,1,0.3101779332829883,0.33726529943730127,0.3525567672797104,0.5614743740297854
1,15,100015,0.15640327334403992,111,1,0.31156736720957917,0.34283952367918585,0.345593109111235,0.4908297639340162
1,16,100016,0.15570607781410217,81,1,0.3109199173814447,0.3354416674086508,0.3536384152099046,0.35847434122115374
1,17,100017,0.1558905690908432,253,1,0.28331481121176444,0.35245673683088147,0.36422845195735404,1.117410380858928
1,18,100018,0.15588583052158356,106,1,0.3244855851726295,0.32595636254112514,0.34955805228624537,0.46853104792535305
1,19,100019,0.15712180733680725,112,1,0.3172284310718757,0.32574640852215453,0.3570251604059697,0.49519739765673876
1,20,100020,0.15263967216014862,113,1,0.30745292797917606,0.3294706190785547,0.36307645294226926,0.49953025486320257
1,21,100021,0.15259970724582672,166,1,0.3051577238346178,0.3469253827813521,0.3479168933840301,0.7337765321135521
1,22,100022,0.156855046749115,124,1,0.32609376700380227,0.3261102555393235,0.34779597745687424,0.5481521380133927
1,23,100023,0.1550830900669098,98,1,0.31605884428556824,0.3391724733792594,0.3447686823351723,0.4333060351200402
1,24,100024,0.15540023148059845,213,1,0.31057695584260264,0.316174264034217,0.37324878012318036,0.9408445581793785
1,25,100025,0.1573188453912735,103,1,0.30664169203153047,0.3397825491935457,0.3535757587749238,0.4554763329215348
1,26,100026,0.157723069190979,87,1,0.2905060111704332,0.3421997685009613,0.36729422032860554,0.3848350550979376
1,27,100027,0.15625950694084167,134,1,0.325436424054355,0.32867697090213177,0.34588660504351326,0.5922793741337955
1,28,100028,0.15765555202960968,414,1,0.32773712437742036,0.33274084529026965,0.33952203033230993,1.8278512926772237
1,29,100029,0.15713126957416534,94,1,0.3168931641829436,0.3315031058904743,0.35160372992658206,0.4158576666377485
1,30,100030,0.15577316284179688,125,1,0.30485543401672816,0.33370157729330796,0.3614429886899639,0.552187052089721
1,31,100031,0.15752197802066803,117,1,0.3122291071018321,0.3184694681787753,0.3693014247193926,0.5172127122059464
1,32,100032,0.15526816248893738,66,1,0.3099657807926149,0.3249956305380869,0.3650385886692982,0.2918789931572974
1,33,100033,0.1548534631729126,85,1,0.32851648248972487,0.3347964160519191,0.336687101458356,0.37610723404213786
1,34,100034,0.15693897008895874,109,1,0.3292694589451954,0.3314525410482092,0.3392780000065954,0.48192117968574166
1,35,100035,0.15421341359615326,88,1,0.3197577724208358,0.3284780092401753,0.3517642183389889,0.38928770599886775
1,36,100036,0.15859895944595337,162,1,0.31837493390845345,0.3315789531538721,0.35004611293767446,0.715416026301682
1,37,100037,0.1561981737613678,69,1,0.30040902560449717,0.33769070365374954,0.36190027074175324,0.3054482350125909
1,38,100038,0.1531122624874115,96,1,0.2970926314933227,0.3349733929998472,0.3679339755068301,0.42491401080042124
1,39,100039,0.1539081335067749,252,1,0.3073177219879018,0.3362364148207751,0.3564458631913231,1.1121553061529994
1,40,100040,0.15618939697742462,116,1,0.3220958467577493,0.32331489915062056,0.3545892540916301,0.5129451928660274
1,41,100041,0.15386423468589783,134,1,0.32212332765028473,0.33291562376679495,0.3449610485829203,0.5924222348257899
1,42,100042,0.15795069932937622,117,1,0.30954587275467366,0.3297047562829565,0.36074937096236986,0.5173058719374239
1,43,100043,0.15651316940784454,69,1,0.289901431534654,0.3489391825863477,0.3611593858789983,0.3054365520365536
1,44,100044,0.15473443269729614,75,1,0.32334457851455883,0.3315261898402041,0.34512923164523707,0.3321033790707588
1,45,100045,0.15566781163215637,258,1,0.3254430194685635,0.3358758655107104,0.33868111502072606,1.1373582417145371
1,46,100046,0.15737320482730865,179,1,0.3254825919538145,0.33161522793201886,0.3429021801141666,0.7872760840691626
1,47,100047,0.15369832515716553,248,1,0.31164321447297694,0.3421986692652599,0.3461581162617632,1.0910419109277427
1,48,100048,0.15506964921951294,111,1,0.30843234698913846,0.33216044883992163,0.35940720417093996,0.4889367762953043
1,49,100049,0.15486212074756622,105,1,0.3055435555658151,0.32302360168974514,0.3714328427444398,0.46237863786518574
2,0,200000,0.1520097255706787,167,1,0.3170041869887867,0.327986650881642,0.3550091621295713,0.7361643798649311
2,1,200001,0.15332680940628052,89,1,0.30566447149297093,0.3397946407862613,0.35454088772076775,0.3938772859983146
2,2,200002,0.1540859043598175,136,1,0.30841915616072146,0.3420238907887346,0.34955695305054396,0.6013150098733604
2,3,200003,0.15373432636260986,96,1,0.3216605494199883,0.33092820561863334,0.3474112449613784,0.4246754748746753
2,4,200004,0.15484072268009186,98,1,0.31339649541673675,0.32725346066879696,0.3593500439144663,0.43369860015809536
2,5,200005,0.15682381391525269,287,1,0.29941971347322205,0.31520034120276175,0.3853799453240162,1.266697112005204
2,6,200006,0.1566973328590393,120,1,0.32480436352604036,0.33164160958885286,0.3435540268851068,0.5306151090189815
2,7,200007,0.15679460763931274,89,1,0.3180506593765355,0.3219562438236694,0.3599930967997951,0.39391313027590513
2,8,200008,0.15300370752811432,82,1,0.3066427912672319,0.3460756735841569,0.34728153514861115,0.3626504600979388
2,9,200009,0.15638059377670288,285,1,0.296091227769332,0.33132722817824767,0.37258154405242033,1.2587316781282425
2,10,200010,0.15408794581890106,170,1,0.31576864606039423,0.3364716512608783,0.34775970267872747,0.7512496281415224
2,11,200011,0.15751390159130096,167,1,0.31237420621441914,0.3296959623973451,0.35792983138823575,0.7383134248666465
2,12,200012,0.15731596946716309,117,1,0.32672912523922115,0.33580441519011833,0.3374664595706605,0.5168460416607559
2,13,200013,0.15440967679023743,82,1,0.319834718919935,0.3221057398790621,0.3580595412010029,0.3627685680985451
2,14,200014,0.1530691683292389,195,1,0.31002953646329706,0.3370278645257952,0.35294259901090774,0.8617747440002859
2,15,200015,0.15545617043972015,105,1,0.3135273044652053,0.33871738979887284,0.34775530573592184,0.46412596106529236
2,16,200016,0.15664555132389069,147,1,0.3185431169707702,0.32642793465703296,0.3550289483721968,0.6498120506294072
2,17,200017,0.15498840808868408,110,1,0.32120656507530315,0.3322648762315562,0.34652855869314064,0.486374958883971
2,18,200018,0.15325714647769928,142,1,0.3172647058500225,0.3354031941591012,0.34733209999087633,0.6272823759354651
2,19,200019,0.15553604066371918,181,1,0.3093644988639399,0.3373477421149075,0.3532877590211526,0.799542625900358
2,20,200020,0.15632353723049164,161,1,0.31940271928927816,0.32061187856083667,0.35998540214988517,0.7111865910701454
2,21,200021,0.15496967732906342,133,1,0.3060393108671541,0.3349063396220608,0.35905434951078513,0.5879332637414336
2,22,200022,0.15647637844085693,57,1,0.31164431370867834,0.3217726714615328,0.36658301482978883,0.2527340427041054
2,23,200023,0.15675492584705353,116,1,0.28242662876501967,0.34157100567975085,0.3760023655552294,0.5122734811156988
2,24,200024,0.15350905060768127,289,1,0.3079904542371689,0.3257101337440078,0.3662994120188233,1.2716953940689564
2,25,200025,0.15855205059051514,285,1,0.31675136277746085,0.31989187917640866,0.36335675804613055,1.2576598189771175
2,26,200026,0.15544109046459198,78,1,0.3150299596690421,0.3351657592475952,0.34980428108336276,0.3453023675829172
2,27,200027,0.15652720630168915,168,1,0.31420223518587526,0.3301697329846558,0.35562803182946895,0.7427695789374411
2,28,200028,0.1568703055381775,87,1,0.3234676929131175,0.33212527329747626,0.34440703378940624,0.3848650655709207
2,29,200029,0.1534801870584488,74,1,0.31478263163622333,0.326612606254871,0.3586047621089057,0.3276793980039656
2,30,200030,0.15319502353668213,77,1,0.32489010391075085,0.3271226516203284,0.34798724446892076,0.34059867495670915
2,31,200031,0.15497051179409027,129,1,0.31818586536780974,0.33555488868589667,0.34625924594629354,0.5703174746595323
2,32,200032,0.15649498999118805,154,1,0.30430911387312404,0.3411917693627621,0.3544991167641139,0.6802014359273016
2,33,200033,0.1553962677717209,159,1,0.29489196161908626,0.3520126456075091,0.3530953927734046,0.7026828797534108
2,34,200034,0.15733322501182556,103,1,0.31158385574510045,0.31992705471885396,0.3684890895360456,0.45655141305178404
2,35,200035,0.15655595064163208,248,1,0.3143077618132113,0.3362671934204148,0.3494250447663739,1.0950477151200175
2,36,200036,0.156009703874588,78,1,0.30979649849459673,0.3323704028588922,0.3578330986465111,0.34488814091309905
2,37,200037,0.15440334379673004,107,1,0.31738562177717833,0.31971710069988335,0.3628972775229383,0.47320954082533717
2,38,200038,0.15323606133460999,315,1,0.3276239031001745,0.32895837524169447,0.3434177216581311,1.3909269459545612
2,39,200039,0.1583704650402069,60,1,0.322912578883902,0.3335015163956501,0.34358590472044787,0.2657162509858608
2,40,200040,0.1565495878458023,71,1,0.3166788132211673,0.34118297547715076,0.3421382113016819,0.3142656362615526
2,41,200041,0.1565912812948227,134,1,0.32930243601623793,0.329400267993664,0.34129729599009806,0.5926983589306474
2,42,200042,0.1557246744632721,246,1,0.30590740258298404,0.33505473644175204,0.3590378609752639,1.0858965679071844
2,43,200043,0.15621700882911682,107,1,0.2992900036604549,0.34272740163764137,0.35798259470190374,0.4734801738522947
2,44,200044,0.15793810784816742,158,1,0.2991657900261948,0.3252319662138915,0.37560224375991375,0.6985019138082862
2,45,200045,0.15445014834403992,70,1,0.3110309401872878,0.33817326812667153,0.3507957916860407,0.30995669588446617
2,46,200046,0.15482382476329803,156,1,0.2947127861997553,0.34495775087581604,0.36032946292442863,0.6900057499296963
2,47,200047,0.15574060380458832,214,1,0.297452081567686,0.3416105781650019,0.3609373402673121,0.9446254717186093
2,48,200048,0.15735259652137756,162,1,0.3059491735396379,0.33529436982466093,0.3587564566357012,0.7158384616486728
2,49,200049,0.1532687395811081,124,1,0.3248340428899786,0.3317801132872314,0.34338584382279,0.5484282090328634
3,0,300000,0.15579381585121155,174,1,0.3136614112207782,0.3357010870341851,0.35063750174503666,0.7691988018341362
3,1,300001,0.15568529069423676,112,1,0.3179418350420952,0.32700833110738103,0.35504983385052374,0.4951888551004231
3,2,300002,0.15222260355949402,83,1,0.31395270868165365,0.3270588959496462,0.35898839536870014,0.36736293928697705
3,3,300003,0.15309229493141174,54,1,0.32316320462382503,0.32718420881960775,0.3496525865565672,0.23929400788620114
3,4,300004,0.15590888261795044,119,1,0.31779893440091106,0.3254979812536343,0.3567030843454546,0.5262441369704902
3,5,300005,0.1546393483877182,162,1,0.3327793185398193,0.33345205078908635,0.3337686306710944,0.7154154810123146
3,6,300006,0.15624947845935822,226,1,0.3168876680044365,0.33083696905541576,0.3522753629401477,0.9983561979606748
3,7,300007,0.15480291843414307,177,1,0.3010696662610487,0.34881716742349045,0.35011316631546086,0.7821513791568577
3,8,300008,0.1573515683412552,134,1,0.30710447026182697,0.32259380053049114,0.3703017292076819,0.592416147235781
3,9,300009,0.1564372330904007,112,1,0.32669724740388006,0.33086774765505544,0.3424350049410645,0.49554904736578465
3,10,300010,0.15598610043525696,238,1,0.31108260426525436,0.33377192837819863,0.355145467356547,1.051370145753026
3,11,300011,0.1554950773715973,180,1,0.3276920557136623,0.3278228647621309,0.3444850795242068,0.7949487152509391
3,12,300012,0.1552634984254837,183,1,0.3151728603102263,0.319418108589098,0.3654090311006757,0.8087882869876921
3,13,300013,0.15753629803657532,104,1,0.3106593985202089,0.3231522122668109,0.3661883892129802,0.45992120495066047
3,14,300014,0.15618982911109924,158,1,0.2958636859791387,0.3247526994480738,0.3793836145727875,0.6985613070428371
3,15,300015,0.15834063291549683,171,1,0.321591297570799,0.3302961450903187,0.3481125573388823,0.755485026165843
3,16,300016,0.1538664847612381,256,1,0.3127347555244838,0.32750848335152566,0.35975676112399047,1.1313832481391728
3,17,300017,0.15556935966014862,309,1,0.31733945387771884,0.33011477119958493,0.35254577492269623,1.364448540378362
3,18,300018,0.15317821502685547,90,1,0.3297718096607429,0.3338136993348525,0.3364144910044046,0.39855130994692445
3,19,300019,0.155116468667984,100,1,0.29571858686655167,0.34412672868554495,0.3601546844479034,0.4425359508022666
3,20,300020,0.15633197128772736,127,1,0.3210548705485076,0.3293727871011286,0.3495723423503638,0.5613176352344453
3,21,300021,0.15393884479999542,146,1,0.3189014678094321,0.3301257635565991,0.3509727686339688,0.6453008106909692
3,22,300022,0.15357694029808044,197,1,0.3206547487531919,0.3333498218688546,0.3459954293779535,0.8702532211318612
3,23,300023,0.15775175392627716,571,1,0.3233808532927056,0.32544521793996634,0.35117392876732806,2.5211429172195494
3,24,300024,0.15494310855865479,129,1,0.31367130434209095,0.32333138768614184,0.3629973079717672,0.5701295519247651
3,25,300025,0.15392231941223145,101,1,0.32931232913755065,0.33512069058383703,0.33556698027861226,0.4471522611565888
3,26,300026,0.15439322590827942,233,1,0.3187563686968451,0.3343710118354708,0.3468726194676841,1.0302868052385747
3,27,300027,0.15549540519714355,134,1,0.30718141676092614,0.33582749913984805,0.3569910840992258,0.592225385364145
3,28,300028,0.1563127487897873,175,1,0.3120092599615487,0.3328035017252504,0.3551872383132008,0.773282895796001
3,29,300029,0.1543886959552765,80,1,0.3167557597202665,0.33535592702394024,0.3478883132557932,0.35385314375162125
3,30,300030,0.15255968272686005,382,1,0.3252583478707255,0.32671703364650556,0.34802461848276894,1.6866218210197985
3,31,300031,0.15578758716583252,124,1,0.32167044254130106,0.32547159959680033,0.3528579578618986,0.5485472697764635
3,32,300032,0.15358829498291016,173,1,0.32894518441327747,0.331494312004863,0.3395605035818595,0.7643952826038003
3,33,300033,0.15339338779449463,183,1,0.31117933700697903,0.3418765932047447,0.3469440697882762,0.8086597183719277
3,34,300034,0.1573653519153595,243,1,0.311946603526568,0.33342676836795376,0.35462662810547824,1.0712001197971404
3,35,300035,0.15580695867538452,136,1,0.3029394661891587,0.3320439298555714,0.3650166039552699,0.5994167397730052
3,36,300036,0.15311072766780853,143,1,0.3094370484202334,0.34307585935499046,0.34748709222477614,0.6295887478627264
3,37,300037,0.1550605446100235,248,1,0.3117641304001328,0.33502835478491805,0.35320751481494916,1.0911184209398925
3,38,300038,0.1517380028963089,122,1,0.31466501341617176,0.3340115617611075,0.3513234248227208,0.5377320339903235
3,39,300039,0.15076783299446106,175,1,0.32471312696282273,0.3344501568059728,0.34083671623120443,0.7703996798954904
3,40,300040,0.1547842025756836,159,1,0.3161918518054397,0.33729717727264236,0.346510970921918,0.7010159478522837
3,41,300041,0.15657663345336914,229,1,0.3164029050601117,0.34075427355359816,0.34284282138629013,1.0123099843040109
3,42,300042,0.15634922683238983,171,1,0.31572357739663615,0.3420041045461091,0.3422723180572548,0.7553994040936232
3,43,300043,0.15680305659770966,140,1,0.31421102907148657,0.3372674979087041,0.34852147301980935,0.6173472222872078
3,44,300044,0.15580610930919647,274,1,0.314787028579029,0.33273315064035974,0.35247982078061124,1.2059774436056614
3,45,300045,0.15127500891685486,130,1,0.31714598839426944,0.3280899790375752,0.35476403256815536,0.5746375326998532
3,46,300046,0.15343669056892395,132,1,0.3208042448085846,0.33637601775485504,0.34281973743656036,0.584101065993309
3,47,300047,0.1558426171541214,400,1,0.29309251277586695,0.33183617430800366,0.37507131291612944,1.7670031203888357
3,48,300048,0.1574222892522812,108,1,0.3176197589815801,0.32951568774231277,0.3528645532761071,0.47815721202641726
3,49,300049,0.15466418862342834,154,1,0.31081988693261575,0.3356087512352661,0.3535713618321181,0.6805358682759106
4,0,400000,0.1567787379026413,141,1,0.3195961847727275,0.3358373922611608,0.3445664229661117,0.6234678342007101
4,1,400001,0.15573692321777344,85,1,0.3204975580478893,0.33251000579297213,0.34699243615913855,0.37632746109738946
4,2,400002,0.1581074595451355,138,1,0.3130381445780749,0.3411884716556578,0.3457733837662673,0.6098638926632702
4,3,400003,0.15739786624908447,167,1,0.3265620414126058,0.33338609664700136,0.34005186194039283,0.7385969050228596
4,4,400004,0.15648053586483002,68,1,0.32777010144846286,0.32798884935304484,0.3442410491984923,0.30136115616187453
4,5,400005,0.15512388944625854,132,1,0.32437346313108495,0.325528759853274,0.35009777701564104,0.5838652681559324
4,6,400006,0.15863530337810516,121,1,0.3036979388231363,0.33470078254589586,0.3616012786309679,0.5356006440706551
4,7,400007,0.15329553186893463,286,1,0.3241975854188583,0.32542433246163943,0.35037808211950233,1.2636620262637734
4,8,400008,0.1506681740283966,100,1,0.3294167565291853,0.33271006669063,0.33787317678018475,0.4425124148838222
4,9,400009,0.15868887305259705,114,1,0.3266203009047809,0.335484537601006,0.33789516149421306,0.5046150200068951
4,10,400010,0.15815994143486023,123,1,0.3283658871986308,0.3322329983962151,0.3394011144051541,0.5442248196341097
4,11,400011,0.1543239951133728,136,1,0.313829594283095,0.341278608983174,0.34489179673373105,0.6016464247368276
4,12,400012,0.1556306779384613,103,1,0.3187838495893805,0.33264960872705207,0.34856654168356743,0.4559691050089896
4,13,400013,0.15451237559318542,84,1,0.3237227155958462,0.33422371425148095,0.34205357015267285,0.3722275667823851
4,14,400014,0.15687859058380127,159,1,0.3077958895180181,0.31987209293378316,0.3723320175481987,0.7032563551329076
4,15,400015,0.1575484275817871,203,1,0.3171635761654921,0.32671703364650556,0.35611939018800226,0.8972635781392455
4,16,400016,0.1572842001914978,78,1,0.30041781949010854,0.3150233642548336,0.38455881625505783,0.34535437589511275
4,17,400017,0.1578458696603775,95,1,0.30660871496048797,0.34390358383815733,0.3494877012013547,0.42085051676258445
4,18,400018,0.15698321163654327,127,1,0.3192642155908996,0.3237820743237227,0.35695371008537763,0.5622999081388116
4,19,400019,0.15733706951141357,272,1,0.29425770261936873,0.34690779501012947,0.3588345023705018,1.202507602982223
4,20,400020,0.15077216923236847,86,1,0.32121206125381024,0.32687862129461387,0.35190931745157594,0.38093130802735686
4,21,400021,0.153705433011055,174,1,0.3081399502925616,0.31652492022296896,0.37533512948446945,0.7701643849723041
4,22,400022,0.15569724142551422,209,1,0.3042882283947971,0.33771048989637503,0.35800128170882783,0.924613915849477
4,23,400023,0.15664279460906982,131,1,0.32070091665265144,0.33477772904499503,0.3445213543023536,0.5796176199801266
4,24,400024,0.1578398495912552,128,1,0.31028455914602576,0.34075427355359816,0.3489611673003761,0.5659835617989302
4,25,400025,0.15619274973869324,254,1,0.2994362020087433,0.3486654728966949,0.35189832509456176,1.1224791770800948
4,26,400026,0.15821465849876404,165,1,0.3229345635979304,0.33478212598780066,0.34228331041426896,0.7302280641160905
4,27,400027,0.15524879097938538,159,1,0.3191960629774118,0.3331079900145429,0.3476959470080453,0.7033652900718153
4,28,400028,0.15568354725837708,160,1,0.3200831461884552,0.3277986815766997,0.3521181722348451,0.7073637251742184
4,29,400029,0.15878376364707947,111,1,0.32673572065342965,0.32883526084313575,0.34442901850343455,0.4913585209287703
4,30,400030,0.15330901741981506,87,1,0.31622372964078077,0.3356351328921001,0.3481411374671191,0.38517640298232436
4,31,400031,0.15332317352294922,152,1,0.3098800404079044,0.3291617338464566,0.36095822574563907,0.672405987046659
4,32,400032,0.155558243393898,107,1,0.3117465426289101,0.3173988126055953,0.37085464476549457,0.47353500174358487
4,33,400033,0.1542254090309143,93,1,0.33009388572125803,0.3323308303736412,0.3375752839051008,0.41197205195203424
4,34,400034,0.15705452859401703,358,1,0.32536277526236007,0.32980258826038256,0.3448346364772574,1.5827626041136682
4,35,400035,0.15781304240226746,110,1,0.307877232959923,0.32582445425695516,0.3662983127831219,0.48713690508157015
4,36,400036,0.1558622419834137,225,1,0.3242778296250617,0.32971684787567207,0.34600532249926624,0.9949342953041196
4,37,400037,0.1560838371515274,143,1,0.3198687952266789,0.33028625196900596,0.34984495280431516,0.632620011921972
4,38,400038,0.15486446022987366,125,1,0.3044696022855309,0.3169975915745782,0.37853280613989093,0.553432933986187
4,39,400039,0.1535308063030243,98,1,0.31262703042574497,0.33496789682134015,0.3524050727529149,0.43355671875178814
4,40,400040,0.15461722016334534,179,1,0.32485163066120126,0.3315184951902942,0.34362987414850454,0.7919253068976104
4,41,400041,0.15706102550029755,324,1,0.32829663534944153,0.3345963551542612,0.33710700949629724,1.431297002825886
4,42,400042,0.1541714370250702,164,1,0.31393182320332674,0.32901773396957096,0.3570504428271023,0.7253379700705409
4,43,400043,0.1578327864408493,116,1,0.33115464817312523,0.3330497305223678,0.33579562130450696,0.5133601208217442
4,44,400044,0.1580933928489685,250,1,0.3100053532778659,0.33652661304594916,0.35346803367618496,1.1054402897134423
4,45,400045,0.1561446189880371,67,1,0.3156004629980774,0.31994244401867383,0.36445709298324874,0.29630862921476364
4,46,400046,0.15646715462207794,130,1,0.322087052872138,0.32613333948905326,0.3517796076388087,0.5741626946255565
4,47,400047,0.15353423357009888,162,1,0.31676675207728067,0.3255738285170321,0.35765941940568724,0.7145276260562241
4,48,400048,0.15225134789943695,160,1,0.3073012334523806,0.3296420998479757,0.36305666669964376,0.7068108897656202
4,49,400049,0.15433593094348907,138,1,0.32303679251816214,0.3349140342719707,0.34204917320986716,0.6104665799066424
5,0,500000,0.15599651634693146,98,1,0.3135767700717691,0.33550102613652727,0.35092220379170364,0.4340102830901742
5,1,500001,0.15506963431835175,186,1,0.3329057306454822,0.3332783715482625,0.3338158978062553,0.8226441759616137
5,2,500002,0.1556156426668167,147,1,0.30355723665335493,0.3328309826177859,0.36361178072885925,0.6502618291415274
5,3,500003,0.1551549881696701,109,1,0.3182628118669089,0.33310469230743867,0.3486324958256524,0.4824695601128042
5,4,500004,0.15735211968421936,146,1,0.32974872571101316,0.3315250906045027,0.3387261836844842,0.6441181362606585
5,5,500005,0.15573833882808685,148,1,0.32488900467504944,0.3351404768264626,0.33997051849848803,0.6545496569015086
5,6,500006,0.15760645270347595,103,1,0.30414752622501573,0.32771404042769064,0.3681384333472936,0.4559178971685469
5,7,500007,0.156614288687706,111,1,0.3159049512873699,0.3364254833614188,0.3476695653512113,0.4915743307210505
5,8,500008,0.1571757197380066,151,1,0.3255661338671222,0.32738866666007127,0.34704519947280654,0.6676206779666245
5,9,500009,0.15460491180419922,81,1,0.31204333626829267,0.31430666257750983,0.3736500011541975,0.358941915910691
5,10,500010,0.1560954600572586,124,1,0.30435748024398634,0.3174779575760973,0.3781645621799163,0.5487041189335287
5,11,500011,0.15634562075138092,93,1,0.3078211719391507,0.34018157175316005,0.35199725630768924,0.41176371928304434
5,12,500012,0.15381143987178802,103,1,0.3212967024028193,0.3336323254441187,0.345070972153062,0.45535892667248845
5,13,500013,0.15651583671569824,73,1,0.3221782894353556,0.322952151369153,0.3548695591954914,0.32332242699339986
5,14,500014,0.15805737674236298,129,1,0.32073829066649956,0.32934640544429455,0.34991530388920583,0.570816112216562
5,15,500015,0.15587638318538666,176,1,0.31129695522703066,0.32667636192555316,0.3620266828474162,0.7786883627995849
5,16,500016,0.1556289941072464,144,1,0.32000949739646023,0.32981248138169533,0.35017802122184444,0.6377579029649496
5,17,500017,0.15795354545116425,174,1,0.32173529744768464,0.3302477787194564,0.34801692383285904,0.7674227841198444
5,18,500018,0.15706157684326172,98,1,0.2852395729249453,0.35609850470967536,0.35866192236537936,0.43229580437764525
5,19,500019,0.1548250913619995,134,1,0.32442622644475294,0.3322461892246321,0.34332758433061494,0.5904460209421813
5,20,500020,0.1561470478773117,210,1,0.2891660428504061,0.3395835875315893,0.3712503696180046,0.9248442091047764
5,21,500021,0.15387052297592163,133,1,0.3042002895386838,0.34775310726451897,0.34804660319679726,0.5863654450513422
5,22,500022,0.15436361730098724,255,1,0.31577084453179705,0.3393252671417563,0.34490388832644664,1.1225503501482308
5,23,500023,0.15297836065292358,81,1,0.32623117146647934,0.3328430742105014,0.3409257543230192,0.3573413975536823
5,24,500024,0.15624947845935822,157,1,0.30853787361647445,0.33300136415150544,0.35846076223202006,0.6915675946511328
5,25,500025,0.15557894110679626,74,1,0.3155960660552718,0.3315195944259956,0.3528843395187326,0.3265407821163535
5,26,500026,0.15564152598381042,119,1,0.3231324260241854,0.3322461892246321,0.3446213847511825,0.5247968779876828
5,27,500027,0.15777288377285004,113,1,0.32147587782215026,0.3236974331747136,0.35482668900313613,0.49825732316821814
5,28,500028,0.15289610624313354,130,1,0.3258475382066849,0.3340698212532826,0.3400826405400325,0.5727613060735166
5,29,500029,0.1576153188943863,206,1,0.30538196791770683,0.3083806829111719,0.38623734917112135,0.9071075106039643
5,30,500030,0.15726226568222046,145,1,0.3239062879579828,0.3379874972931321,0.3381062147488851,0.6388255269266665
5,31,500031,0.15519870817661285,87,1,0.315427882992955,0.3393208701989507,0.3452512468080943,0.38408441096544266
5,32,500032,0.15604634582996368,137,1,0.30251186350130754,0.3320197466701402,0.36546838982855223,0.6032285047695041
5,33,500033,0.15401074290275574,102,1,0.32335227316446874,0.3356670107274412,0.34098071610809005,0.44995619310066104
5,34,500034,0.1584506630897522,223,1,0.31452101353928613,0.32510555410822856,0.3603734323524853,0.981744920834899
5,35,500035,0.15539869666099548,108,1,0.3306303127435494,0.3345282025407734,0.3348414847156772,0.476067200768739
5,36,500036,0.15633870661258698,118,1,0.3189982005511568,0.32432839446732686,0.35667340498151634,0.5203571179881692
5,37,500037,0.15649287402629852,146,1,0.3085719499232184,0.3328914405813638,0.3585366094954178,0.6434688232839108
5,38,500038,0.15443168580532074,166,1,0.3152706922876524,0.33503604943482795,0.3496932582775196,0.7307877787388861
5,39,500039,0.15456360578536987,119,1,0.3141846474146526,0.3179945983557632,0.36782075422958416,0.5246071550063789
5,40,500040,0.15294083952903748,134,1,0.32043710008431137,0.33742249014260384,0.3421404097730848,0.5901776989921927
5,41,500041,0.1549423635005951,193,1,0.32093175614994895,0.3234138303637481,0.355654413486303,0.8500021831132472
5,42,500042,0.1573386788368225,238,1,0.3234237234850608,0.3363925062903763,0.34018377022456286,1.0510297501459718
5,43,500043,0.15388192236423492,101,1,0.30639656247011454,0.34381454574634257,0.3497888917835429,0.44720923993736506
5,44,500044,0.15537501871585846,249,1,0.3166249506717979,0.32675440766035374,0.35662064166784835,1.1011667903512716
5,45,500045,0.15640610456466675,205,1,0.31782091911493937,0.32956295487747367,0.3526161260075869,0.9061844181269407
5,46,500046,0.15471714735031128,135,1,0.30484334242401256,0.32727874308992955,0.36787791448605783,0.5974854449741542
5,47,500047,0.15414582192897797,398,1,0.3114585428751389,0.3297597180680273,0.3587817390568338,1.7587837241590023
5,48,500048,0.1530480533838272,116,1,0.3219430529952524,0.32674121683193674,0.35131573017281087,0.5132098351605237
5,49,500049,0.15635748207569122,249,1,0.31631936314680403,0.3273490941748202,0.35633154267837575,1.1016710861586034
6,0,600000,0.1545647233724594,162,1,0.3115552756168636,0.3352482019252014,0.353196522457935,0.7165155368857086
6,1,600001,0.15559494495391846,142,1,0.3299993514509362,0.3306610913431891,0.3393395572058748,0.627809199038893
6,2,600002,0.15625324845314026,209,1,0.3070868824906043,0.3281295515228262,0.3647835659865695,0.9239393812604249
6,3,600003,0.15731525421142578,384,1,0.3020688715136366,0.32354793711932095,0.3743831913670425,1.6981508289463818
6,4,600004,0.1573183387517929,112,1,0.29468530530721987,0.3403255716300456,0.36498912306273446,0.49589996319264174
6,5,600005,0.15504595637321472,120,1,0.3143396396485524,0.31466501341617176,0.3709953469352759,0.5305107096210122
6,6,600006,0.15697062015533447,132,1,0.3070616000694717,0.3437485916042576,0.3491898083262707,0.5841592350043356
6,7,600007,0.15530231595039368,111,1,0.3195291313949411,0.337731375374702,0.3427394932303569,0.4913990912027657
6,8,600008,0.15573890507221222,126,1,0.32512534035085405,0.3323341280807455,0.3425405315684005,0.5577007350511849
6,9,600009,0.15401682257652283,137,1,0.31090452808162483,0.3382831916968132,0.35081228022156197,0.6065241228789091
6,10,600010,0.15319962799549103,159,1,0.32798994858874625,0.3312480832077457,0.3407619682035081,0.7041648123413324
6,11,600011,0.15597662329673767,324,1,0.3239667459215607,0.3317988002941555,0.3442344537842838,1.4277968863025308
6,12,600012,0.15561552345752716,172,1,0.30977561301626977,0.3262542554162091,0.3639701315675211,0.7573197302408516
6,13,600013,0.15469321608543396,192,1,0.31074074196211376,0.330252175662262,0.35900708237562423,0.8467500018887222
6,14,600014,0.1570289134979248,121,1,0.3195214367450312,0.33787207754448334,0.3426064857104855,0.5352927851490676
6,15,600015,0.15291064977645874,102,1,0.30904022433202194,0.3416182728149118,0.34934150285306625,0.4519313280470669
6,16,600016,0.15429118275642395,114,1,0.3138460828186162,0.33444575986316716,0.35170815731821664,0.5040263757109642
6,17,600017,0.15701404213905334,175,1,0.31212687818160034,0.34309014941910887,0.3447829723992908,0.7736755590885878
6,18,600018,0.15687134861946106,126,1,0.322087052872138,0.326638987911705,0.351273959216157,0.5578066157177091
6,19,600019,0.15705741941928864,198,1,0.3159775008436634,0.32974872571101316,0.35427377344532346,0.8759693638421595
6,20,600020,0.15794044733047485,197,1,0.31235002302898796,0.3345150117123564,0.3531349652586557,0.8712044479325414
6,21,600021,0.15548406541347504,176,1,0.30719570682504455,0.32225193822735054,0.3705523549476049,0.7782656368799508
6,22,600022,0.15333518385887146,113,1,0.31699539310317537,0.33943519071189804,0.34356941618492665,0.500332429073751
6,23,600023,0.15772230923175812,145,1,0.31884760526006267,0.32748100245899026,0.3536713922809471,0.6417508269660175
6,24,600024,0.15600472688674927,182,1,0.31281499973068727,0.3429857220274743,0.34419927824183844,0.8047934747301042
6,25,600025,0.1561489850282669,114,1,0.3075056912928441,0.3383425504246897,0.3541517582824662,0.5049387500621378
6,26,600026,0.15432588756084442,156,1,0.31475734921509074,0.33222860145340943,0.3530140493314998,0.6900029610842466
6,27,600027,0.15599030256271362,111,1,0.33059403796540265,0.3323297311379398,0.33707623089665756,0.49121201504021883
6,28,600028,0.15766721963882446,117,1,0.32374470030987457,0.3276524832284113,0.34860281646171415,0.5181054309941828
6,29,600029,0.15403437614440918,278,1,0.3060393108671541,0.34463897252240516,0.34932171661044076,1.2293346170336008
6,30,600030,0.15605631470680237,78,1,0.32778219304117845,0.33004442011469426,0.3421733868441273,0.3455323460511863
6,31,600031,0.1568925976753235,280,1,0.31760107197465604,0.3319252123998184,0.3504737156255256,1.2354869730770588
6,32,600032,0.1541392207145691,131,1,0.29696512015195836,0.3214187175656766,0.38161616228236506,0.5794125511310995
6,33,600033,0.15655352175235748,244,1,0.30983387250844485,0.3380545506709185,0.3521115768206366,1.0786929838359356
6,34,600034,0.15796655416488647,245,1,0.3132382054757327,0.3226311745443393,0.36413061997992796,1.0843821689486504
6,35,600035,0.15336117148399353,121,1,0.3138098080404695,0.32124393908915133,0.36494625287037924,0.5358063760213554
6,36,600036,0.1517172008752823,128,1,0.3154201883430451,0.3356285374778916,0.3489512741790633,0.5669984393753111
6,37,600037,0.154037743806839,193,1,0.32383153993028646,0.33711470414620714,0.3390537559235064,0.8532954570837319
6,38,600038,0.1570688933134079,141,1,0.32194635070235667,0.32562769106640155,0.35242595823124184,0.6244755936786532
6,39,600039,0.15487615764141083,126,1,0.31678543908420476,0.32989382482360013,0.3533207360921951,0.5578599870204926
6,40,600040,0.15597166121006012,72,1,0.3114739321749588,0.32667746116125457,0.36184860666378665,0.31944935163483024
6,41,600041,0.15833352506160736,321,1,0.32128571004580514,0.33213846412589326,0.3465758258283016,1.419092436786741
6,42,600042,0.1572437733411789,228,1,0.3200523675888155,0.3382634054541877,0.3416842269569968,1.0082914056256413
6,43,600043,0.15357887744903564,91,1,0.32148577094346303,0.32742933838102367,0.3510848906755133,0.4023173148743808
6,44,600044,0.15715257823467255,124,1,0.32798115470313494,0.33062151885793806,0.341397326438927,0.5483944700099528
6,45,600045,0.15429888665676117,90,1,0.32927825283080675,0.3301609390990444,0.3405608080701488,0.3979044766165316
6,46,600046,0.15320171415805817,214,1,0.3142451053782305,0.3401046252540609,0.34565026936770865,0.9454904738813639
6,47,600047,0.15592698752880096,111,1,0.3093458118570158,0.33864154253547507,0.3520126456075091,0.49084708699956536
6,48,600048,0.1561158150434494,332,1,0.3201029324310807,0.33132612894254626,0.34857093862637306,1.4660817072726786
6,49,600049,0.15666358172893524,234,1,0.32623007223077793,0.33555378945019526,0.3382161383190268,1.0343615412712097
7,0,700000,0.15770965814590454,187,1,0.30640975329853154,0.33343116531075945,0.360159081390709,0.8250671490095556
7,1,700001,0.15443867444992065,98,1,0.30636578387047486,0.34438944601818355,0.3492447701113416,0.43279531318694353
7,2,700002,0.15784494578838348,243,1,0.3172405226645913,0.3256002101738661,0.35715926716154256,1.0719236703589559
7,3,700003,0.15544617176055908,227,1,0.318070445619161,0.3299960537438319,0.35193350063700707,1.0050449869595468
7,4,700004,0.1560448408126831,90,1,0.33004112240759,0.33145803722671624,0.3385008403656937,0.3990790913812816
7,5,700005,0.15685874223709106,158,1,0.3050335102003577,0.3364342772470301,0.3585322125526122,0.6994824949651957
7,6,700006,0.15553727746009827,130,1,0.3076386988127155,0.31632595856101253,0.376035342626272,0.5757565386593342
7,7,700007,0.1547679752111435,91,1,0.3245306538363876,0.32614103413896317,0.34932831202464926,0.4033833188004792
7,8,700008,0.15568044781684875,143,1,0.3272413690760814,0.33628917813444315,0.3364694527894755,0.6326738349162042
7,9,700009,0.15838758647441864,115,1,0.32234647249767234,0.32754585736537384,0.35010767013695376,0.5093494430184364
7,10,700010,0.15318737924098969,130,1,0.3215176487788041,0.3249120886247792,0.3535702625964167,0.57557556591928
7,11,700011,0.1532590687274933,144,1,0.31704266023833627,0.33888667209689105,0.3440706676647727,0.638057071249932
7,12,700012,0.15796655416488647,171,1,0.31311399184147265,0.3226113883017138,0.36427461985681353,0.7563310358673334
7,13,700013,0.1528950333595276,235,1,0.32870994797317427,0.3294288481219008,0.3418612039049249,1.0406077653169632
7,14,700014,0.15475603938102722,204,1,0.30996248308551066,0.34102798324325095,0.3490095336712384,0.9026189232245088
7,15,700015,0.15632401406764984,83,1,0.3125885571761954,0.338833908783223,0.34857753404058156,0.3678986830636859
7,16,700016,0.1548641175031662,141,1,0.31880033812490177,0.33614737672896033,0.3450522851461379,0.624773234128952
7,17,700017,0.158441424369812,113,1,0.3239447612075324,0.3333597149901673,0.3426955238023003,0.5003865268081427
7,18,700018,0.15541477501392365,147,1,0.3034209314263792,0.34648019232227834,0.35009887625134245,0.6511943489313126
7,19,700019,0.15514378249645233,135,1,0.29960218659965726,0.33689815471302803,0.3634996586873147,0.5980257471092045
7,20,700020,0.1550540179014206,119,1,0.3212032673681989,0.3379171462082414,0.3408795864235597,0.526167273055762
7,21,700021,0.15622946619987488,92,1,0.32182213706809654,0.3383557412531067,0.3398221216787967,0.4079392468556762
7,22,700022,0.15800897777080536,322,1,0.3100581165915339,0.3352405072752915,0.3547013761331746,1.4246729668229818
7,23,700023,0.15366128087043762,103,1,0.32389529560096864,0.3328144940822646,0.34329021031676676,0.45453695487231016
7,24,700024,0.15374304354190826,173,1,0.306126150487566,0.33526359122502125,0.3586102582874128,0.7622921620495617
7,25,700025,0.15326480567455292,179,1,0.3140329528878571,0.33186805214334475,0.3540989949687982,0.7887454107403755
7,26,700026,0.15555714070796967,150,1,0.31753182012546677,0.3274436284451421,0.35502455142939116,0.661450793966651
7,27,700027,0.15904895961284637,303,1,0.316643637678722,0.33224948693173634,0.35110687538954166,1.334660142660141
7,28,700028,0.1554085910320282,78,1,0.3291573369036509,0.3322439907532293,0.33859867234311986,0.3442180906422436
7,29,700029,0.15425844490528107,190,1,0.28851419607946593,0.33343885996066935,0.3780469439598647,0.8373783705756068
7,30,700030,0.15520434081554413,109,1,0.33012906126370334,0.33481400382314175,0.33505693491315486,0.4812580980360508
7,31,700031,0.15313325822353363,115,1,0.31442428079756146,0.32545181335417483,0.3601239058482637,0.5093367490917444
7,32,700032,0.1544678509235382,90,1,0.3224662891891268,0.3329837763802828,0.3445499344305904,0.39903039392083883
7,33,700033,0.15602725744247437,127,1,0.3195082459166142,0.3369036508915351,0.3435881031918507,0.5626238849945366
7,34,700034,0.15791279077529907,110,1,0.31742629349813073,0.33611000271511215,0.34646370378675706,0.48744594072923064
7,35,700035,0.15424948930740356,153,1,0.3207591761448265,0.32800643712426747,0.351234386730906,0.677285413723439
7,36,700036,0.15407873690128326,189,1,0.3039870378126089,0.3445433390163819,0.3514696231710092,0.8370853853411973
7,37,700037,0.15355274081230164,144,1,0.3218199385966937,0.32823397891446077,0.3499460824888455,0.6373013872653246
7,38,700038,0.15719354152679443,235,1,0.3252583478707255,0.33339269206120986,0.3413489600680647,1.0402214960195124
7,39,700039,0.15428844094276428,353,1,0.322648762315562,0.32636747669345506,0.350983760990983,1.5620173620991409
7,40,700040,0.1565891057252884,104,1,0.3195588107588794,0.33837003131722515,0.34207115792389553,0.4606084921397269
7,41,700041,0.15603139996528625,152,1,0.32928374900931384,0.3295167869780142,0.341199464012672,0.6723091048188508
7,42,700042,0.15485979616641998,143,1,0.3052313726266127,0.3393197709632493,0.355448856410138,0.6330418032594025
7,43,700043,0.15508875250816345,93,1,0.28927156947774213,0.3374675588063619,0.37326087171589595,0.41201192094013095
7,44,700044,0.15576644241809845,124,1,0.32778878845538695,0.33319922657776047,0.33901198496685253,0.5486415987834334
7,45,700045,0.1562330275774002,115,1,0.31125738274177966,0.33810841322028795,0.35063420403793244,0.5072882161475718
7,46,700046,0.15434591472148895,90,1,0.3257354161651404,0.33187794526465747,0.34238663857020213,0.39703477220609784
7,47,700047,0.156491219997406,163,1,0.30276248924123056,0.31967423050752813,0.3775632802512413,0.7184914872050285
7,48,700048,0.15371103584766388,105,1,0.3062360740577077,0.3330684175292919,0.36069550841300047,0.46273418003693223
7,49,700049,0.15595515072345734,219,1,0.31620284416245387,0.3239447612075324,0.3598523946300137,0.9650762830860913
8,0,800000,0.15724444389343262,100,1,0.30042551414001845,0.3245141653008663,0.37506032055911526,0.4422588269226253
8,1,800001,0.1542239636182785,482,1,0.32583214890686507,0.33087324383356254,0.3432946072595724,2.1327469600364566
8,2,800002,0.1534915566444397,150,1,0.3263454919794267,0.3296431990836771,0.3440113089368962,0.6645466960035264
8,3,800003,0.15434561669826508,96,1,0.3297135501685678,0.3315569684398438,0.3387294813915884,0.42537737218663096
8,4,800004,0.15159673988819122,236,1,0.3289660698916044,0.3349382174574019,0.33609571265099375,1.0444678468629718
8,5,800005,0.15757937729358673,129,1,0.31446934946131955,0.32952228315652127,0.3560083673821592,0.5715656778775156
8,6,800006,0.154032900929451,117,1,0.30378587767924964,0.3479278857410443,0.34828623657970614,0.5180010870099068
8,7,800007,0.15559804439544678,105,1,0.3233753571141985,0.33222860145340943,0.34439604143239205,0.46516280621290207
8,8,800008,0.1561048924922943,131,1,0.3255232636747669,0.3257804848288985,0.3486962514963346,0.5797926411032677
8,9,800009,0.15581850707530975,101,1,0.3093974759349824,0.32577388941469,0.3648286346503276,0.4475109283812344
8,10,800010,0.15736554563045502,184,1,0.3269214914869691,0.32754585736537384,0.345532651147657,0.814212953671813
8,11,800011,0.1516912579536438,109,1,0.30276468771263343,0.3275370634797625,0.36969824880760405,0.48339157504960895
8,12,800012,0.15608365833759308,136,1,0.3174889499331115,0.3411280136920799,0.3413830363748086,0.6021554358303547
8,13,800013,0.15473529696464539,148,1,0.3281097652802007,0.3352196217969646,0.33667061292283473,0.6550850821658969
8,14,800014,0.1572200208902359,89,1,0.32847581076877247,0.33326188301274123,0.3382623062184863,0.39362523471936584
8,15,800015,0.15407580137252808,130,1,0.3146606164733661,0.33864374100687794,0.346695642519756,0.5755929970182478
8,16,800016,0.15674558281898499,90,1,0.3088005909491131,0.3306237173293409,0.360575691721546,0.3989474857226014
8,17,800017,0.15648020803928375,101,1,0.3156411347190299,0.3387261836844842,0.34563268159648597,0.4479819657281041
8,18,800018,0.1577441394329071,246,1,0.324128333569669,0.3278657349544861,0.34800593147584485,1.088537701871246
8,19,800019,0.15691201388835907,98,1,0.30642514259835135,0.3375511007196696,0.356023756681979,0.4342948258854449
8,20,800020,0.15460105240345,76,1,0.3307127554211557,0.33086115224084695,0.33842609233799736,0.337062266189605
8,21,800021,0.15618561208248138,54,1,0.3276206053930702,0.33064460280766783,0.34173479179926197,0.23965594545006752
8,22,800022,0.15578420460224152,64,1,0.3230214032183423,0.33457217196883005,0.3424064248128276,0.2840109560638666
8,23,800023,0.1558551788330078,138,1,0.32981248138169533,0.3299421911944625,0.3402453274238422,0.6112280068919063
8,24,800024,0.15703344345092773,117,1,0.3209097714359206,0.3380457567853072,0.34104447177877223,0.5181694086641073
8,25,800025,0.15179258584976196,109,1,0.3123324352577653,0.33789186378710884,0.3497757009551259,0.48271939903497696
8,26,800026,0.15387886762619019,99,1,0.2978774857841343,0.3445026672954295,0.35761984692043625,0.4385625049471855
8,27,800027,0.1539127230644226,328,1,0.3104483452655369,0.3174592705691733,0.3720923841652899,1.450663988944143
8,28,800028,0.15581431984901428,104,1,0.2981863710162324,0.3357439572265404,0.3660696717572272,0.46007336070761085
8,29,800029,0.15425728261470795,107,1,0.3159456230083223,0.3420238907887346,0.3420304862029431,0.4728962345980108
8,30,800030,0.15491345524787903,140,1,0.3148936544420664,0.33373455436435046,0.3513717911935831,0.6186860967427492
8,31,800031,0.156017005443573,142,1,0.3150959138111271,0.32824936821428063,0.35665471797459225,0.6285914788022637
8,32,800032,0.15660260617733002,170,1,0.3260585914613569,0.3338093023920468,0.3401321061465963,0.7529132766649127
8,33,800033,0.1526399701833725,121,1,0.3165139278659548,0.3354350719944423,0.34805100013960294,0.536467615980655
8,34,800034,0.15413740277290344,174,1,0.32565297348753414,0.326077278468281,0.34826974804418487,0.7698315409943461
8,35,800035,0.1569676697254181,301,1,0.30903912509632053,0.3400837397757339,0.35087713512794555,1.3314254428260028
8,36,800036,0.1559794396162033,209,1,0.3161401877274731,0.3382414207401594,0.34561839153236756,0.9230932989157736
8,37,800037,0.15477021038532257,89,1,0.30168633748954354,0.31572687510374037,0.3825867874067161,0.3935426608659327
8,38,800038,0.1569521129131317,143,1,0.31445615863290255,0.33525259886800707,0.3502912424990904,0.6333616320043802
8,39,800039,0.15568536520004272,85,1,0.29465012976477456,0.3055446548015165,0.39980521543370895,0.376069282181561
8,40,800040,0.15174223482608795,132,1,0.32128680928150655,0.33639690323318194,0.34231628748531145,0.5848540682345629
8,41,800041,0.15331262350082397,78,1,0.30905341516043894,0.3432297523531888,0.34771683248637225,0.34570386493578553
8,42,800042,0.15523087978363037,142,1,0.3174394843265477,0.3239656466858593,0.3585948689875929,0.6287969336844981
8,43,800043,0.15497207641601562,180,1,0.31715148457277653,0.3200051004536546,0.36284341497356887,0.796932834200561
8,44,800044,0.15633460879325867,161,1,0.3210801529696402,0.32878579523657203,0.35013405179378776,0.7124966979026794
8,45,800045,0.15646964311599731,274,1,0.31783410994335637,0.3378094211095026,0.34435646894714106,1.2116078403778374
8,46,800046,0.15472789108753204,173,1,0.30272951217018806,0.3436925305834853,0.3535779572463266,0.7668619309552014
8,47,800047,0.15581077337265015,305,1,0.31711850750173404,0.331494312004863,0.35138718049340295,1.3495652060955763
8,48,800048,0.1574685275554657,211,1,0.3106791847628344,0.3286912609662502,0.3606295542709154,0.9335066550411284
8,49,800049,0.1570425182580948,208,1,0.3239656466858593,0.32748759787319875,0.34854675544094194,0.921027909964323
9,0,900000,0.1565934121608734,166,1,0.31477823469341765,0.3187673610538593,0.3664544042527231,0.7353179170750082
9,1,900001,0.1561121791601181,230,1,0.31403844906636413,0.3379874972931321,0.34797405364050377,1.0188145521096885
9,2,900002,0.1571565419435501,188,1,0.31839911709388463,0.32548588966091874,0.35611499324519663,0.8303065658546984
9,3,900003,0.15573793649673462,93,1,0.3278503456546663,0.33115135046602096,0.34099830387931274,0.41171145671978593
9,4,900004,0.1547718644142151,99,1,0.329935595780254,0.3307556256135109,0.3393087786062351,0.4387256680056453
9,5,900005,0.15784120559692383,59,1,0.31289524393689067,0.3325308912712991,0.35457386479181024,0.2619504230096936
9,6,900006,0.15467262268066406,83,1,0.3151102038752455,0.32644772089965846,0.35844207522509597,0.3680417533032596
9,7,900007,0.153799906373024,106,1,0.32754695660107525,0.3357175755697064,0.33673546782921837,0.4697659220546484
9,8,900008,0.15418864786624908,94,1,0.32091746608583055,0.32530781347728926,0.35377472043688024,0.41664309287443757
9,9,900009,0.15748170018196106,154,1,0.3093985751706838,0.31159264963071176,0.37900877519860443,0.6821671980433166
9,10,900010,0.153049036860466,98,1,0.3183001858807571,0.32824716974287776,0.3534526443763651,0.43460880825296044
9,11,900011,0.15617740154266357,112,1,0.30535558626087284,0.33990236588500017,0.35474204785412705,0.4966452429071069
9,12,900012,0.1560838371515274,97,1,0.320098535488275,0.32664888103301776,0.35325258347870725,0.42951571894809604
9,13,900013,0.154910147190094,114,1,0.3252583478707255,0.3310667093170119,0.34367494281226263,0.5054687983356416
9,14,900014,0.154362291097641,185,1,0.3213197863525491,0.33008399259994525,0.34859622104750565,0.8199537373147905
9,15,900015,0.15677650272846222,134,1,0.31628528684006013,0.32644882013535986,0.35726589302458,0.5942539307288826
9,16,900016,0.15615148842334747,133,1,0.32537486685507566,0.3294596267215405,0.34516550642338384,0.5910696876235306
9,17,900017,0.15763936936855316,81,1,0.3128226943805972,0.33767751282533254,0.3494997927940703,0.35945617873221636
9,18,900018,0.15345951914787292,210,1,0.31733065999210747,0.3364562619610585,0.34621307804683404,0.929353395011276
9,19,900019,0.15499906241893768,173,1,0.3229675406689729,0.32848900159718947,0.34854345773383766,0.7662232853472233
9,20,900020,0.15347860753536224,184,1,0.31703826329553064,0.32127251921738814,0.3616892174870812,0.8158763176761568
9,21,900021,0.15378880500793457,85,1,0.31074733737632226,0.3195390245162538,0.3697136381074239,0.3776288856752217
9,22,900022,0.15611808001995087,173,1,0.32513083652936114,0.3317713194016201,0.34309784406901883,0.7665480701252818
9,23,900023,0.1537018120288849,166,1,0.2989371490003001,0.3218661064961532,0.3791967445035467,0.7355851903557777
9,24,900024,0.15434451401233673,171,1,0.32410854732704353,0.33631995673408277,0.3395714959388737,0.757699039299041
9,25,900025,0.15469975769519806,162,1,0.2971893642350474,0.32794927686779385,0.3748613588971588,0.7182941250503063
9,26,900026,0.15633442997932434,102,1,0.32088558825048946,0.32378537203082697,0.3553290397186836,0.4525102050974965
9,27,900027,0.15600934624671936,232,1,0.3075969278560617,0.3353449346669261,0.35705813747701226,1.0280011761933565
9,28,900028,0.15789997577667236,82,1,0.3205426267116474,0.32727874308992955,0.35217863019842305,0.3637046259827912
9,29,900029,0.15608252584934235,149,1,0.31811661351862053,0.3382678023969934,0.34361558408438614,0.6601080899126828
9,30,900030,0.15329609811306,70,1,0.304454212985711,0.3416644407143713,0.3538813462999177,0.31079413602128625
9,31,900031,0.15796160697937012,140,1,0.3018105511238036,0.3337103711789193,0.3644790776972771,0.6211827537044883
9,32,900032,0.15630371868610382,106,1,0.3242426540826164,0.3302708626691861,0.34548648324819753,0.47030383767560124
9,33,900033,0.1550091952085495,93,1,0.29702997505834194,0.3426141803603954,0.36035584458126263,0.41253314493224025
9,34,900034,0.1573978066444397,173,1,0.31265670978968324,0.3227202126361541,0.3646230775741627,0.7665506559424102
9,35,900035,0.1561874896287918,161,1,0.30957555211861193,0.3377225814890906,0.35270186639229745,0.713215016759932
9,36,900036,0.15775679051876068,239,1,0.32411184503414775,0.3325275935641948,0.34336056140165744,1.0585297448560596
9,37,900037,0.15659090876579285,143,1,0.3200369782889957,0.32615312573167876,0.35380989597932555,0.6338277952745557
9,38,900038,0.1578785628080368,148,1,0.32067893193862307,0.3349107365648665,0.34441033149651046,0.6555387186817825
9,39,900039,0.15659797191619873,146,1,0.3183650407871407,0.3193114827260606,0.36232347648679875,0.6469447501003742
9,40,900040,0.15768232941627502,172,1,0.3093447126213144,0.3203865352420462,0.3702687521366394,0.7618717830628157
9,41,900041,0.1565832942724228,141,1,0.3180902318617865,0.33735653600051885,0.3445532321376947,0.6217335001565516
9,42,900042,0.15626060962677002,311,1,0.3283713833771379,0.3330123565085196,0.3386162601143425,1.3763298289850354
9,43,900043,0.15333478152751923,123,1,0.3219298621668354,0.3364408726612386,0.34162926517192593,0.5451305722817779
9,44,900044,0.15670129656791687,159,1,0.32614543108176886,0.32948710761407596,0.34436746130415524,0.7046900573186576
9,45,900045,0.15581274032592773,131,1,0.29545367106251025,0.3391340001297098,0.36541232880777996,0.5813629389740527
9,46,900046,0.15269921720027924,131,1,0.3202502300150705,0.32932332149456484,0.35042644849036464,0.5802680756896734
9,47,900047,0.15603193640708923,206,1,0.3169492252037159,0.3300993818997651,0.35295139289651906,0.9127338896505535
9,48,900048,0.15409469604492188,177,1,0.2997384918266329,0.3452545445151986,0.3550069636581685,0.7832465809769928
9,49,900049,0.15668140351772308,143,1,0.3195445206947609,0.32857913892470564,0.3518763403805334,0.6306022088974714
10,0,1000000,0.15602904558181763,95,1,0.3075518591923036,0.3315305867830098,0.3609175540246866,0.4216424720361829
10,1,1000001,0.1570127308368683,131,1,0.3210548705485076,0.3380028865929519,0.34094224285854047,0.5808396367356181
10,2,1000002,0.15441054105758667,96,1,0.3295365732206397,0.3322187083320967,0.3382447184472636,0.42513276217505336
10,3,1000003,0.1556747555732727,90,1,0.3161171037777433,0.3349525075215203,0.3489303887007364,0.3982507069595158
10,4,1000004,0.15628007054328918,119,1,0.3205492221258559,0.32201999949435156,0.35743077837979254,0.5265776580199599
10,5,1000005,0.15543222427368164,118,1,0.31893774258757884,0.3340247525895245,0.34703750482289664,0.5230538956820965
10,6,1000006,0.15212880074977875,201,1,0.31126397815598816,0.3381721688909701,0.35056385295304177,0.8904817439615726
10,7,1000007,0.15633343160152435,144,1,0.3219485491737595,0.3385008403656937,0.3395506104605468,0.6378864012658596
10,8,1000008,0.15696394443511963,71,1,0.3013345820650901,0.32850439089700934,0.37016102703790055,0.31516772927716374
10,9,1000009,0.15843668580055237,199,1,0.3122016262092967,0.33108539632393597,0.35671297746676733,0.8815029789693654
10,10,1000010,0.15404772758483887,145,1,0.31809243033318935,0.3338741572984304,0.34803341236838026,0.6426856662146747
10,11,1000011,0.15487295389175415,287,1,0.3269401784938932,0.3330552267008749,0.34000459480523193,1.2707609198987484
10,12,1000012,0.15478044748306274,138,1,0.3273545903533273,0.329948786608671,0.3426966230380017,0.6128631150349975
10,13,1000013,0.15548677742481232,175,1,0.32573431692943894,0.32897156607011147,0.3452941170004496,0.7748160758055747
10,14,1000014,0.1542035937309265,147,1,0.3164127981814245,0.3331013946003344,0.35048580721824113,0.6515685599297285
10,15,1000015,0.15502458810806274,190,1,0.31622812658358646,0.3331288754928698,0.35064299792354375,0.8422695551998913
10,16,1000016,0.15849822759628296,201,1,0.3159390275941138,0.3294013672293654,0.3546596051765208,0.8903962927870452
10,17,1000017,0.15386411547660828,168,1,0.32433279141013255,0.3255386529745868,0.35012855561528067,0.7446027118712664
10,18,1000018,0.15320216119289398,162,1,0.318724490861504,0.3322736701171675,0.3490018390213285,0.7174826911650598
10,19,1000019,0.1557370275259018,184,1,0.3138010141548581,0.3374917419917931,0.3487072438533488,0.8155369376763701
10,20,1000020,0.1549743115901947,280,1,0.3222046710921896,0.3296552906763927,0.3481400382314177,1.2399026229977608
10,21,1000021,0.15371356904506683,107,1,0.3127974119594646,0.34335946216595603,0.3438431258745794,0.4745047460310161
10,22,1000022,0.1551494151353836,190,1,0.32822628426455086,0.33506902650587045,0.3367046892295787,0.8417101479135454
10,23,1000023,0.15370671451091766,82,1,0.3178615908358918,0.33031922904004846,0.3518191801240597,0.3635096698999405
10,24,1000024,0.15626831352710724,84,1,0.3093590026854328,0.32386341776562755,0.36677757954893964,0.3726592902094126
10,25,1000025,0.1548021137714386,94,1,0.32312253290287263,0.33765332963990136,0.339224137457226,0.41656002728268504
10,26,1000026,0.15702559053897858,82,1,0.29633196038794224,0.32799654400295475,0.375671495609103,0.36377849290147424
10,27,1000027,0.15445959568023682,199,1,0.3262597515947162,0.33297937943747713,0.34076086896780666,0.8814026401378214
10,28,1000028,0.15695776045322418,88,1,0.3236490668038513,0.3338213939847624,0.34252953921138635,0.38850277615711093
10,29,1000029,0.15597541630268097,171,1,0.3281482385297503,0.3358494838538764,0.33600227761637336,0.7538756839931011
10,30,1000030,0.15211644768714905,348,1,0.3206613441674004,0.33393571449770976,0.34540294133488986,1.5340502480976284
10,31,1000031,0.15668226778507233,117,1,0.3294640236643462,0.33421162265876536,0.33632435367688845,0.5158793162554502
10,32,1000032,0.1573093682527542,123,1,0.32717431569829497,0.3300609086502155,0.3427647756514895,0.5423712688498199
10,33,1000033,0.1534152626991272,203,1,0.3171800647010134,0.3250956609869158,0.3577242743120708,0.8947066678665578
10,34,1000034,0.15449179708957672,242,1,0.2990151947351007,0.3211054353907728,0.3798793698741265,1.0664096348918974
10,35,1000035,0.156840518116951,127,1,0.3121906338522825,0.34306266852657347,0.344746697621144,0.5599683988839388
10,36,1000036,0.1585027575492859,197,1,0.32564198113051995,0.32751178105862994,0.3468462378108501,0.8680914198048413
10,37,1000037,0.1547517627477646,192,1,0.31572357739663615,0.3361627660287802,0.3481136565745837,0.8459110469557345
10,38,1000038,0.15812088549137115,97,1,0.3060217230959314,0.33417095093781296,0.35980732596625564,0.42924441397190094
10,39,1000039,0.15504126250743866,194,1,0.3216495570629741,0.3387745500553465,0.3395758928816794,0.8595894300378859
10,40,1000040,0.15203909575939178,80,1,0.32958493959150204,0.3307556256135109,0.33965943479498706,0.35471079824492335
10,41,1000041,0.15606120228767395,144,1,0.3128062058450759,0.3286330014740751,0.358560792680849,0.6386217935942113
10,42,1000042,0.1558680385351181,123,1,0.32928704671641806,0.33345095155338494,0.337262001730197,0.5456466963514686
10,43,1000043,0.1565847396850586,89,1,0.3206459548675806,0.3371443835101454,0.342209661622274,0.39483960531651974
10,44,1000044,0.15756279230117798,171,1,0.32440753943782885,0.32726445302581114,0.34832800753635995,0.7578144548460841
10,45,1000045,0.15345120429992676,113,1,0.3204195123130887,0.336726673943607,0.34285381374330426,0.5013798801228404
10,46,1000046,0.15723906457424164,164,1,0.3234039372424353,0.3305115952877964,0.3460844674697683,0.7258890923112631
10,47,1000047,0.15628103911876678,162,1,0.3203535581710037,0.32361938743991303,0.3560270543890833,0.7178472089581192
10,48,1000048,0.1560133844614029,180,1,0.29361684820544276,0.3336653025151612,0.37271784927939605,0.7977107129991055
10,49,1000049,0.15777087211608887,108,1,0.31159045115930895,0.3263037210227729,0.3621058278179182,0.4791772458702326
11,0,1100000,0.15526089072227478,107,1,0.31373176230566885,0.33475904203807094,0.3515091956562602,0.4748265352100134
11,1,1100001,0.153437077999115,128,1,0.327345796467716,0.3281757194222857,0.3444784841099983,0.5677637131884694
11,2,1100002,0.15589535236358643,109,1,0.28868347837748415,0.35141026444313267,0.3599062571793832,0.4833295000717044
11,3,1100003,0.1555159091949463,137,1,0.314800219407446,0.3296805730975253,0.3555192074950287,0.6066044750623405
11,4,1100004,0.15595398843288422,66,1,0.3121895346165811,0.33714658198154823,0.35066388340187066,0.2929545040242374
11,5,1100005,0.1545422375202179,74,1,0.318777254175172,0.3279162997967513,0.3533064460280767,0.3281575608998537
11,6,1100006,0.15769517421722412,74,1,0.32246189224632116,0.33244405165088714,0.3450940561027917,0.32832518592476845
11,7,1100007,0.1575496792793274,320,1,0.3147815324005219,0.33528557593904956,0.3499328916604285,1.4172612191177905
11,8,1100008,0.15653355419635773,91,1,0.31421102907148657,0.3320900977550309,0.3536988731734825,0.4037903160788119
11,9,1100009,0.15259434282779694,147,1,0.32725016296169274,0.33427647756514894,0.3384733594731583,0.6515621296130121
11,10,1100010,0.15724961459636688,97,1,0.31060223826373523,0.32672033135360984,0.36267743038265493,0.42997769080102444
11,11,1100011,0.15290814638137817,205,1,0.3240030206997075,0.3354526597656649,0.34054431953462755,0.9090147409588099
11,12,1100012,0.1554790884256363,289,1,0.3161335923132646,0.31971710069988335,0.36414930698685205,1.2808130397461355
11,13,1100013,0.15666960179805756,149,1,0.3252077830284603,0.33189773150728297,0.3428944854642567,0.6606213129125535
11,14,1100014,0.15662892162799835,117,1,0.3106637954630146,0.3264048507073032,0.3629313538296822,0.5172238200902939
11,15,1100015,0.15309777855873108,258,1,0.319576398530102,0.33054896930164457,0.34987463216825343,1.1368014351464808
11,16,1100016,0.1530245542526245,100,1,0.3223860449829234,0.3252583478707255,0.35235560714635117,0.4414012059569359
11,17,1100017,0.15632310509681702,163,1,0.31425499849954325,0.3299300996017469,0.35581490189870985,0.7184037319384515
11,18,1100018,0.15724383294582367,121,1,0.3091996135087274,0.3172383241931885,0.37356206229808414,0.5337362941354513
11,19,1100019,0.15436112880706787,158,1,0.30879069782780033,0.322416823582563,0.36879247858963665,0.6967236432246864
11,20,1100020,0.1571439653635025,107,1,0.3180198807768958,0.32490989015337635,0.3570702290697278,0.473874615970999
11,21,1100021,0.15613628923892975,137,1,0.3042673429164702,0.3225905028233869,0.3731421542601429,0.6076973369345069
11,22,1100022,0.1573416292667389,193,1,0.3248263482400687,0.3262905301943559,0.34888312156557544,0.8548769778572023
11,23,1100023,0.1560133844614029,111,1,0.32515172200768805,0.33476343898087657,0.3400848390114353,0.4919633427634835
11,24,1100024,0.15509097278118134,159,1,0.2923637195058276,0.317938537334991,0.38969774315918143,0.704747658688575
11,25,1100025,0.1532471925020218,86,1,0.3122587864657704,0.32021065752981953,0.36753055600441015,0.3817425318993628
11,26,1100026,0.1529705971479416,204,1,0.3064921959761378,0.3306753814073075,0.3628324226165547,0.9036098290234804
11,27,1100027,0.15133064985275269,148,1,0.31600058479339316,0.3297267409969848,0.35427267420962205,0.6563033177517354
11,28,1100028,0.1572968065738678,110,1,0.3226938309793201,0.3242701349751518,0.35303603404552814,0.487610992975533
11,29,1100029,0.15477457642555237,129,1,0.30575680729189,0.3189806127799341,0.37526257992817597,0.5718285189941525
11,30,1100030,0.15758223831653595,71,1,0.3167040956422999,0.3307248470138713,0.3525710573438288,0.31482248613610864
11,31,1100031,0.15710756182670593,141,1,0.31577524147460273,0.33548563683670746,0.34873912168868987,0.6253042449243367
11,32,1100032,0.15595488250255585,182,1,0.3169129504255691,0.3241920892403512,0.3588949603340797,0.8061996861360967
11,33,1100033,0.15567316114902496,272,1,0.3086225147654836,0.3403849303579221,0.3509925548765943,1.2035294570960104
11,34,1100034,0.1535806804895401,220,1,0.30738037842288257,0.3435870039561493,0.34903261762096816,0.9747696830891073
11,35,1100035,0.15703268349170685,133,1,0.3242151731900809,0.3349865838282642,0.34079824298165484,0.589761471375823
11,36,1100036,0.154026061296463,94,1,0.3080706984433723,0.32766237634972406,0.3642669252069036,0.4172820537351072
11,37,1100037,0.15649636089801788,108,1,0.32092076379293477,0.33916367949364806,0.33991555671341717,0.47904065204784274
11,38,1100038,0.15590769052505493,117,1,0.3278316586477422,0.33348282938872603,0.33868551196353175,0.5183064481243491
11,39,1100039,0.1558411866426468,206,1,0.30948321631969294,0.33627818577742896,0.35423859790287815,0.9129396709613502
11,40,1100040,0.15580184757709503,161,1,0.3114387566325134,0.31841340715800304,0.37014783620948355,0.7136511327698827
11,41,1100041,0.15406474471092224,349,1,0.30685494375760536,0.33005541247170844,0.36308964377068625,1.5462477877736092
11,42,1100042,0.15765340626239777,131,1,0.3059755551964719,0.32029639791453,0.3737280468889981,0.5803609392605722
11,43,1100043,0.15806543827056885,83,1,0.33115464817312523,0.3312590755647598,0.33758627626211496,0.3682884471490979
11,44,1100044,0.15308789908885956,198,1,0.31475075380088224,0.33078420574174777,0.35446504045737,0.8767593861557543
11,45,1100045,0.15679346024990082,70,1,0.31416815887913135,0.31938732998945835,0.36644451113141036,0.3107905578799546
11,46,1100046,0.1585026979446411,171,1,0.320581099961197,0.33192411316411696,0.34749478687468605,0.7578186178579926
11,47,1100047,0.15626920759677887,78,1,0.30539735721752664,0.32520448532135604,0.36939815746111726,0.3461944400332868
11,48,1100048,0.15570983290672302,142,1,0.3178615908358918,0.33008509183564666,0.3520533173284615,0.6294529279693961
11,49,1100049,0.15105682611465454,155,1,0.3114849245319729,0.33556917875001513,0.35294589671801196,0.6865219241008162
12,0,1200000,0.15633700788021088,93,1,0.3247658902764908,0.33299257026589413,0.3422415394576151,0.41258656699210405
12,1,1200001,0.1552635282278061,144,1,0.31994574172577805,0.3248999970320636,0.3551542612421583,0.6386735080741346
12,2,1200002,0.15527896583080292,146,1,0.30089598702022485,0.31780552981511956,0.3812984831646556,0.6475048088468611
12,3,1200003,0.15715175867080688,224,1,0.32045358861983264,0.32722597977626156,0.3523204316039058,0.9919943981803954
12,4,1200004,0.1562051624059677,141,1,0.3193268720258804,0.33549113301521455,0.34518199495890506,0.6249268469400704
12,5,1200005,0.15287593007087708,169,1,0.30146758958496156,0.3421546998372032,0.35637771057783524,0.7484241067431867
12,6,1200006,0.15644431114196777,92,1,0.31238739704283613,0.32045468785553405,0.3671579151016298,0.40818993281573057
12,7,1200007,0.15753526985645294,135,1,0.2888318751971754,0.34152593701599276,0.36964218778683183,0.5987167940475047
12,8,1200008,0.1545538306236267,149,1,0.31781322446502946,0.3387085959132615,0.343478179621709,0.6605675062164664
12,9,1200009,0.15814201533794403,301,1,0.31025597901778895,0.326823659509543,0.36292036147266804,1.3328058426268399
12,10,1200010,0.15559233725070953,94,1,0.32099990876343676,0.3366925976368631,0.34230749359970014,0.41683014994487166
12,11,1200011,0.1540919542312622,118,1,0.3141274871581789,0.3286132152314496,0.3572592976103715,0.5235961233265698
12,12,1200012,0.15669356286525726,198,1,0.3096349108464884,0.3102120095897323,0.3801530795637793,0.8773454278707504
12,13,1200013,0.1549690216779709,152,1,0.3250374014947407,0.33174493774478603,0.3432176607604732,0.6734731788747013
12,14,1200014,0.15212011337280273,193,1,0.32563648495201286,0.3362496056491921,0.33811390939879504,0.8547062920406461
12,15,1200015,0.1554434597492218,165,1,0.3290869858187602,0.33271776134053993,0.33819525284069984,0.7309548589400947
12,16,1200016,0.15706540644168854,89,1,0.3150431504974591,0.3219078774528071,0.3630489720497338,0.39499201299622655
12,17,1200017,0.15726915001869202,233,1,0.32042061154879015,0.3281361469370347,0.3514432415141752,1.0322025367058814
12,18,1200018,0.15555639564990997,120,1,0.3109748791665155,0.33190872386429715,0.35711639696918734,0.5323106762953103
12,19,1200019,0.15723896026611328,136,1,0.3130150606283451,0.33575385034785316,0.35123108902380173,0.6026713065803051
12,20,1200020,0.15780134499073029,115,1,0.3034583054402274,0.3293551993299059,0.3671864952298667,0.5103872790932655
12,21,1200021,0.15581899881362915,128,1,0.3157345697536503,0.3325682652851472,0.35169716496120246,0.5668352358043194
12,22,1200022,0.15610165894031525,108,1,0.3008432237065568,0.32257621275926845,0.3765805635341747,0.47751619340851903
12,23,1200023,0.1555960476398468,137,1,0.28821190626157633,0.3422470356361222,0.3695410581023015,0.6045011840760708
12,24,1200024,0.15483780205249786,170,1,0.3104956124006978,0.3327705246542079,0.3567338629450943,0.749504619743675
12,25,1200025,0.1577811986207962,454,1,0.31003393340610275,0.3364859413249967,0.35348012526890055,2.0033734617754817
12,26,1200026,0.15330153703689575,113,1,0.32139013743743977,0.33597699519524077,0.3426328673673195,0.5008058748207986
12,27,1200027,0.15574030578136444,66,1,0.32073169525229106,0.33134481594947035,0.3479234887982386,0.29293786408379674
12,28,1200028,0.1558547168970108,350,1,0.3066955545808999,0.32640045376449756,0.3669039916546026,1.5499268840067089
12,29,1200029,0.1575748175382614,88,1,0.3163622333391593,0.32694237696529604,0.3566953896955447,0.3904017540626228
12,30,1200030,0.1558186411857605,183,1,0.32586952292071325,0.3335894552517634,0.3405410218275233,0.81106813903898
12,31,1200031,0.15430116653442383,111,1,0.3044069458505501,0.3442751255052362,0.3513179286442137,0.49257287895306945
12,32,1200032,0.15628287196159363,256,1,0.3222893122411987,0.3274963917588101,0.3502142959999912,1.1344466591253877
12,33,1200033,0.15716010332107544,140,1,0.30609866959503057,0.34123683802652016,0.35266449237844927,0.6207677889615297
12,34,1200034,0.155124694108963,141,1,0.32169682419813506,0.33374554672136464,0.3445576290805003,0.6251145377755165
12,35,1200035,0.15720048546791077,132,1,0.3222101672706967,0.3356153466494746,0.3421744860798287,0.5854701669886708
12,36,1200036,0.1534292846918106,206,1,0.31554879892011084,0.3280537042594284,0.35639749682046074,0.9125835620798171
12,37,1200037,0.1574641317129135,174,1,0.3249252794531962,0.3270006364574711,0.3480740840893327,0.7716126390732825
12,38,1200038,0.1573161631822586,103,1,0.318268308045416,0.3367046892295787,0.3450270027250053,0.45685004303231835
12,39,1200039,0.1559571474790573,176,1,0.32569254597278513,0.32775691062004586,0.346550543407169,0.7798662087880075
12,40,1200040,0.15312887728214264,196,1,0.3172910875068565,0.336990490511947,0.34571842198119646,0.8685745419934392
12,41,1200041,0.15501469373703003,170,1,0.31705804953815614,0.3359451173598997,0.34699683310194424,0.7534679537639022
12,42,1200042,0.15626096725463867,201,1,0.3119499012336722,0.3265081788632364,0.36154191990309137,0.8909655790776014
12,43,1200043,0.1573365181684494,173,1,0.3211845803612748,0.32832301700627553,0.3504924026324497,0.7671073111705482
12,44,1200044,0.15765388309955597,274,1,0.32264656384415913,0.3267456137747424,0.35060782238109844,1.213473441079259
12,45,1200045,0.15739378333091736,157,1,0.32283453314910143,0.33492392739328347,0.3422415394576151,0.6965184472501278
12,46,1200046,0.1553204357624054,349,1,0.3224783807818424,0.3239260742006083,0.3535955450175493,1.5443245503120124
12,47,1200047,0.15678556263446808,79,1,0.31056156654278283,0.32823068120735654,0.3612077522498607,0.350566313136369
12,48,1200048,0.1568896770477295,238,1,0.3184035140366903,0.33470847719580576,0.346888008767504,1.0539196226745844
12,49,1200049,0.15733954310417175,122,1,0.3187486740469352,0.33913619860111266,0.3421151273519522,0.5408912696875632
13,0,1300000,0.15643472969532013,141,1,0.3195445206947609,0.33238689139441346,0.3480685879108256,0.623367025051266
13,1,1300001,0.15377047657966614,147,1,0.3112342987920499,0.33235391432337097,0.35641178688457914,0.6516263200901449
13,2,1300002,0.15618781745433807,104,1,0.31685029399058834,0.33609461341529234,0.3470550925941193,0.46115020010620356
13,3,1300003,0.15624287724494934,108,1,0.32407886796310525,0.33524380498239575,0.340677327054499,0.47904322389513254
13,4,1300004,0.1549534797668457,105,1,0.2973740358328854,0.3442168660130611,0.3584090981540535,0.46547038201242685
13,5,1300005,0.15617184340953827,111,1,0.3238854024796559,0.3254814927181131,0.35063310480223103,0.49235617741942406
13,6,1300006,0.15031662583351135,104,1,0.31214116824571875,0.3299564812585809,0.35790235049570035,0.4613457079976797
13,7,1300007,0.1561996340751648,196,1,0.3063547915134607,0.3291969093889019,0.36444829909763743,0.8677033451385796
13,8,1300008,0.15051545202732086,152,1,0.2995582171716006,0.3370135744616768,0.3634282083667226,0.6738441968336701
13,9,1300009,0.15629743039608002,157,1,0.29748945558153417,0.3330299442797423,0.3694806001387235,0.6957575031556189
13,10,1300010,0.15601667761802673,226,1,0.32428662351067306,0.3335608751235266,0.34215250136580033,1.0012422329746187
13,11,1300011,0.1559550017118454,109,1,0.3108935357246107,0.34229430277128314,0.3468121615041062,0.4833029261790216
13,12,1300012,0.15693368017673492,101,1,0.3151233947036625,0.3367222770008013,0.3481543282955361,0.4481418700888753
13,13,1300013,0.1532520055770874,172,1,0.3098030939088052,0.329202405567409,0.3609945005237858,0.7616840568371117
13,14,1300014,0.15513527393341064,233,1,0.3260563929899541,0.33368948570059237,0.34025412130945354,1.0314152278006077
13,15,1300015,0.15551961958408356,123,1,0.3044168389718629,0.33195269329235383,0.36363046773578334,0.5451277908869088
13,16,1300016,0.15836724638938904,121,1,0.3048246554170885,0.3401090221968665,0.35506632238604496,0.536732966080308
13,17,1300017,0.15492762625217438,200,1,0.3275799336721178,0.33291782223819777,0.33950224408968444,0.8861744599416852
13,18,1300018,0.15659797191619873,313,1,0.31299087744291393,0.3194972535596,0.36751186899748606,1.3866150472313166
13,19,1300019,0.15689964592456818,170,1,0.3075386683638866,0.3305841448440899,0.3618771867920235,0.7536133853718638
13,20,1300020,0.15613873302936554,210,1,0.32434268453144527,0.3371322919174298,0.3385250235511249,0.9302462618798018
13,21,1300021,0.15265189111232758,105,1,0.31947526884557165,0.3395066410324901,0.34101809012193823,0.46579509833827615
13,22,1300022,0.15720252692699432,243,1,0.3034132367764693,0.3383238634177656,0.35826289980576503,1.075796091929078
13,23,1300023,0.15673479437828064,105,1,0.31131674146965616,0.3257947748930169,0.36288848363732695,0.4657992501743138
13,24,1300024,0.15642499923706055,190,1,0.3329002344669751,0.33350261563135153,0.3335971499016734,0.8417886532843113
13,25,1300025,0.15793471038341522,104,1,0.30897976636844404,0.3424624858335999,0.34855774779795606,0.4615088067948818
13,26,1300026,0.15722405910491943,90,1,0.3199732226183135,0.3387525653413182,0.34127421204036834,0.39933078829199076
13,27,1300027,0.1551804393529892,143,1,0.2994834691439042,0.3427142108092244,0.3578023200468714,0.6336581250652671
13,28,1300028,0.15710142254829407,100,1,0.3110518256656147,0.33295409701634454,0.3559940773180408,0.4434988973662257
13,29,1300029,0.157713383436203,235,1,0.31946647495996033,0.32881987154331593,0.35171365349672373,1.0408470048569143
13,30,1300030,0.1568484753370285,89,1,0.28953318757467933,0.34097412069388155,0.3694926917314391,0.3948273630812764
13,31,1300031,0.15437760949134827,219,1,0.3214110229157667,0.32503959996614357,0.3535493771180898,0.9704438289627433
13,32,1300032,0.15155714750289917,84,1,0.31442428079756146,0.33899219872422703,0.3465835204782115,0.3727842438966036
13,33,1300033,0.15551717579364777,100,1,0.3199864134467305,0.3213604580735015,0.358653128479768,0.4438754850998521
13,34,1300034,0.1551191508769989,113,1,0.32911446671129563,0.3309611826896759,0.3399243505990285,0.5010822480544448
13,35,1300035,0.15572547912597656,117,1,0.31625560747612186,0.335233911861083,0.34851048066279516,0.5184067818336189
13,36,1300036,0.15372267365455627,224,1,0.2919932770744501,0.3529019272899553,0.35510479563559455,0.9918465977534652
13,37,1300037,0.15361404418945312,81,1,0.3137075791202377,0.3422470356361222,0.3440453852436401,0.3593696169555187
13,38,1300038,0.15452879667282104,132,1,0.3315712585039622,0.33396759233305084,0.33446114916298697,0.5849204328842461
13,39,1300039,0.1535564512014389,165,1,0.32392167725780263,0.3276590786426198,0.3484192440995776,0.731013901066035
13,40,1300040,0.15642841160297394,129,1,0.309151247137865,0.32331379991491915,0.3675349529472158,0.5721829500980675
13,41,1300041,0.1576850414276123,126,1,0.3260530952828498,0.32645431631386695,0.3474925884032832,0.558002210687846
13,42,1300042,0.15800854563713074,122,1,0.31607093587828383,0.316458966080884,0.3674700980408322,0.5408199629746377
13,43,1300043,0.1541268676519394,160,1,0.2966243570845191,0.3454919794267046,0.35788366348877626,0.7087765149772167
13,44,1300044,0.15328367054462433,234,1,0.31709432431630286,0.32702152193579803,0.3558841537478991,1.0361608718521893
13,45,1300045,0.15583866834640503,134,1,0.31161023740193444,0.31315686203382787,0.3752329005642377,0.5938678332604468
13,46,1300046,0.1537710726261139,171,1,0.3234676929131175,0.3273216132822848,0.3492106938045977,0.757228631991893
13,47,1300047,0.15382027626037598,98,1,0.306324012913821,0.34576239140925313,0.3479135956769258,0.43457013089209795
13,48,1300048,0.1567753553390503,217,1,0.33056106089436016,0.3322505861674378,0.33718835293820204,0.9610278503969312
13,49,1300049,0.15476365387439728,146,1,0.3165853781865469,0.3313085411713236,0.3521060806421295,0.6472224360331893
14,0,1400000,0.15717990696430206,212,1,0.3010982463892855,0.34232947831372845,0.356572275296986,0.9394412240944803
14,1,1400001,0.15435439348220825,108,1,0.3164886454448222,0.3351613623047895,0.3483499922503883,0.4789596414193511
14,2,1400002,0.15291927754878998,173,1,0.31216754990255274,0.3358967509890373,0.35193569910840994,0.7659985818900168
14,3,1400003,0.15518973767757416,134,1,0.31471008207992984,0.32879898606498903,0.3564909318550812,0.5938857537694275
14,4,1400004,0.1560043841600418,410,1,0.32772063584189914,0.3319922657776048,0.34028709838049603,1.8138220594264567
14,5,1400005,0.15514978766441345,180,1,0.3088368657272598,0.33372356200733627,0.35743957226540385,0.795815990306437
14,6,1400006,0.1581665724515915,148,1,0.3274304376167251,0.33028625196900596,0.34228331041426896,0.6559007330797613
14,7,1400007,0.15746234357357025,60,1,0.2998209345042392,0.34849619059867676,0.35168287489708405,0.2666083029471338
14,8,1400008,0.1550096720457077,100,1,0.3011620020599677,0.3396429462594658,0.3591950516805665,0.44346045702695847
14,9,1400009,0.15409572422504425,117,1,0.3197566731851344,0.33816117653395594,0.34208215028090966,0.5192084601148963
14,10,1400010,0.15561820566654205,225,1,0.3177901405152997,0.3339335160263069,0.34827634345839337,0.9964952287264168
14,11,1400011,0.1542992889881134,89,1,0.30726056173142813,0.32861211599574813,0.3641273222728237,0.39479981269687414
14,12,1400012,0.15668036043643951,224,1,0.3044311290359813,0.3361187966007235,0.3594500743632952,0.9915160229429603
14,13,1400013,0.1561286300420761,83,1,0.3064680127907066,0.3449863310040529,0.3485456562052405,0.3682929207570851
14,14,1400014,0.15460193157196045,166,1,0.31728998827115507,0.33371366888602355,0.3489963428428214,0.7357903039082885
14,15,1400015,0.15656015276908875,135,1,0.315309165537202,0.3358362930254594,0.3488545414373386,0.5983224748633802
14,16,1400016,0.15616679191589355,101,1,0.30067613987994146,0.345830544022741,0.35349331609731754,0.4479149142280221
14,17,1400017,0.15286622941493988,178,1,0.31627319524734454,0.3307929996273591,0.3529338051252964,0.7885217661969364
14,18,1400018,0.1551285982131958,113,1,0.3252088822641617,0.32643123236413724,0.34835988537170104,0.5006359489634633
14,19,1400019,0.15604454278945923,88,1,0.3157037911540106,0.3313305258853519,0.35296568296063746,0.3905042647384107
14,20,1400020,0.15648944675922394,78,1,0.3221574039570287,0.3301642368061487,0.34767835923682266,0.3462132723070681
14,21,1400021,0.15556983649730682,313,1,0.30999436092085175,0.3262795378373417,0.3637261012418066,1.38608234282583
14,22,1400022,0.153669536113739,145,1,0.31505194438307044,0.32591129387736706,0.3590367617395625,0.6416999329812825
14,23,1400023,0.158686101436615,289,1,0.314787028579029,0.33760166556193477,0.3476113058590362,1.278492724057287
14,24,1400024,0.157645121216774,78,1,0.3296102220126346,0.33029394661891587,0.3400958313684495,0.34620793303474784
14,25,1400025,0.15696752071380615,95,1,0.32779318539819263,0.33574175875513756,0.3364650558466698,0.42124906834214926
14,26,1400026,0.15584048628807068,265,1,0.31911362029980556,0.3232577388941469,0.35762864080604756,1.1734552728012204
14,27,1400027,0.15681108832359314,105,1,0.3304071678961618,0.33272765446185265,0.33686517764198554,0.4654688499867916
14,28,1400028,0.15366493165493011,148,1,0.3211186262191898,0.32615752267448445,0.35272385110632576,0.6557755400426686
14,29,1400029,0.1555633544921875,241,1,0.30431131234452685,0.3265917207765441,0.36909696687892907,1.0669703120365739
14,30,1400030,0.15758702158927917,232,1,0.3314085716201525,0.3319658841207708,0.33662554425907665,1.0276143862865865
14,31,1400031,0.1560405194759369,180,1,0.3199809172682234,0.32147258011504604,0.3585465026167306,0.7979763252660632
14,32,1400032,0.1559758335351944,148,1,0.3309315033257376,0.331217304608106,0.3378511920661564,0.6556749059818685
14,33,1400033,0.15294574201107025,76,1,0.2940378554790854,0.3503110287417159,0.3556511157791987,0.33702470175921917
14,34,1400034,0.15538211166858673,138,1,0.3132118238188987,0.33874377145570683,0.34804440472539444,0.6110199489630759
14,35,1400035,0.15509137511253357,87,1,0.3226366707228464,0.33318823422074634,0.34417509505640725,0.38588853273540735
14,36,1400036,0.15640714764595032,108,1,0.32047337486245814,0.33066438905029333,0.34886223608724853,0.4784442246891558
14,37,1400037,0.15290336310863495,356,1,0.31622372964078077,0.33995293072726535,0.3438233396319539,1.5761728421784937
14,38,1400038,0.15510477125644684,304,1,0.3005805063739182,0.3491678236122424,0.3502516700138394,1.3463080772198737
14,39,1400039,0.15531069040298462,399,1,0.3156048599408831,0.3348085076446347,0.34958663241448223,1.7659938992001116
14,40,1400040,0.15628597140312195,148,1,0.3271633233412808,0.3296497944978856,0.3431868821608336,0.6557020819745958
14,41,1400041,0.15436570346355438,128,1,0.3167744467271906,0.3206228709178508,0.36260268235495857,0.5669791498221457
14,42,1400042,0.15536874532699585,247,1,0.31023179583235777,0.3312513809148499,0.3585168232527923,1.0933615798130631
14,43,1400043,0.1547013372182846,139,1,0.3119279165196439,0.31658427895084545,0.37148780452951063,0.6161195090971887
14,44,1400044,0.1566092073917389,89,1,0.3193180781402691,0.3271160562061199,0.35356586565361103,0.39447325514629483
14,45,1400045,0.15276379883289337,133,1,0.31340968624515375,0.3404080143076519,0.34618229944719436,0.5894312523305416
14,46,1400046,0.15578150749206543,331,1,0.3162248288764822,0.33763244416157445,0.34614272696194337,1.4657327178865671
14,47,1400047,0.15700627863407135,95,1,0.3210471758985977,0.33811610787019786,0.34083671623120443,0.42148107616230845
14,48,1400048,0.15679709613323212,195,1,0.3038364425215148,0.33782151270221816,0.3583420447762671,0.8638726649805903
14,49,1400049,0.1556997150182724,88,1,0.3296706799762125,0.3341478669880832,0.3361814530357043,0.3904782058671117
15,0,1500000,0.15751023590564728,120,1,0.3043871596079246,0.3108825433675965,0.38473029702447886,0.5321310851722956
15,1,1500001,0.15497972071170807,116,1,0.3049565637012585,0.30622178399358924,0.38882165230515225,0.5137375551275909
15,2,1500002,0.15570202469825745,105,1,0.2958713806290486,0.33938572510533427,0.3647428942656171,0.4660240071825683
15,3,1500003,0.1568826138973236,74,1,0.3252682409920382,0.33067977835011314,0.3440519806578486,0.3281541122123599
15,4,1500004,0.15711168944835663,124,1,0.30381335857178504,0.3430099052129055,0.3531767362153095,0.5495298318564892
15,5,1500005,0.1544099748134613,124,1,0.3134063885380495,0.3414885630021446,0.3451050484598059,0.5492955991066992
15,6,1500006,0.1572129875421524,164,1,0.3028251456762113,0.32861871140995663,0.368556142913832,0.7266356940381229
15,7,1500007,0.15486471354961395,68,1,0.32660381236925967,0.3302895496761102,0.34310663795463014,0.30195254692807794
15,8,1500008,0.15504303574562073,121,1,0.3014829788847814,0.33706304006824056,0.361453981046978,0.5366086750291288
15,9,1500009,0.15566639602184296,221,1,0.32201120560874025,0.3268137663882303,0.3511750280030295,0.9790569981560111
15,10,1500010,0.15743979811668396,102,1,0.32512314187945124,0.3362166285781496,0.33866022954239916,0.4523155908100307
15,11,1500011,0.15603746473789215,166,1,0.3190575592790333,0.3210911453266544,0.3598512953943123,0.734947354067117
15,12,1500012,0.15637098252773285,176,1,0.3114046803257695,0.3379885965288335,0.350606723145397,0.7796627278439701
15,13,1500013,0.15574344992637634,139,1,0.3208636035364611,0.33141626627006243,0.3477201301934765,0.6158064366318285
15,14,1500014,0.15450319647789001,107,1,0.32678738473139624,0.3362869796630403,0.33692563560556343,0.47454308019950986
15,15,1500015,0.15341760218143463,93,1,0.303106550015774,0.3416303644076274,0.3552630855765986,0.41258785501122475
15,16,1500016,0.1567658632993698,196,1,0.32441963103054444,0.3325748606993557,0.3430055082700998,0.868492464069277
15,17,1500017,0.15737603604793549,166,1,0.3138109072761709,0.3408993726661852,0.3452897200576439,0.7349044950678945
15,18,1500018,0.1549912840127945,268,1,0.32820649802192536,0.32877150517245357,0.34302199680562107,1.1861947989091277
15,19,1500019,0.15527339279651642,95,1,0.3275546512509852,0.3343732103068736,0.3380721384421412,0.42178752506151795
15,20,1500020,0.15492047369480133,164,1,0.3086038277585595,0.3434979658643345,0.347898206377106,0.7267922069877386
15,21,1500021,0.15481507778167725,304,1,0.3056292959505256,0.3337961115636298,0.3605745924858446,1.3457983741536736
15,22,1500022,0.15553094446659088,77,1,0.30557983034396186,0.3291441460752339,0.36527602358080424,0.3420678321272135
15,23,1500023,0.1554124504327774,103,1,0.30881817872033573,0.34102798324325095,0.35015383803641326,0.45672763930633664
15,24,1500024,0.15742157399654388,113,1,0.30767497359086227,0.32831862006346985,0.36400640634566783,0.5012611672282219
15,25,1500025,0.15427446365356445,119,1,0.321836427132215,0.3348942480293452,0.34326932483843986,0.5277996109798551
15,26,1500026,0.15718695521354675,89,1,0.31941041393918806,0.3245119668294635,0.35607761923134845,0.3947367947548628
15,27,1500027,0.15498249232769012,81,1,0.3248142566473531,0.3289814591914242,0.3462042841612227,0.3592168507166207
15,28,1500028,0.15693925321102142,69,1,0.3223222893122412,0.33086115224084695,0.34681655844691184,0.3053644271567464
15,29,1500029,0.15671329200267792,115,1,0.3249659511741486,0.3286879632591459,0.3463460855667055,0.5072382651269436
15,30,1500030,0.15220528841018677,66,1,0.3106857801770429,0.342976928141863,0.3463372916810941,0.29154561599716544
15,31,1500031,0.15676753222942352,116,1,0.31501896731202794,0.33031483209724277,0.3546662005907293,0.5117941261269152
15,32,1500032,0.15321125090122223,108,1,0.310195521054211,0.328369184905735,0.361435294040054,0.4763085679151118
15,33,1500033,0.15529705584049225,116,1,0.3271050638491057,0.3348348893014687,0.3380600468494256,0.5129722887650132
15,34,1500034,0.15279386937618256,102,1,0.3053094183614133,0.3379896957645349,0.3567008858740518,0.45241803163662553
15,35,1500035,0.1521681696176529,85,1,0.3116014435163231,0.33109748791665156,0.35730106856702537,0.3773702490143478
15,36,1500036,0.15823091566562653,213,1,0.3208537104151484,0.3293881764009484,0.3497581131839032,0.9440217870287597
15,37,1500037,0.1560787558555603,185,1,0.3165732865938313,0.3289825584271256,0.3544441549790431,0.8194864518009126
15,38,1500038,0.1554490476846695,268,1,0.3317867087014399,0.3319889680705006,0.3362243232280595,1.1874899701215327
15,39,1500039,0.1561720222234726,166,1,0.3203139856857527,0.33532404918859915,0.34436196512564815,0.7354872757568955
15,40,1500040,0.1568467915058136,128,1,0.32978170278205565,0.3314910142977588,0.3387272829201856,0.5672899009659886
15,41,1500041,0.157114639878273,269,1,0.31470018895861707,0.34075647202500103,0.3445433390163819,1.191108793951571
15,42,1500042,0.15431272983551025,264,1,0.30774752314715575,0.3358439876753693,0.3564084891774749,1.168753328267485
15,43,1500043,0.1579836755990982,286,1,0.30726056173142813,0.3388361072546259,0.353903331013946,1.2664093379862607
15,44,1500044,0.15518127381801605,127,1,0.32171551120505915,0.33534163695982183,0.342942851835119,0.5632583131082356
15,45,1500045,0.15474078059196472,138,1,0.29335632934420697,0.3439794311015551,0.36266423955423793,0.6119399718008935
15,46,1500046,0.1561788022518158,301,1,0.3307160531282599,0.3317416400376818,0.3375423068340583,1.3342839661054313
15,47,1500047,0.15500503778457642,161,1,0.3111166805719983,0.34152154007318714,0.3473617793548146,0.7138731949962676
15,48,1500048,0.15324664115905762,162,1,0.2836764597575306,0.33831946647496,0.37800407376750944,0.7178185912780464
15,49,1500049,0.15768270194530487,87,1,0.3138702660040474,0.32251575479569056,0.36361397920026206,0.38604105915874243
16,0,1600000,0.15884137153625488,121,1,0.31273695399588664,0.33952203033230993,0.3477410156718034,0.5361770670861006
16,1,1600001,0.1557539999485016,197,1,0.32196393847357935,0.3372663986730027,0.34076966285341803,0.8722543469630182
16,2,1600002,0.155191570520401,153,1,0.3330926007147231,0.3333278371548262,0.3335795621304507,0.6780589167028666
16,3,1600003,0.1559949666261673,114,1,0.3291980086246033,0.3304082671318632,0.3403937242435335,0.5052756681106985
16,4,1600004,0.15766441822052002,156,1,0.3204920618693822,0.32646530867088114,0.35304262945973663,0.6910252752713859
16,5,1600005,0.1513746827840805,254,1,0.3141153955654633,0.33238799063011487,0.35349661380442177,1.124857587274164
16,6,1600006,0.1564926654100418,99,1,0.3065570508825214,0.3289155050493392,0.3645274440681394,0.439036438241601
16,7,1600007,0.1540307104587555,204,1,0.2982050580231565,0.3507749062077138,0.3510200357691297,0.9039594009518623
16,8,1600008,0.15728124976158142,169,1,0.2945149237735003,0.34463897252240516,0.36084610370409453,0.7487067049369216
16,9,1600009,0.15591570734977722,178,1,0.32063716098196926,0.3233632655214829,0.35599957349654787,0.7895742217078805
16,10,1600010,0.1552598923444748,123,1,0.30631851673531396,0.3346864924817774,0.35899499078290864,0.5451373159885406
16,11,1600011,0.1569392830133438,137,1,0.32624985847340343,0.3356681099631426,0.33808203156345396,0.6069584111683071
16,12,1600012,0.15486331284046173,166,1,0.3158455925594934,0.33448643158411956,0.34966797585638704,0.7356215817853808
16,13,1600013,0.15494391322135925,146,1,0.31527179152335383,0.32463288275661933,0.36009532572002684,0.6469496223144233
16,14,1600014,0.15539169311523438,95,1,0.31734714852762874,0.3343204469932056,0.34833240447916564,0.4213184341788292
16,15,1600015,0.15702176094055176,284,1,0.31521682973828297,0.3262993240799672,0.35848384618174983,1.2572527485899627
16,16,1600016,0.15423233807086945,211,1,0.3119608935906864,0.32771074272058637,0.3603283636887272,0.9341333359479904
16,17,1600017,0.15535543859004974,126,1,0.32304118946096777,0.3258805152777274,0.3510782952613048,0.5589948450215161
16,18,1600018,0.15209545195102692,153,1,0.3068384552220841,0.34251195144016366,0.35064959333775225,0.6783834490925074
16,19,1600019,0.15567199885845184,140,1,0.3260783777039824,0.33503275172772373,0.33888887056829387,0.6203413368202746
16,20,1600020,0.1534603089094162,206,1,0.3057908835986339,0.3307721141490322,0.36343700225233394,0.9126914758235216
16,21,1600021,0.1553967297077179,88,1,0.3213340764166675,0.32816033012246587,0.3505055934608667,0.3907755999825895
16,22,1600022,0.15389125049114227,338,1,0.3211043361550714,0.3280965744517837,0.35079908939314497,1.4958051089197397
16,23,1600023,0.1536741554737091,166,1,0.306192104629651,0.3448346364772574,0.3489732588930916,0.7354728681966662
16,24,1600024,0.15298955142498016,92,1,0.31111008515778976,0.3380237720712788,0.35086614277093137,0.40826760698109865
16,25,1600025,0.1566261351108551,253,1,0.309971276971122,0.33544056817294937,0.35458815485592865,1.1205833088606596
16,26,1600026,0.15659627318382263,195,1,0.3218133431824852,0.33744337562093074,0.34074328119658404,0.8637613519094884
16,27,1600027,0.1558154821395874,233,1,0.310796802982886,0.3397880453720528,0.3494151516450612,1.0318737979978323
16,28,1600028,0.1560545414686203,175,1,0.3130678239420131,0.31528278388036796,0.3716493921776189,0.7750869449228048
16,29,1600029,0.1560869663953781,178,1,0.3234709906202218,0.3263784690504692,0.35015054032930903,0.7886954811401665
16,30,1600030,0.15289175510406494,134,1,0.32895837524169447,0.3334014859468212,0.33764013881148436,0.593658349942416
16,31,1600031,0.15601742267608643,55,1,0.3125632747550628,0.31781652217213374,0.36962020307280347,0.24463415006175637
16,32,1600032,0.15820249915122986,102,1,0.3212164581966159,0.3242140739543795,0.35456946784900456,0.45262020267546177
16,33,1600033,0.15462727844715118,161,1,0.3147793339291191,0.3356516214276214,0.34956904464325955,0.7129705189727247
16,34,1600034,0.15608201920986176,81,1,0.30355174047484784,0.3388031301835834,0.35764512934156883,0.3593410011380911
16,35,1600035,0.15591832995414734,262,1,0.3169041565399578,0.3322198075677981,0.35087603589224414,1.1601536120288074
16,36,1600036,0.15424475073814392,273,1,0.32766347558542547,0.32855495573927446,0.3437815686753001,1.208634639158845
16,37,1600037,0.1556394398212433,148,1,0.32952668009932695,0.33058084713698566,0.3398924727636874,0.6561711733229458
16,38,1600038,0.15523605048656464,155,1,0.3179660182275264,0.3210548705485076,0.360979111223966,0.6866205097176135
16,39,1600039,0.1570931077003479,103,1,0.30850929348823763,0.3361682622072873,0.35532244430447507,0.4570814799517393
16,40,1600040,0.15725061297416687,232,1,0.32154073272853384,0.33063470968635505,0.34782455758511105,1.0272465921007097
16,41,1600041,0.15386885404586792,206,1,0.3053544870251714,0.33861186317153685,0.3560336498032918,0.9123961348086596
16,42,1600042,0.15566962957382202,142,1,0.325800271071524,0.3267928809099033,0.3474068480185727,0.6295997258275747
16,43,1600043,0.15619796514511108,334,1,0.31157726033089195,0.32641584306431737,0.3620068966047907,1.4797642775811255
16,44,1600044,0.15564003586769104,160,1,0.32225963287726045,0.3306435035719664,0.3470968635507731,0.709465395193547
16,45,1600045,0.15735669434070587,124,1,0.3125643739907642,0.33505253797034923,0.35238308803888657,0.549789868760854
16,46,1600046,0.1545821577310562,204,1,0.31784510230037055,0.32484943218979845,0.357305465509831,0.9029741301201284
16,47,1600047,0.15403760969638824,131,1,0.3131062971915627,0.34257021093233875,0.34432349187609856,0.580428761895746
16,48,1600048,0.15492670238018036,165,1,0.32667306421844894,0.3361957430998227,0.3371311926817284,0.7311190343461931
16,49,1600049,0.15389490127563477,152,1,0.31757469031782204,0.334672202417659,0.34775310726451897,0.6737412493675947
17,0,1700000,0.1541384607553482,94,1,0.32361389126140594,0.3237490972526802,0.35263701148591386,0.41683104494586587
17,1,1700001,0.15659284591674805,233,1,0.3177604611513615,0.3201106270809906,0.36212891176764794,1.0319119873456657
17,2,1700002,0.15617816150188446,151,1,0.3254814927181131,0.329505794621,0.3450127126608869,0.6691378583200276
17,3,1700003,0.1543266326189041,163,1,0.3164435767810641,0.3330991961289316,0.3504572270900043,0.7228715568780899
17,4,1700004,0.157186359167099,117,1,0.3226498615512634,0.3274315368524265,0.3499186015963101,0.5189631516113877
17,5,1700005,0.1538524031639099,121,1,0.31992485624745115,0.325251752456517,0.35482339129603185,0.5366522893309593
17,6,1700006,0.15385855734348297,110,1,0.30594037965402654,0.3182639111026104,0.3757957092433631,0.4880016930401325
17,7,1700007,0.15426288545131683,138,1,0.319299391133345,0.32767007099963397,0.35303053786702104,0.6111711212433875
17,8,1700008,0.1568429321050644,98,1,0.31923893316976704,0.32259489976619254,0.35816616706404036,0.4349043038673699
17,9,1700009,0.15473902225494385,93,1,0.31917407826338345,0.32768985724225946,0.3531360644943571,0.41255668830126524
17,10,1700010,0.1557845026254654,177,1,0.31880033812490177,0.3303994732462519,0.3508001886288464,0.784226471092552
17,11,1700011,0.15484526753425598,78,1,0.31393622014613237,0.3253374928412275,0.3607262870126401,0.34637347096577287
17,12,1700012,0.15644203126430511,116,1,0.3017918641168795,0.3473870617759472,0.3508210741071733,0.514420588966459
17,13,1700013,0.15489168465137482,117,1,0.32538256150498557,0.3352218202683674,0.339395618226647,0.5189689029939473
17,14,1700014,0.15517091751098633,160,1,0.33134481594947035,0.33398078316146784,0.33467440088906186,0.7083595208823681
17,15,1700015,0.15485431253910065,129,1,0.31737572865586555,0.3312788618073853,0.3513454095367491,0.5715308007784188
17,16,1700016,0.15526814758777618,211,1,0.3062745473072573,0.3157279743394418,0.37799747835330094,0.9345860658213496
17,17,1700017,0.1582821160554886,131,1,0.31763514828139994,0.3227608843571065,0.3596039673614935,0.5806390796788037
17,18,1700018,0.15466421842575073,147,1,0.29523712162933113,0.31675356124886367,0.3880093171218052,0.6514669461175799
17,19,1700019,0.15411674976348877,159,1,0.31713279756585244,0.32325444118704266,0.3596127612471049,0.7049314309842885
17,20,1700020,0.1552227884531021,113,1,0.2937817335606553,0.3512805546303655,0.3549377118089792,0.5012313788756728
17,21,1700021,0.15549251437187195,210,1,0.29774997444276996,0.31966103967911114,0.38258898587811896,0.9302186197601259
17,22,1700022,0.15094277262687683,191,1,0.32359190654737763,0.33791604697254,0.3384920464800824,0.8463925397954881
17,23,1700023,0.15601788461208344,251,1,0.3244207302662459,0.3374444748566322,0.33813479487712195,1.1118275169283152
17,24,1700024,0.15443484485149384,191,1,0.2908731558947064,0.31570489038971206,0.39342195371558153,0.8456954737193882
17,25,1700025,0.1571374386548996,115,1,0.2973872266613024,0.34646370378675706,0.35614906955194053,0.510023461189121
17,26,1700026,0.15506611764431,90,1,0.3265147742774449,0.33037199235371645,0.34311323336883864,0.39911671122536063
17,27,1700027,0.15707632899284363,255,1,0.3122741757655902,0.32946182519294337,0.35826399904146644,1.1291604097932577
17,28,1700028,0.15593735873699188,194,1,0.32201999949435156,0.3273392010535075,0.35064079945214094,0.8594097909517586
17,29,1700029,0.157069131731987,112,1,0.326652178740122,0.3351910416687277,0.33815677959115026,0.49656933499500155
17,30,1700030,0.15518158674240112,188,1,0.326288331722953,0.32692588842977477,0.3467857798472722,0.8331332658417523
17,31,1700031,0.1565130054950714,126,1,0.3169316374324932,0.34050474704937655,0.34256361551813025,0.5587907759472728
17,32,1700032,0.15600137412548065,318,1,0.3060547001669739,0.3195038489738085,0.3744414508592176,1.4078588499687612
17,33,1700033,0.15620733797550201,143,1,0.30545012053119464,0.3421755853155301,0.3523742941532752,0.6333188218995929
17,34,1700034,0.1548018455505371,177,1,0.3208097409870917,0.33086005300514554,0.3483302060077628,0.7833503158763051
17,35,1700035,0.15633685886859894,326,1,0.3161193022491462,0.322087052872138,0.36179364487871585,1.4426572318188846
17,36,1700036,0.15599791705608368,61,1,0.32721498741924737,0.33525149963230566,0.33753351294844697,0.2708497350104153
17,37,1700037,0.15573778748512268,137,1,0.3167018971708971,0.3408740902450526,0.3424240125840503,0.6074889390729368
17,38,1700038,0.15519626438617706,129,1,0.3111177798076997,0.33004222164329144,0.3588399985490089,0.5719397207722068
17,39,1700039,0.15644638240337372,137,1,0.31523002056669996,0.33919445809328774,0.3455755213400123,0.6068760212510824
17,40,1700040,0.15700162947177887,132,1,0.3137614416696071,0.34047067074263265,0.3457678875877602,0.5842926879413426
17,41,1700041,0.1572299301624298,230,1,0.3128501752731326,0.3242492494968249,0.36290057523004254,1.0190813140943646
17,42,1700042,0.1562061309814453,207,1,0.29305403952631737,0.34314071426137405,0.3638052462123086,0.9169915430247784
17,43,1700043,0.15481263399124146,132,1,0.32278836524964194,0.33138109072761707,0.345830544022741,0.5851845960132778
17,44,1700044,0.15261660516262054,114,1,0.31479802093604314,0.33215275419001167,0.35304922487394513,0.5052835182286799
17,45,1700045,0.1563400775194168,225,1,0.3203403673425867,0.3392812977136997,0.3403783349437136,0.995273255277425
17,46,1700046,0.15651512145996094,101,1,0.3268830182374195,0.3351118966982257,0.3380050850643547,0.4479626431129873
17,47,1700047,0.1557752788066864,144,1,0.3246966384273015,0.3338620657057148,0.3414412958669837,0.6382877370342612
17,48,1700048,0.1541266143321991,258,1,0.29727180691265365,0.347178206992678,0.35554998609466837,1.1426713401451707
17,49,1700049,0.152959406375885,154,1,0.3317405408019804,0.3332333028845044,0.33502615631351523,0.6823359788395464
18,0,1800000,0.15605317056179047,188,1,0.3280767882091582,0.3282284827359537,0.3436947290548881,0.8325130180455744
18,1,1800001,0.15415455400943756,92,1,0.3131381750269038,0.34198761601058786,0.34487420896250837,0.40809047408401966
18,2,1800002,0.1558343470096588,101,1,0.31416046422922145,0.3295959319485162,0.3562436038222624,0.4479766800068319
18,3,1800003,0.15771380066871643,299,1,0.31080889457560157,0.34204917320986716,0.3471419322145312,1.3237839448265731
18,4,1800004,0.15630078315734863,98,1,0.3182375294457764,0.3218254347752008,0.35993703577902286,0.4347763638943434
18,5,1800005,0.15629924833774567,476,1,0.3114332604540063,0.3428549129790057,0.34571182656698796,2.1064327633939683
18,6,1800006,0.1562051922082901,91,1,0.31422861684270925,0.34222395168639247,0.3435474314708983,0.40354856196790934
18,7,1800007,0.15337349474430084,139,1,0.32336656322858714,0.3332706768983526,0.34336275987306025,0.6167187700048089
18,8,1800008,0.1584419310092926,99,1,0.32306317417499614,0.32833730707039394,0.3485995187546099,0.4389424263499677
18,9,1800009,0.15499354898929596,139,1,0.31316455668373777,0.3309238086758277,0.3559116346404345,0.6159672639332712
18,10,1800010,0.15628299117088318,134,1,0.32223544969182927,0.33243415852957436,0.34533039177859637,0.5931762768886983
18,11,1800011,0.15495474636554718,161,1,0.3163776226389791,0.3357373618123319,0.347885015548689,0.7132794270291924
18,12,1800012,0.15490823984146118,145,1,0.3177219879018119,0.3349931792424727,0.34728483285571543,0.642406758852303
18,13,1800013,0.15348230302333832,202,1,0.3327991047824448,0.333271776134054,0.33392911908350126,0.8941329130902886
18,14,1800014,0.15592338144779205,188,1,0.32141541985857236,0.3249472641672245,0.3536373159742031,0.8328037839382887
18,15,1800015,0.1572795808315277,109,1,0.320660244931699,0.33920325197889906,0.34013650308940196,0.4830462043173611
18,16,1800016,0.15664657950401306,109,1,0.31131124529114906,0.3351756523689079,0.35351310233994304,0.48303637001663446
18,17,1800017,0.15767978131771088,130,1,0.3067472186588665,0.3153553334366615,0.377897447904472,0.5762030989862978
18,18,1800018,0.15588679909706116,121,1,0.3171097136161227,0.32014250491633167,0.3627477814675456,0.5363163510337472
18,19,1800019,0.15674002468585968,70,1,0.3163567371606522,0.3410873419711275,0.34255592086822034,0.31062537571415305
18,20,1800020,0.15325598418712616,91,1,0.29835675254995203,0.3290661003404333,0.3725771471096147,0.40340185398235917
18,21,1800021,0.1548077017068863,92,1,0.32542213399023656,0.32849889471850224,0.3460789712912612,0.40807097032666206
18,22,1800022,0.15544040501117706,193,1,0.32510445487252715,0.33370157729330796,0.3411939678341649,0.8549562250263989
18,23,1800023,0.15559060871601105,128,1,0.3201315125593175,0.33664313203029933,0.3432253554103832,0.5673075797967613
18,24,1800024,0.1565806269645691,103,1,0.33158884627518487,0.33292002070960064,0.33549113301521455,0.45680704712867737
18,25,1800025,0.15627853572368622,164,1,0.32624985847340343,0.3289418867061732,0.3448082548204234,0.7269781758077443
18,26,1800026,0.15457874536514282,106,1,0.32846701688316116,0.33550762155073577,0.3360253615661031,0.46998544689267874
18,27,1800027,0.15590448677539825,199,1,0.3255375537388854,0.32853187178954474,0.34593057447156994,0.8811501543968916
18,28,1800028,0.15329717099666595,127,1,0.3078871260812357,0.33965833555928565,0.35245453835947865,0.5630143070593476
18,29,1800029,0.15517078340053558,208,1,0.31713169833015104,0.3341357753953676,0.34873252627448137,0.9210106250829995
18,30,1800030,0.1575440913438797,231,1,0.2940059776437443,0.33117663288715354,0.37481738946910215,1.0227904398925602
18,31,1800031,0.15645641088485718,155,1,0.31906745240034606,0.3330860053005146,0.3478465422991394,0.6862759818322957
18,32,1800032,0.15523438155651093,89,1,0.31965114655779836,0.3258673244493104,0.35448152899289126,0.3945471830666065
18,33,1800033,0.15577583014965057,152,1,0.30225574158287744,0.3382809932254104,0.3594632651917122,0.6736818002536893
18,34,1800034,0.155739426612854,114,1,0.2995076523293354,0.3344171797349303,0.3660751679357343,0.504631238989532
18,35,1800035,0.15581727027893066,267,1,0.31626000441892754,0.3332464937129214,0.3504935018681511,1.1824364699423313
18,36,1800036,0.15792396664619446,258,1,0.32262677760153363,0.3294178557648867,0.3479553666335797,1.1427969760261476
18,37,1800037,0.15765666961669922,110,1,0.3116915808438393,0.33580441519011833,0.3525040039660424,0.48791151214390993
18,38,1800038,0.15515370666980743,73,1,0.310182330225794,0.32409315802722366,0.36572451174698234,0.3241003346629441
18,39,1800039,0.15430477261543274,205,1,0.3231203344314698,0.32512094340804837,0.3517587221604818,0.9078350863419473
18,40,1800040,0.15604570508003235,182,1,0.32101639729895803,0.3244855851726295,0.3544980175284125,0.80627007689327
18,41,1800041,0.15506285429000854,94,1,0.320633863274865,0.32877480287955785,0.35059133384557717,0.41690859384834766
18,42,1800042,0.1541750133037567,154,1,0.3109660852809042,0.33494920981441606,0.3540847049046798,0.6821856102906168
18,43,1800043,0.15474025905132294,115,1,0.2970871353148156,0.33034231298977823,0.3725705516954062,0.5098235527984798
18,44,1800044,0.1516684740781784,76,1,0.29970001857708334,0.3389900002528242,0.36130998117009244,0.3373343679122627
18,45,1800045,0.15594612061977386,160,1,0.31088474183899933,0.32012711561651186,0.3689881425444888,0.7083902000449598
18,46,1800046,0.15574267506599426,83,1,0.32121096201810884,0.3305302822947205,0.3482587556871707,0.36864297604188323
18,47,1800047,0.15555933117866516,178,1,0.28430082563593534,0.3344369659775558,0.38126220838650887,0.788324645254761
18,48,1800048,0.15607281029224396,133,1,0.3236116927900031,0.33138109072761707,0.3450072164823798,0.5894714826717973
18,49,1800049,0.15366299450397491,141,1,0.3046092052196108,0.31187185549887164,0.38351893928151753,0.624477167148143
19,0,1900000,0.15322643518447876,118,1,0.32559691246676187,0.3341258822740549,0.3402772052591833,0.5231301109306514
19,1,1900001,0.15443724393844604,120,1,0.32981907679590383,0.3308193812841931,0.3393615419199031,0.5319932317361236
19,2,1900002,0.1556548923254013,117,1,0.30116529976707196,0.33889216827539814,0.35994253195752995,0.5182905429974198
19,3,1900003,0.1544114500284195,143,1,0.3260146220333002,0.32964539755507993,0.3443399804116198,0.6336849620565772
19,4,1900004,0.15711063146591187,197,1,0.3036297862096484,0.3343787064853807,0.36199150730497087,0.8723091268911958
19,5,1900005,0.15560512244701385,321,1,0.3047433119751837,0.3326166316560096,0.36264005636880675,1.4216443323530257
19,6,1900006,0.15584632754325867,159,1,0.3047543043321978,0.3308325721126101,0.36441312355519206,0.7040101201273501
19,7,1900007,0.1548546701669693,77,1,0.2992317441682798,0.35037918135520374,0.35038907447651646,0.3418658240698278
19,8,1900008,0.15851151943206787,84,1,0.31401316664523155,0.34103897560026514,0.3449478577545033,0.3727864217944443
19,9,1900009,0.15616002678871155,127,1,0.323223662587403,0.3301587406276416,0.3466175967849554,0.5630880813114345
19,10,1900010,0.15603125095367432,114,1,0.30916443796628207,0.3096481016749054,0.3811874603588125,0.5055584171786904
19,11,1900011,0.15469464659690857,334,1,0.31077371903315626,0.3328738528101411,0.35635242815670265,1.4792228699661791
19,12,1900012,0.15883713960647583,123,1,0.3180374685481185,0.33427537832944754,0.347687153122434,0.5449966960586607
19,13,1900013,0.15762650966644287,200,1,0.3236556622180598,0.33194609787814533,0.34439823990379487,0.8858454287983477
19,14,1900014,0.15284116566181183,152,1,0.31660846213627664,0.3195313298663439,0.36386020799737945,0.6739867581054568
19,15,1900015,0.15582172572612762,131,1,0.3177087970733949,0.332802402489549,0.3494888004370561,0.5808064648881555
19,16,1900016,0.15685692429542542,117,1,0.3270588959496462,0.3286758716664303,0.3442652323839235,0.5188094358891249
19,17,1900017,0.1560884714126587,88,1,0.3164281874812443,0.3300345269933815,0.3535372855253742,0.3903917367570102
19,18,1900018,0.15697593986988068,156,1,0.32280815149226744,0.33753351294844697,0.33965833555928565,0.690558556932956
19,19,1900019,0.15382924675941467,109,1,0.31420003671447244,0.3326001431204883,0.35319982016503926,0.4833245617337525
19,20,1900020,0.1557999551296234,110,1,0.3172174387148616,0.3189971013154554,0.3637854599696831,0.48776194592937827
19,21,1900021,0.15638361871242523,251,1,0.32041071842747737,0.32514512659347955,0.3544441549790431,1.1115682311356068
19,22,1900022,0.15693381428718567,140,1,0.3114717337035559,0.34227011958585196,0.34625814671059213,0.620355037972331
19,23,1900023,0.1565253883600235,130,1,0.29576915170881685,0.33688166617750676,0.36734918211367634,0.5762921362183988
19,24,1900024,0.1542675495147705,153,1,0.309317231728779,0.33219562438236694,0.35848714388885405,0.6773418379016221
19,25,1900025,0.15768951177597046,180,1,0.3128171982020901,0.3424492950051829,0.344733506792727,0.7974889040924609
19,26,1900026,0.1567813754081726,129,1,0.32768765877085665,0.3321934259109641,0.3401189153181793,0.5722123319283128
19,27,1900027,0.15580688416957855,90,1,0.31104303178000337,0.333614737672896,0.3553422305471006,0.39938800409436226
19,28,1900028,0.15672996640205383,141,1,0.32260699135890814,0.33627598730602615,0.3411170213350657,0.6251893090084195
19,29,1900029,0.15421408414840698,206,1,0.29444567192431104,0.3343864011352906,0.37116792694039835,0.912706688977778
19,30,1900030,0.15577071905136108,298,1,0.32619379745263116,0.32797455928892644,0.3458316432584424,1.3193062590435147
19,31,1900031,0.1566578447818756,243,1,0.3291540391965466,0.33075672484921237,0.340089235954241,1.0759925222955644
19,32,1900032,0.1553383618593216,290,1,0.3155839744625562,0.3256002101738661,0.3588158153635777,1.2841035560704768
19,33,1900033,0.15386413037776947,106,1,0.3215825036851877,0.3283461009560053,0.35007139535880705,0.4697993448935449
19,34,1900034,0.1534920483827591,122,1,0.29882502695875557,0.33716636822417373,0.3640086048170707,0.5408262889832258
19,35,1900035,0.15635524690151215,188,1,0.3195928870656233,0.32558262240264346,0.35482449053173326,0.8329959521070123
19,36,1900036,0.15726904571056366,153,1,0.32095703857108154,0.3341324776882634,0.34491048374065514,0.6781395892612636
19,37,1900037,0.15779362618923187,89,1,0.31481670794296723,0.3348579732511984,0.3503253188058343,0.3947129971347749
19,38,1900038,0.15294797718524933,186,1,0.3153641273222728,0.33326847842694973,0.35136739425077745,0.8238603207282722
19,39,1900039,0.15663039684295654,126,1,0.3083136295333854,0.32411294426984916,0.36757342619676536,0.5580905000679195
19,40,1900040,0.1542525738477707,319,1,0.29394442044446495,0.3311843275370635,0.37487125201847155,1.4121683835983276
19,41,1900041,0.15741123259067535,313,1,0.30406838125451374,0.33915488560803675,0.3567767331374495,1.3860787809826434
19,42,1900042,0.15491929650306702,98,1,0.32876820746534935,0.3337763253210043,0.33745546721364633,0.4347665370441973
19,43,1900043,0.15656353533267975,189,1,0.30981848320862504,0.34101918935763964,0.3491623274337353,0.8369411719031632
19,44,1900044,0.15401574969291687,132,1,0.32026452007918893,0.3379874972931321,0.34174798262767897,0.5850875289179385
19,45,1900045,0.15761928260326385,389,1,0.3184727658858795,0.32419648618315683,0.3573307479309636,1.7227020850405097
19,46,1900046,0.1554790437221527,279,1,0.3225850066448798,0.3278877196685145,0.3495272736866057,1.2345414040610194
19,47,1900047,0.15507888793945312,107,1,0.30510496052094976,0.3414676775238177,0.3534273619552325,0.4744629096239805
19,48,1900048,0.15413428843021393,138,1,0.3059854483177846,0.3442465453769994,0.349768006305216,0.6124000661075115
19,49,1900049,0.15686537325382233,100,1,0.31946207801715465,0.32463508122802215,0.35590284075482315,0.4440452829003334
