04:12:03 | INFO  | __init__.py | JAX version 0.6.2 available.
04:12:06 | INFO  | atomic_chec~| [atomic_save] installed crash-safe checkpoint plugin (write to sibling .tmp + fsync + atomic rename)
04:12:06 | INFO  | __init__.py | Cached 'action' from '/home/sicong/.stable_worldmodel/datasets/tworoom.h5'
04:12:06 | INFO  | __init__.py | Cached 'proprio' from '/home/sicong/.stable_worldmodel/datasets/tworoom.h5'
Reusing 50 eval starts from /data/sicong/weitao/le-wm/experiments/real_gauge_drift/results/tworoom_success_rate_baseline_seed0/results.json
[  2536   4965   7607  15311  20375  26096  30928  37783  69493  74356
  82517 114619 161563 161928 237198 248512 255488 276120 283530 363138
 371491 389412 443244 463993 470850 484187 498658 500650 510576 515779
 558639 566730 582236 586573 596088 598107 617757 617986 672002 672169
 704653 749140 751558 779873 783563 789858 795263 840724 861176 893923]
/data/sicong/weitao/le-wm/.venv/lib/python3.10/site-packages/gymnasium/utils/passive_env_checker.py:129: UserWarning: [33mWARN: The obs returned by the `reset()` method was expecting a numpy array, actual type: <class 'torch.Tensor'>[0m
  logger.warn(
/data/sicong/weitao/le-wm/.venv/lib/python3.10/site-packages/gymnasium/spaces/box.py:415: UserWarning: [33mWARN: Casting input x to numpy array.[0m
  gym.logger.warn("Casting input x to numpy array.")
/data/sicong/weitao/le-wm/.venv/lib/python3.10/site-packages/gymnasium/utils/passive_env_checker.py:129: UserWarning: [33mWARN: The obs returned by the `step()` method was expecting a numpy array, actual type: <class 'torch.Tensor'>[0m
  logger.warn(
/data/sicong/weitao/le-wm/.venv/lib/python3.10/site-packages/gymnasium/spaces/box.py:415: UserWarning: [33mWARN: Casting input x to numpy array.[0m
  gym.logger.warn("Casting input x to numpy array.")
/data/sicong/weitao/le-wm/.venv/lib/python3.10/site-packages/lance/__init__.py:320: UserWarning: lance is not fork-safe. If you are using multiprocessing, use spawn or forkserver instead.
  warnings.warn(
/data/sicong/anaconda3/lib/python3.10/subprocess.py:1780: RuntimeWarning: lancedb fork support is experimental: the internal async runtime has been reset in the forked child, but a small chance of deadlock remains if other state was mid-operation at fork time. The 'forkserver' or 'spawn' multiprocessing start method is likely a safer alternative.
  self.pid = _posixsubprocess.fork_exec(
/data/sicong/anaconda3/lib/python3.10/subprocess.py:1780: RuntimeWarning: lancedb fork support is experimental: the internal async runtime has been reset in the forked child, but a small chance of deadlock remains if other state was mid-operation at fork time. The 'forkserver' or 'spawn' multiprocessing start method is likely a safer alternative.
  self.pid = _posixsubprocess.fork_exec(
/data/sicong/anaconda3/lib/python3.10/subprocess.py:1780: RuntimeWarning: lancedb fork support is experimental: the internal async runtime has been reset in the forked child, but a small chance of deadlock remains if other state was mid-operation at fork time. The 'forkserver' or 'spawn' multiprocessing start method is likely a safer alternative.
  self.pid = _posixsubprocess.fork_exec(
/data/sicong/anaconda3/lib/python3.10/subprocess.py:1780: RuntimeWarning: lancedb fork support is experimental: the internal async runtime has been reset in the forked child, but a small chance of deadlock remains if other state was mid-operation at fork time. The 'forkserver' or 'spawn' multiprocessing start method is likely a safer alternative.
  self.pid = _posixsubprocess.fork_exec(
/data/sicong/anaconda3/lib/python3.10/subprocess.py:1780: RuntimeWarning: lancedb fork support is experimental: the internal async runtime has been reset in the forked child, but a small chance of deadlock remains if other state was mid-operation at fork time. The 'forkserver' or 'spawn' multiprocessing start method is likely a safer alternative.
  self.pid = _posixsubprocess.fork_exec(
/data/sicong/anaconda3/lib/python3.10/subprocess.py:1780: RuntimeWarning: lancedb fork support is experimental: the internal async runtime has been reset in the forked child, but a small chance of deadlock remains if other state was mid-operation at fork time. The 'forkserver' or 'spawn' multiprocessing start method is likely a safer alternative.
  self.pid = _posixsubprocess.fork_exec(
/data/sicong/anaconda3/lib/python3.10/subprocess.py:1780: RuntimeWarning: lancedb fork support is experimental: the internal async runtime has been reset in the forked child, but a small chance of deadlock remains if other state was mid-operation at fork time. The 'forkserver' or 'spawn' multiprocessing start method is likely a safer alternative.
  self.pid = _posixsubprocess.fork_exec(
/data/sicong/anaconda3/lib/python3.10/subprocess.py:1780: RuntimeWarning: lancedb fork support is experimental: the internal async runtime has been reset in the forked child, but a small chance of deadlock remains if other state was mid-operation at fork time. The 'forkserver' or 'spawn' multiprocessing start method is likely a safer alternative.
  self.pid = _posixsubprocess.fork_exec(
/data/sicong/anaconda3/lib/python3.10/subprocess.py:1780: RuntimeWarning: lancedb fork support is experimental: the internal async runtime has been reset in the forked child, but a small chance of deadlock remains if other state was mid-operation at fork time. The 'forkserver' or 'spawn' multiprocessing start method is likely a safer alternative.
  self.pid = _posixsubprocess.fork_exec(
/data/sicong/anaconda3/lib/python3.10/subprocess.py:1780: RuntimeWarning: lancedb fork support is experimental: the internal async runtime has been reset in the forked child, but a small chance of deadlock remains if other state was mid-operation at fork time. The 'forkserver' or 'spawn' multiprocessing start method is likely a safer alternative.
  self.pid = _posixsubprocess.fork_exec(
/data/sicong/anaconda3/lib/python3.10/subprocess.py:1780: RuntimeWarning: lancedb fork support is experimental: the internal async runtime has been reset in the forked child, but a small chance of deadlock remains if other state was mid-operation at fork time. The 'forkserver' or 'spawn' multiprocessing start method is likely a safer alternative.
  self.pid = _posixsubprocess.fork_exec(
/data/sicong/anaconda3/lib/python3.10/subprocess.py:1780: RuntimeWarning: lancedb fork support is experimental: the internal async runtime has been reset in the forked child, but a small chance of deadlock remains if other state was mid-operation at fork time. The 'forkserver' or 'spawn' multiprocessing start method is likely a safer alternative.
  self.pid = _posixsubprocess.fork_exec(
/data/sicong/anaconda3/lib/python3.10/subprocess.py:1780: RuntimeWarning: lancedb fork support is experimental: the internal async runtime has been reset in the forked child, but a small chance of deadlock remains if other state was mid-operation at fork time. The 'forkserver' or 'spawn' multiprocessing start method is likely a safer alternative.
  self.pid = _posixsubprocess.fork_exec(
/data/sicong/anaconda3/lib/python3.10/subprocess.py:1780: RuntimeWarning: lancedb fork support is experimental: the internal async runtime has been reset in the forked child, but a small chance of deadlock remains if other state was mid-operation at fork time. The 'forkserver' or 'spawn' multiprocessing start method is likely a safer alternative.
  self.pid = _posixsubprocess.fork_exec(
/data/sicong/anaconda3/lib/python3.10/subprocess.py:1780: RuntimeWarning: lancedb fork support is experimental: the internal async runtime has been reset in the forked child, but a small chance of deadlock remains if other state was mid-operation at fork time. The 'forkserver' or 'spawn' multiprocessing start method is likely a safer alternative.
  self.pid = _posixsubprocess.fork_exec(
/data/sicong/anaconda3/lib/python3.10/subprocess.py:1780: RuntimeWarning: lancedb fork support is experimental: the internal async runtime has been reset in the forked child, but a small chance of deadlock remains if other state was mid-operation at fork time. The 'forkserver' or 'spawn' multiprocessing start method is likely a safer alternative.
  self.pid = _posixsubprocess.fork_exec(
/data/sicong/anaconda3/lib/python3.10/subprocess.py:1780: RuntimeWarning: lancedb fork support is experimental: the internal async runtime has been reset in the forked child, but a small chance of deadlock remains if other state was mid-operation at fork time. The 'forkserver' or 'spawn' multiprocessing start method is likely a safer alternative.
  self.pid = _posixsubprocess.fork_exec(
/data/sicong/anaconda3/lib/python3.10/subprocess.py:1780: RuntimeWarning: lancedb fork support is experimental: the internal async runtime has been reset in the forked child, but a small chance of deadlock remains if other state was mid-operation at fork time. The 'forkserver' or 'spawn' multiprocessing start method is likely a safer alternative.
  self.pid = _posixsubprocess.fork_exec(
/data/sicong/anaconda3/lib/python3.10/subprocess.py:1780: RuntimeWarning: lancedb fork support is experimental: the internal async runtime has been reset in the forked child, but a small chance of deadlock remains if other state was mid-operation at fork time. The 'forkserver' or 'spawn' multiprocessing start method is likely a safer alternative.
  self.pid = _posixsubprocess.fork_exec(
/data/sicong/anaconda3/lib/python3.10/subprocess.py:1780: RuntimeWarning: lancedb fork support is experimental: the internal async runtime has been reset in the forked child, but a small chance of deadlock remains if other state was mid-operation at fork time. The 'forkserver' or 'spawn' multiprocessing start method is likely a safer alternative.
  self.pid = _posixsubprocess.fork_exec(
/data/sicong/anaconda3/lib/python3.10/subprocess.py:1780: RuntimeWarning: lancedb fork support is experimental: the internal async runtime has been reset in the forked child, but a small chance of deadlock remains if other state was mid-operation at fork time. The 'forkserver' or 'spawn' multiprocessing start method is likely a safer alternative.
  self.pid = _posixsubprocess.fork_exec(
/data/sicong/anaconda3/lib/python3.10/subprocess.py:1780: RuntimeWarning: lancedb fork support is experimental: the internal async runtime has been reset in the forked child, but a small chance of deadlock remains if other state was mid-operation at fork time. The 'forkserver' or 'spawn' multiprocessing start method is likely a safer alternative.
  self.pid = _posixsubprocess.fork_exec(
/data/sicong/anaconda3/lib/python3.10/subprocess.py:1780: RuntimeWarning: lancedb fork support is experimental: the internal async runtime has been reset in the forked child, but a small chance of deadlock remains if other state was mid-operation at fork time. The 'forkserver' or 'spawn' multiprocessing start method is likely a safer alternative.
  self.pid = _posixsubprocess.fork_exec(
/data/sicong/anaconda3/lib/python3.10/subprocess.py:1780: RuntimeWarning: lancedb fork support is experimental: the internal async runtime has been reset in the forked child, but a small chance of deadlock remains if other state was mid-operation at fork time. The 'forkserver' or 'spawn' multiprocessing start method is likely a safer alternative.
  self.pid = _posixsubprocess.fork_exec(
/data/sicong/anaconda3/lib/python3.10/subprocess.py:1780: RuntimeWarning: lancedb fork support is experimental: the internal async runtime has been reset in the forked child, but a small chance of deadlock remains if other state was mid-operation at fork time. The 'forkserver' or 'spawn' multiprocessing start method is likely a safer alternative.
  self.pid = _posixsubprocess.fork_exec(
/data/sicong/anaconda3/lib/python3.10/subprocess.py:1780: RuntimeWarning: lancedb fork support is experimental: the internal async runtime has been reset in the forked child, but a small chance of deadlock remains if other state was mid-operation at fork time. The 'forkserver' or 'spawn' multiprocessing start method is likely a safer alternative.
  self.pid = _posixsubprocess.fork_exec(
/data/sicong/anaconda3/lib/python3.10/subprocess.py:1780: RuntimeWarning: lancedb fork support is experimental: the internal async runtime has been reset in the forked child, but a small chance of deadlock remains if other state was mid-operation at fork time. The 'forkserver' or 'spawn' multiprocessing start method is likely a safer alternative.
  self.pid = _posixsubprocess.fork_exec(
/data/sicong/anaconda3/lib/python3.10/subprocess.py:1780: RuntimeWarning: lancedb fork support is experimental: the internal async runtime has been reset in the forked child, but a small chance of deadlock remains if other state was mid-operation at fork time. The 'forkserver' or 'spawn' multiprocessing start method is likely a safer alternative.
  self.pid = _posixsubprocess.fork_exec(
/data/sicong/anaconda3/lib/python3.10/subprocess.py:1780: RuntimeWarning: lancedb fork support is experimental: the internal async runtime has been reset in the forked child, but a small chance of deadlock remains if other state was mid-operation at fork time. The 'forkserver' or 'spawn' multiprocessing start method is likely a safer alternative.
  self.pid = _posixsubprocess.fork_exec(
/data/sicong/anaconda3/lib/python3.10/subprocess.py:1780: RuntimeWarning: lancedb fork support is experimental: the internal async runtime has been reset in the forked child, but a small chance of deadlock remains if other state was mid-operation at fork time. The 'forkserver' or 'spawn' multiprocessing start method is likely a safer alternative.
  self.pid = _posixsubprocess.fork_exec(
/data/sicong/anaconda3/lib/python3.10/subprocess.py:1780: RuntimeWarning: lancedb fork support is experimental: the internal async runtime has been reset in the forked child, but a small chance of deadlock remains if other state was mid-operation at fork time. The 'forkserver' or 'spawn' multiprocessing start method is likely a safer alternative.
  self.pid = _posixsubprocess.fork_exec(
/data/sicong/anaconda3/lib/python3.10/subprocess.py:1780: RuntimeWarning: lancedb fork support is experimental: the internal async runtime has been reset in the forked child, but a small chance of deadlock remains if other state was mid-operation at fork time. The 'forkserver' or 'spawn' multiprocessing start method is likely a safer alternative.
  self.pid = _posixsubprocess.fork_exec(
/data/sicong/anaconda3/lib/python3.10/subprocess.py:1780: RuntimeWarning: lancedb fork support is experimental: the internal async runtime has been reset in the forked child, but a small chance of deadlock remains if other state was mid-operation at fork time. The 'forkserver' or 'spawn' multiprocessing start method is likely a safer alternative.
  self.pid = _posixsubprocess.fork_exec(
/data/sicong/anaconda3/lib/python3.10/subprocess.py:1780: RuntimeWarning: lancedb fork support is experimental: the internal async runtime has been reset in the forked child, but a small chance of deadlock remains if other state was mid-operation at fork time. The 'forkserver' or 'spawn' multiprocessing start method is likely a safer alternative.
  self.pid = _posixsubprocess.fork_exec(
/data/sicong/anaconda3/lib/python3.10/subprocess.py:1780: RuntimeWarning: lancedb fork support is experimental: the internal async runtime has been reset in the forked child, but a small chance of deadlock remains if other state was mid-operation at fork time. The 'forkserver' or 'spawn' multiprocessing start method is likely a safer alternative.
  self.pid = _posixsubprocess.fork_exec(
/data/sicong/anaconda3/lib/python3.10/subprocess.py:1780: RuntimeWarning: lancedb fork support is experimental: the internal async runtime has been reset in the forked child, but a small chance of deadlock remains if other state was mid-operation at fork time. The 'forkserver' or 'spawn' multiprocessing start method is likely a safer alternative.
  self.pid = _posixsubprocess.fork_exec(
/data/sicong/anaconda3/lib/python3.10/subprocess.py:1780: RuntimeWarning: lancedb fork support is experimental: the internal async runtime has been reset in the forked child, but a small chance of deadlock remains if other state was mid-operation at fork time. The 'forkserver' or 'spawn' multiprocessing start method is likely a safer alternative.
  self.pid = _posixsubprocess.fork_exec(
/data/sicong/anaconda3/lib/python3.10/subprocess.py:1780: RuntimeWarning: lancedb fork support is experimental: the internal async runtime has been reset in the forked child, but a small chance of deadlock remains if other state was mid-operation at fork time. The 'forkserver' or 'spawn' multiprocessing start method is likely a safer alternative.
  self.pid = _posixsubprocess.fork_exec(
/data/sicong/anaconda3/lib/python3.10/subprocess.py:1780: RuntimeWarning: lancedb fork support is experimental: the internal async runtime has been reset in the forked child, but a small chance of deadlock remains if other state was mid-operation at fork time. The 'forkserver' or 'spawn' multiprocessing start method is likely a safer alternative.
  self.pid = _posixsubprocess.fork_exec(
/data/sicong/anaconda3/lib/python3.10/subprocess.py:1780: RuntimeWarning: lancedb fork support is experimental: the internal async runtime has been reset in the forked child, but a small chance of deadlock remains if other state was mid-operation at fork time. The 'forkserver' or 'spawn' multiprocessing start method is likely a safer alternative.
  self.pid = _posixsubprocess.fork_exec(
/data/sicong/anaconda3/lib/python3.10/subprocess.py:1780: RuntimeWarning: lancedb fork support is experimental: the internal async runtime has been reset in the forked child, but a small chance of deadlock remains if other state was mid-operation at fork time. The 'forkserver' or 'spawn' multiprocessing start method is likely a safer alternative.
  self.pid = _posixsubprocess.fork_exec(
/data/sicong/anaconda3/lib/python3.10/subprocess.py:1780: RuntimeWarning: lancedb fork support is experimental: the internal async runtime has been reset in the forked child, but a small chance of deadlock remains if other state was mid-operation at fork time. The 'forkserver' or 'spawn' multiprocessing start method is likely a safer alternative.
  self.pid = _posixsubprocess.fork_exec(
/data/sicong/anaconda3/lib/python3.10/subprocess.py:1780: RuntimeWarning: lancedb fork support is experimental: the internal async runtime has been reset in the forked child, but a small chance of deadlock remains if other state was mid-operation at fork time. The 'forkserver' or 'spawn' multiprocessing start method is likely a safer alternative.
  self.pid = _posixsubprocess.fork_exec(
/data/sicong/anaconda3/lib/python3.10/subprocess.py:1780: RuntimeWarning: lancedb fork support is experimental: the internal async runtime has been reset in the forked child, but a small chance of deadlock remains if other state was mid-operation at fork time. The 'forkserver' or 'spawn' multiprocessing start method is likely a safer alternative.
  self.pid = _posixsubprocess.fork_exec(
/data/sicong/anaconda3/lib/python3.10/subprocess.py:1780: RuntimeWarning: lancedb fork support is experimental: the internal async runtime has been reset in the forked child, but a small chance of deadlock remains if other state was mid-operation at fork time. The 'forkserver' or 'spawn' multiprocessing start method is likely a safer alternative.
  self.pid = _posixsubprocess.fork_exec(
/data/sicong/anaconda3/lib/python3.10/subprocess.py:1780: RuntimeWarning: lancedb fork support is experimental: the internal async runtime has been reset in the forked child, but a small chance of deadlock remains if other state was mid-operation at fork time. The 'forkserver' or 'spawn' multiprocessing start method is likely a safer alternative.
  self.pid = _posixsubprocess.fork_exec(
/data/sicong/anaconda3/lib/python3.10/subprocess.py:1780: RuntimeWarning: lancedb fork support is experimental: the internal async runtime has been reset in the forked child, but a small chance of deadlock remains if other state was mid-operation at fork time. The 'forkserver' or 'spawn' multiprocessing start method is likely a safer alternative.
  self.pid = _posixsubprocess.fork_exec(
/data/sicong/anaconda3/lib/python3.10/subprocess.py:1780: RuntimeWarning: lancedb fork support is experimental: the internal async runtime has been reset in the forked child, but a small chance of deadlock remains if other state was mid-operation at fork time. The 'forkserver' or 'spawn' multiprocessing start method is likely a safer alternative.
  self.pid = _posixsubprocess.fork_exec(
/data/sicong/anaconda3/lib/python3.10/subprocess.py:1780: RuntimeWarning: lancedb fork support is experimental: the internal async runtime has been reset in the forked child, but a small chance of deadlock remains if other state was mid-operation at fork time. The 'forkserver' or 'spawn' multiprocessing start method is likely a safer alternative.
  self.pid = _posixsubprocess.fork_exec(
/data/sicong/anaconda3/lib/python3.10/subprocess.py:1780: RuntimeWarning: lancedb fork support is experimental: the internal async runtime has been reset in the forked child, but a small chance of deadlock remains if other state was mid-operation at fork time. The 'forkserver' or 'spawn' multiprocessing start method is likely a safer alternative.
  self.pid = _posixsubprocess.fork_exec(
CEM solve time: 43.8535 seconds
CEM solve time: 7.0824 seconds
{'success_rate': 90.0, 'episode_successes': array([ True, False,  True, False,  True,  True,  True,  True,  True,
        True,  True,  True,  True,  True,  True,  True, False, False,
       False,  True,  True,  True,  True,  True,  True,  True,  True,
        True,  True,  True,  True,  True,  True,  True,  True,  True,
        True,  True,  True,  True,  True,  True,  True,  True,  True,
        True,  True,  True,  True,  True]), 'seeds': None}
04:13:17 | INFO  | __init__.py | Cached 'action' from '/home/sicong/.stable_worldmodel/datasets/tworoom.h5'
04:13:17 | INFO  | __init__.py | Cached 'proprio' from '/home/sicong/.stable_worldmodel/datasets/tworoom.h5'
Reusing 50 eval starts from /data/sicong/weitao/le-wm/experiments/real_gauge_drift/results/tworoom_success_rate_baseline_seed0/results.json
[  2536   4965   7607  15311  20375  26096  30928  37783  69493  74356
  82517 114619 161563 161928 237198 248512 255488 276120 283530 363138
 371491 389412 443244 463993 470850 484187 498658 500650 510576 515779
 558639 566730 582236 586573 596088 598107 617757 617986 672002 672169
 704653 749140 751558 779873 783563 789858 795263 840724 861176 893923]
/data/sicong/weitao/le-wm/.venv/lib/python3.10/site-packages/gymnasium/utils/passive_env_checker.py:129: UserWarning: [33mWARN: The obs returned by the `reset()` method was expecting a numpy array, actual type: <class 'torch.Tensor'>[0m
  logger.warn(
/data/sicong/weitao/le-wm/.venv/lib/python3.10/site-packages/gymnasium/spaces/box.py:415: UserWarning: [33mWARN: Casting input x to numpy array.[0m
  gym.logger.warn("Casting input x to numpy array.")
/data/sicong/weitao/le-wm/.venv/lib/python3.10/site-packages/gymnasium/utils/passive_env_checker.py:129: UserWarning: [33mWARN: The obs returned by the `step()` method was expecting a numpy array, actual type: <class 'torch.Tensor'>[0m
  logger.warn(
/data/sicong/weitao/le-wm/.venv/lib/python3.10/site-packages/gymnasium/spaces/box.py:415: UserWarning: [33mWARN: Casting input x to numpy array.[0m
  gym.logger.warn("Casting input x to numpy array.")
/data/sicong/weitao/le-wm/.venv/lib/python3.10/site-packages/lance/__init__.py:320: UserWarning: lance is not fork-safe. If you are using multiprocessing, use spawn or forkserver instead.
  warnings.warn(
/data/sicong/anaconda3/lib/python3.10/subprocess.py:1780: RuntimeWarning: lancedb fork support is experimental: the internal async runtime has been reset in the forked child, but a small chance of deadlock remains if other state was mid-operation at fork time. The 'forkserver' or 'spawn' multiprocessing start method is likely a safer alternative.
  self.pid = _posixsubprocess.fork_exec(
/data/sicong/anaconda3/lib/python3.10/subprocess.py:1780: RuntimeWarning: lancedb fork support is experimental: the internal async runtime has been reset in the forked child, but a small chance of deadlock remains if other state was mid-operation at fork time. The 'forkserver' or 'spawn' multiprocessing start method is likely a safer alternative.
  self.pid = _posixsubprocess.fork_exec(
/data/sicong/anaconda3/lib/python3.10/subprocess.py:1780: RuntimeWarning: lancedb fork support is experimental: the internal async runtime has been reset in the forked child, but a small chance of deadlock remains if other state was mid-operation at fork time. The 'forkserver' or 'spawn' multiprocessing start method is likely a safer alternative.
  self.pid = _posixsubprocess.fork_exec(
/data/sicong/anaconda3/lib/python3.10/subprocess.py:1780: RuntimeWarning: lancedb fork support is experimental: the internal async runtime has been reset in the forked child, but a small chance of deadlock remains if other state was mid-operation at fork time. The 'forkserver' or 'spawn' multiprocessing start method is likely a safer alternative.
  self.pid = _posixsubprocess.fork_exec(
/data/sicong/anaconda3/lib/python3.10/subprocess.py:1780: RuntimeWarning: lancedb fork support is experimental: the internal async runtime has been reset in the forked child, but a small chance of deadlock remains if other state was mid-operation at fork time. The 'forkserver' or 'spawn' multiprocessing start method is likely a safer alternative.
  self.pid = _posixsubprocess.fork_exec(
/data/sicong/anaconda3/lib/python3.10/subprocess.py:1780: RuntimeWarning: lancedb fork support is experimental: the internal async runtime has been reset in the forked child, but a small chance of deadlock remains if other state was mid-operation at fork time. The 'forkserver' or 'spawn' multiprocessing start method is likely a safer alternative.
  self.pid = _posixsubprocess.fork_exec(
/data/sicong/anaconda3/lib/python3.10/subprocess.py:1780: RuntimeWarning: lancedb fork support is experimental: the internal async runtime has been reset in the forked child, but a small chance of deadlock remains if other state was mid-operation at fork time. The 'forkserver' or 'spawn' multiprocessing start method is likely a safer alternative.
  self.pid = _posixsubprocess.fork_exec(
/data/sicong/anaconda3/lib/python3.10/subprocess.py:1780: RuntimeWarning: lancedb fork support is experimental: the internal async runtime has been reset in the forked child, but a small chance of deadlock remains if other state was mid-operation at fork time. The 'forkserver' or 'spawn' multiprocessing start method is likely a safer alternative.
  self.pid = _posixsubprocess.fork_exec(
/data/sicong/anaconda3/lib/python3.10/subprocess.py:1780: RuntimeWarning: lancedb fork support is experimental: the internal async runtime has been reset in the forked child, but a small chance of deadlock remains if other state was mid-operation at fork time. The 'forkserver' or 'spawn' multiprocessing start method is likely a safer alternative.
  self.pid = _posixsubprocess.fork_exec(
/data/sicong/anaconda3/lib/python3.10/subprocess.py:1780: RuntimeWarning: lancedb fork support is experimental: the internal async runtime has been reset in the forked child, but a small chance of deadlock remains if other state was mid-operation at fork time. The 'forkserver' or 'spawn' multiprocessing start method is likely a safer alternative.
  self.pid = _posixsubprocess.fork_exec(
/data/sicong/anaconda3/lib/python3.10/subprocess.py:1780: RuntimeWarning: lancedb fork support is experimental: the internal async runtime has been reset in the forked child, but a small chance of deadlock remains if other state was mid-operation at fork time. The 'forkserver' or 'spawn' multiprocessing start method is likely a safer alternative.
  self.pid = _posixsubprocess.fork_exec(
/data/sicong/anaconda3/lib/python3.10/subprocess.py:1780: RuntimeWarning: lancedb fork support is experimental: the internal async runtime has been reset in the forked child, but a small chance of deadlock remains if other state was mid-operation at fork time. The 'forkserver' or 'spawn' multiprocessing start method is likely a safer alternative.
  self.pid = _posixsubprocess.fork_exec(
/data/sicong/anaconda3/lib/python3.10/subprocess.py:1780: RuntimeWarning: lancedb fork support is experimental: the internal async runtime has been reset in the forked child, but a small chance of deadlock remains if other state was mid-operation at fork time. The 'forkserver' or 'spawn' multiprocessing start method is likely a safer alternative.
  self.pid = _posixsubprocess.fork_exec(
/data/sicong/anaconda3/lib/python3.10/subprocess.py:1780: RuntimeWarning: lancedb fork support is experimental: the internal async runtime has been reset in the forked child, but a small chance of deadlock remains if other state was mid-operation at fork time. The 'forkserver' or 'spawn' multiprocessing start method is likely a safer alternative.
  self.pid = _posixsubprocess.fork_exec(
/data/sicong/anaconda3/lib/python3.10/subprocess.py:1780: RuntimeWarning: lancedb fork support is experimental: the internal async runtime has been reset in the forked child, but a small chance of deadlock remains if other state was mid-operation at fork time. The 'forkserver' or 'spawn' multiprocessing start method is likely a safer alternative.
  self.pid = _posixsubprocess.fork_exec(
/data/sicong/anaconda3/lib/python3.10/subprocess.py:1780: RuntimeWarning: lancedb fork support is experimental: the internal async runtime has been reset in the forked child, but a small chance of deadlock remains if other state was mid-operation at fork time. The 'forkserver' or 'spawn' multiprocessing start method is likely a safer alternative.
  self.pid = _posixsubprocess.fork_exec(
/data/sicong/anaconda3/lib/python3.10/subprocess.py:1780: RuntimeWarning: lancedb fork support is experimental: the internal async runtime has been reset in the forked child, but a small chance of deadlock remains if other state was mid-operation at fork time. The 'forkserver' or 'spawn' multiprocessing start method is likely a safer alternative.
  self.pid = _posixsubprocess.fork_exec(
/data/sicong/anaconda3/lib/python3.10/subprocess.py:1780: RuntimeWarning: lancedb fork support is experimental: the internal async runtime has been reset in the forked child, but a small chance of deadlock remains if other state was mid-operation at fork time. The 'forkserver' or 'spawn' multiprocessing start method is likely a safer alternative.
  self.pid = _posixsubprocess.fork_exec(
/data/sicong/anaconda3/lib/python3.10/subprocess.py:1780: RuntimeWarning: lancedb fork support is experimental: the internal async runtime has been reset in the forked child, but a small chance of deadlock remains if other state was mid-operation at fork time. The 'forkserver' or 'spawn' multiprocessing start method is likely a safer alternative.
  self.pid = _posixsubprocess.fork_exec(
/data/sicong/anaconda3/lib/python3.10/subprocess.py:1780: RuntimeWarning: lancedb fork support is experimental: the internal async runtime has been reset in the forked child, but a small chance of deadlock remains if other state was mid-operation at fork time. The 'forkserver' or 'spawn' multiprocessing start method is likely a safer alternative.
  self.pid = _posixsubprocess.fork_exec(
/data/sicong/anaconda3/lib/python3.10/subprocess.py:1780: RuntimeWarning: lancedb fork support is experimental: the internal async runtime has been reset in the forked child, but a small chance of deadlock remains if other state was mid-operation at fork time. The 'forkserver' or 'spawn' multiprocessing start method is likely a safer alternative.
  self.pid = _posixsubprocess.fork_exec(
/data/sicong/anaconda3/lib/python3.10/subprocess.py:1780: RuntimeWarning: lancedb fork support is experimental: the internal async runtime has been reset in the forked child, but a small chance of deadlock remains if other state was mid-operation at fork time. The 'forkserver' or 'spawn' multiprocessing start method is likely a safer alternative.
  self.pid = _posixsubprocess.fork_exec(
/data/sicong/anaconda3/lib/python3.10/subprocess.py:1780: RuntimeWarning: lancedb fork support is experimental: the internal async runtime has been reset in the forked child, but a small chance of deadlock remains if other state was mid-operation at fork time. The 'forkserver' or 'spawn' multiprocessing start method is likely a safer alternative.
  self.pid = _posixsubprocess.fork_exec(
/data/sicong/anaconda3/lib/python3.10/subprocess.py:1780: RuntimeWarning: lancedb fork support is experimental: the internal async runtime has been reset in the forked child, but a small chance of deadlock remains if other state was mid-operation at fork time. The 'forkserver' or 'spawn' multiprocessing start method is likely a safer alternative.
  self.pid = _posixsubprocess.fork_exec(
/data/sicong/anaconda3/lib/python3.10/subprocess.py:1780: RuntimeWarning: lancedb fork support is experimental: the internal async runtime has been reset in the forked child, but a small chance of deadlock remains if other state was mid-operation at fork time. The 'forkserver' or 'spawn' multiprocessing start method is likely a safer alternative.
  self.pid = _posixsubprocess.fork_exec(
/data/sicong/anaconda3/lib/python3.10/subprocess.py:1780: RuntimeWarning: lancedb fork support is experimental: the internal async runtime has been reset in the forked child, but a small chance of deadlock remains if other state was mid-operation at fork time. The 'forkserver' or 'spawn' multiprocessing start method is likely a safer alternative.
  self.pid = _posixsubprocess.fork_exec(
/data/sicong/anaconda3/lib/python3.10/subprocess.py:1780: RuntimeWarning: lancedb fork support is experimental: the internal async runtime has been reset in the forked child, but a small chance of deadlock remains if other state was mid-operation at fork time. The 'forkserver' or 'spawn' multiprocessing start method is likely a safer alternative.
  self.pid = _posixsubprocess.fork_exec(
/data/sicong/anaconda3/lib/python3.10/subprocess.py:1780: RuntimeWarning: lancedb fork support is experimental: the internal async runtime has been reset in the forked child, but a small chance of deadlock remains if other state was mid-operation at fork time. The 'forkserver' or 'spawn' multiprocessing start method is likely a safer alternative.
  self.pid = _posixsubprocess.fork_exec(
/data/sicong/anaconda3/lib/python3.10/subprocess.py:1780: RuntimeWarning: lancedb fork support is experimental: the internal async runtime has been reset in the forked child, but a small chance of deadlock remains if other state was mid-operation at fork time. The 'forkserver' or 'spawn' multiprocessing start method is likely a safer alternative.
  self.pid = _posixsubprocess.fork_exec(
/data/sicong/anaconda3/lib/python3.10/subprocess.py:1780: RuntimeWarning: lancedb fork support is experimental: the internal async runtime has been reset in the forked child, but a small chance of deadlock remains if other state was mid-operation at fork time. The 'forkserver' or 'spawn' multiprocessing start method is likely a safer alternative.
  self.pid = _posixsubprocess.fork_exec(
/data/sicong/anaconda3/lib/python3.10/subprocess.py:1780: RuntimeWarning: lancedb fork support is experimental: the internal async runtime has been reset in the forked child, but a small chance of deadlock remains if other state was mid-operation at fork time. The 'forkserver' or 'spawn' multiprocessing start method is likely a safer alternative.
  self.pid = _posixsubprocess.fork_exec(
/data/sicong/anaconda3/lib/python3.10/subprocess.py:1780: RuntimeWarning: lancedb fork support is experimental: the internal async runtime has been reset in the forked child, but a small chance of deadlock remains if other state was mid-operation at fork time. The 'forkserver' or 'spawn' multiprocessing start method is likely a safer alternative.
  self.pid = _posixsubprocess.fork_exec(
/data/sicong/anaconda3/lib/python3.10/subprocess.py:1780: RuntimeWarning: lancedb fork support is experimental: the internal async runtime has been reset in the forked child, but a small chance of deadlock remains if other state was mid-operation at fork time. The 'forkserver' or 'spawn' multiprocessing start method is likely a safer alternative.
  self.pid = _posixsubprocess.fork_exec(
/data/sicong/anaconda3/lib/python3.10/subprocess.py:1780: RuntimeWarning: lancedb fork support is experimental: the internal async runtime has been reset in the forked child, but a small chance of deadlock remains if other state was mid-operation at fork time. The 'forkserver' or 'spawn' multiprocessing start method is likely a safer alternative.
  self.pid = _posixsubprocess.fork_exec(
/data/sicong/anaconda3/lib/python3.10/subprocess.py:1780: RuntimeWarning: lancedb fork support is experimental: the internal async runtime has been reset in the forked child, but a small chance of deadlock remains if other state was mid-operation at fork time. The 'forkserver' or 'spawn' multiprocessing start method is likely a safer alternative.
  self.pid = _posixsubprocess.fork_exec(
/data/sicong/anaconda3/lib/python3.10/subprocess.py:1780: RuntimeWarning: lancedb fork support is experimental: the internal async runtime has been reset in the forked child, but a small chance of deadlock remains if other state was mid-operation at fork time. The 'forkserver' or 'spawn' multiprocessing start method is likely a safer alternative.
  self.pid = _posixsubprocess.fork_exec(
/data/sicong/anaconda3/lib/python3.10/subprocess.py:1780: RuntimeWarning: lancedb fork support is experimental: the internal async runtime has been reset in the forked child, but a small chance of deadlock remains if other state was mid-operation at fork time. The 'forkserver' or 'spawn' multiprocessing start method is likely a safer alternative.
  self.pid = _posixsubprocess.fork_exec(
/data/sicong/anaconda3/lib/python3.10/subprocess.py:1780: RuntimeWarning: lancedb fork support is experimental: the internal async runtime has been reset in the forked child, but a small chance of deadlock remains if other state was mid-operation at fork time. The 'forkserver' or 'spawn' multiprocessing start method is likely a safer alternative.
  self.pid = _posixsubprocess.fork_exec(
/data/sicong/anaconda3/lib/python3.10/subprocess.py:1780: RuntimeWarning: lancedb fork support is experimental: the internal async runtime has been reset in the forked child, but a small chance of deadlock remains if other state was mid-operation at fork time. The 'forkserver' or 'spawn' multiprocessing start method is likely a safer alternative.
  self.pid = _posixsubprocess.fork_exec(
/data/sicong/anaconda3/lib/python3.10/subprocess.py:1780: RuntimeWarning: lancedb fork support is experimental: the internal async runtime has been reset in the forked child, but a small chance of deadlock remains if other state was mid-operation at fork time. The 'forkserver' or 'spawn' multiprocessing start method is likely a safer alternative.
  self.pid = _posixsubprocess.fork_exec(
/data/sicong/anaconda3/lib/python3.10/subprocess.py:1780: RuntimeWarning: lancedb fork support is experimental: the internal async runtime has been reset in the forked child, but a small chance of deadlock remains if other state was mid-operation at fork time. The 'forkserver' or 'spawn' multiprocessing start method is likely a safer alternative.
  self.pid = _posixsubprocess.fork_exec(
/data/sicong/anaconda3/lib/python3.10/subprocess.py:1780: RuntimeWarning: lancedb fork support is experimental: the internal async runtime has been reset in the forked child, but a small chance of deadlock remains if other state was mid-operation at fork time. The 'forkserver' or 'spawn' multiprocessing start method is likely a safer alternative.
  self.pid = _posixsubprocess.fork_exec(
/data/sicong/anaconda3/lib/python3.10/subprocess.py:1780: RuntimeWarning: lancedb fork support is experimental: the internal async runtime has been reset in the forked child, but a small chance of deadlock remains if other state was mid-operation at fork time. The 'forkserver' or 'spawn' multiprocessing start method is likely a safer alternative.
  self.pid = _posixsubprocess.fork_exec(
/data/sicong/anaconda3/lib/python3.10/subprocess.py:1780: RuntimeWarning: lancedb fork support is experimental: the internal async runtime has been reset in the forked child, but a small chance of deadlock remains if other state was mid-operation at fork time. The 'forkserver' or 'spawn' multiprocessing start method is likely a safer alternative.
  self.pid = _posixsubprocess.fork_exec(
/data/sicong/anaconda3/lib/python3.10/subprocess.py:1780: RuntimeWarning: lancedb fork support is experimental: the internal async runtime has been reset in the forked child, but a small chance of deadlock remains if other state was mid-operation at fork time. The 'forkserver' or 'spawn' multiprocessing start method is likely a safer alternative.
  self.pid = _posixsubprocess.fork_exec(
/data/sicong/anaconda3/lib/python3.10/subprocess.py:1780: RuntimeWarning: lancedb fork support is experimental: the internal async runtime has been reset in the forked child, but a small chance of deadlock remains if other state was mid-operation at fork time. The 'forkserver' or 'spawn' multiprocessing start method is likely a safer alternative.
  self.pid = _posixsubprocess.fork_exec(
/data/sicong/anaconda3/lib/python3.10/subprocess.py:1780: RuntimeWarning: lancedb fork support is experimental: the internal async runtime has been reset in the forked child, but a small chance of deadlock remains if other state was mid-operation at fork time. The 'forkserver' or 'spawn' multiprocessing start method is likely a safer alternative.
  self.pid = _posixsubprocess.fork_exec(
/data/sicong/anaconda3/lib/python3.10/subprocess.py:1780: RuntimeWarning: lancedb fork support is experimental: the internal async runtime has been reset in the forked child, but a small chance of deadlock remains if other state was mid-operation at fork time. The 'forkserver' or 'spawn' multiprocessing start method is likely a safer alternative.
  self.pid = _posixsubprocess.fork_exec(
/data/sicong/anaconda3/lib/python3.10/subprocess.py:1780: RuntimeWarning: lancedb fork support is experimental: the internal async runtime has been reset in the forked child, but a small chance of deadlock remains if other state was mid-operation at fork time. The 'forkserver' or 'spawn' multiprocessing start method is likely a safer alternative.
  self.pid = _posixsubprocess.fork_exec(
/data/sicong/anaconda3/lib/python3.10/subprocess.py:1780: RuntimeWarning: lancedb fork support is experimental: the internal async runtime has been reset in the forked child, but a small chance of deadlock remains if other state was mid-operation at fork time. The 'forkserver' or 'spawn' multiprocessing start method is likely a safer alternative.
  self.pid = _posixsubprocess.fork_exec(
CEM solve time: 45.0146 seconds
CEM solve time: 7.1994 seconds
{'success_rate': 90.0, 'episode_successes': array([ True, False,  True, False,  True,  True,  True,  True,  True,
        True,  True,  True,  True,  True,  True,  True, False, False,
       False,  True,  True,  True,  True,  True,  True,  True,  True,
        True,  True,  True,  True,  True,  True,  True,  True,  True,
        True,  True,  True,  True,  True,  True,  True,  True,  True,
        True,  True,  True,  True,  True]), 'seeds': None}
04:14:29 | INFO  | __init__.py | Cached 'action' from '/home/sicong/.stable_worldmodel/datasets/tworoom.h5'
04:14:29 | INFO  | __init__.py | Cached 'proprio' from '/home/sicong/.stable_worldmodel/datasets/tworoom.h5'
Reusing 50 eval starts from /data/sicong/weitao/le-wm/experiments/real_gauge_drift/results/tworoom_success_rate_baseline_seed0/results.json
[  2536   4965   7607  15311  20375  26096  30928  37783  69493  74356
  82517 114619 161563 161928 237198 248512 255488 276120 283530 363138
 371491 389412 443244 463993 470850 484187 498658 500650 510576 515779
 558639 566730 582236 586573 596088 598107 617757 617986 672002 672169
 704653 749140 751558 779873 783563 789858 795263 840724 861176 893923]
/data/sicong/weitao/le-wm/.venv/lib/python3.10/site-packages/gymnasium/utils/passive_env_checker.py:129: UserWarning: [33mWARN: The obs returned by the `reset()` method was expecting a numpy array, actual type: <class 'torch.Tensor'>[0m
  logger.warn(
/data/sicong/weitao/le-wm/.venv/lib/python3.10/site-packages/gymnasium/spaces/box.py:415: UserWarning: [33mWARN: Casting input x to numpy array.[0m
  gym.logger.warn("Casting input x to numpy array.")
/data/sicong/weitao/le-wm/.venv/lib/python3.10/site-packages/gymnasium/utils/passive_env_checker.py:129: UserWarning: [33mWARN: The obs returned by the `step()` method was expecting a numpy array, actual type: <class 'torch.Tensor'>[0m
  logger.warn(
/data/sicong/weitao/le-wm/.venv/lib/python3.10/site-packages/gymnasium/spaces/box.py:415: UserWarning: [33mWARN: Casting input x to numpy array.[0m
  gym.logger.warn("Casting input x to numpy array.")
/data/sicong/weitao/le-wm/.venv/lib/python3.10/site-packages/lance/__init__.py:320: UserWarning: lance is not fork-safe. If you are using multiprocessing, use spawn or forkserver instead.
  warnings.warn(
/data/sicong/anaconda3/lib/python3.10/subprocess.py:1780: RuntimeWarning: lancedb fork support is experimental: the internal async runtime has been reset in the forked child, but a small chance of deadlock remains if other state was mid-operation at fork time. The 'forkserver' or 'spawn' multiprocessing start method is likely a safer alternative.
  self.pid = _posixsubprocess.fork_exec(
/data/sicong/anaconda3/lib/python3.10/subprocess.py:1780: RuntimeWarning: lancedb fork support is experimental: the internal async runtime has been reset in the forked child, but a small chance of deadlock remains if other state was mid-operation at fork time. The 'forkserver' or 'spawn' multiprocessing start method is likely a safer alternative.
  self.pid = _posixsubprocess.fork_exec(
/data/sicong/anaconda3/lib/python3.10/subprocess.py:1780: RuntimeWarning: lancedb fork support is experimental: the internal async runtime has been reset in the forked child, but a small chance of deadlock remains if other state was mid-operation at fork time. The 'forkserver' or 'spawn' multiprocessing start method is likely a safer alternative.
  self.pid = _posixsubprocess.fork_exec(
/data/sicong/anaconda3/lib/python3.10/subprocess.py:1780: RuntimeWarning: lancedb fork support is experimental: the internal async runtime has been reset in the forked child, but a small chance of deadlock remains if other state was mid-operation at fork time. The 'forkserver' or 'spawn' multiprocessing start method is likely a safer alternative.
  self.pid = _posixsubprocess.fork_exec(
/data/sicong/anaconda3/lib/python3.10/subprocess.py:1780: RuntimeWarning: lancedb fork support is experimental: the internal async runtime has been reset in the forked child, but a small chance of deadlock remains if other state was mid-operation at fork time. The 'forkserver' or 'spawn' multiprocessing start method is likely a safer alternative.
  self.pid = _posixsubprocess.fork_exec(
/data/sicong/anaconda3/lib/python3.10/subprocess.py:1780: RuntimeWarning: lancedb fork support is experimental: the internal async runtime has been reset in the forked child, but a small chance of deadlock remains if other state was mid-operation at fork time. The 'forkserver' or 'spawn' multiprocessing start method is likely a safer alternative.
  self.pid = _posixsubprocess.fork_exec(
/data/sicong/anaconda3/lib/python3.10/subprocess.py:1780: RuntimeWarning: lancedb fork support is experimental: the internal async runtime has been reset in the forked child, but a small chance of deadlock remains if other state was mid-operation at fork time. The 'forkserver' or 'spawn' multiprocessing start method is likely a safer alternative.
  self.pid = _posixsubprocess.fork_exec(
/data/sicong/anaconda3/lib/python3.10/subprocess.py:1780: RuntimeWarning: lancedb fork support is experimental: the internal async runtime has been reset in the forked child, but a small chance of deadlock remains if other state was mid-operation at fork time. The 'forkserver' or 'spawn' multiprocessing start method is likely a safer alternative.
  self.pid = _posixsubprocess.fork_exec(
/data/sicong/anaconda3/lib/python3.10/subprocess.py:1780: RuntimeWarning: lancedb fork support is experimental: the internal async runtime has been reset in the forked child, but a small chance of deadlock remains if other state was mid-operation at fork time. The 'forkserver' or 'spawn' multiprocessing start method is likely a safer alternative.
  self.pid = _posixsubprocess.fork_exec(
/data/sicong/anaconda3/lib/python3.10/subprocess.py:1780: RuntimeWarning: lancedb fork support is experimental: the internal async runtime has been reset in the forked child, but a small chance of deadlock remains if other state was mid-operation at fork time. The 'forkserver' or 'spawn' multiprocessing start method is likely a safer alternative.
  self.pid = _posixsubprocess.fork_exec(
/data/sicong/anaconda3/lib/python3.10/subprocess.py:1780: RuntimeWarning: lancedb fork support is experimental: the internal async runtime has been reset in the forked child, but a small chance of deadlock remains if other state was mid-operation at fork time. The 'forkserver' or 'spawn' multiprocessing start method is likely a safer alternative.
  self.pid = _posixsubprocess.fork_exec(
/data/sicong/anaconda3/lib/python3.10/subprocess.py:1780: RuntimeWarning: lancedb fork support is experimental: the internal async runtime has been reset in the forked child, but a small chance of deadlock remains if other state was mid-operation at fork time. The 'forkserver' or 'spawn' multiprocessing start method is likely a safer alternative.
  self.pid = _posixsubprocess.fork_exec(
/data/sicong/anaconda3/lib/python3.10/subprocess.py:1780: RuntimeWarning: lancedb fork support is experimental: the internal async runtime has been reset in the forked child, but a small chance of deadlock remains if other state was mid-operation at fork time. The 'forkserver' or 'spawn' multiprocessing start method is likely a safer alternative.
  self.pid = _posixsubprocess.fork_exec(
/data/sicong/anaconda3/lib/python3.10/subprocess.py:1780: RuntimeWarning: lancedb fork support is experimental: the internal async runtime has been reset in the forked child, but a small chance of deadlock remains if other state was mid-operation at fork time. The 'forkserver' or 'spawn' multiprocessing start method is likely a safer alternative.
  self.pid = _posixsubprocess.fork_exec(
/data/sicong/anaconda3/lib/python3.10/subprocess.py:1780: RuntimeWarning: lancedb fork support is experimental: the internal async runtime has been reset in the forked child, but a small chance of deadlock remains if other state was mid-operation at fork time. The 'forkserver' or 'spawn' multiprocessing start method is likely a safer alternative.
  self.pid = _posixsubprocess.fork_exec(
/data/sicong/anaconda3/lib/python3.10/subprocess.py:1780: RuntimeWarning: lancedb fork support is experimental: the internal async runtime has been reset in the forked child, but a small chance of deadlock remains if other state was mid-operation at fork time. The 'forkserver' or 'spawn' multiprocessing start method is likely a safer alternative.
  self.pid = _posixsubprocess.fork_exec(
/data/sicong/anaconda3/lib/python3.10/subprocess.py:1780: RuntimeWarning: lancedb fork support is experimental: the internal async runtime has been reset in the forked child, but a small chance of deadlock remains if other state was mid-operation at fork time. The 'forkserver' or 'spawn' multiprocessing start method is likely a safer alternative.
  self.pid = _posixsubprocess.fork_exec(
/data/sicong/anaconda3/lib/python3.10/subprocess.py:1780: RuntimeWarning: lancedb fork support is experimental: the internal async runtime has been reset in the forked child, but a small chance of deadlock remains if other state was mid-operation at fork time. The 'forkserver' or 'spawn' multiprocessing start method is likely a safer alternative.
  self.pid = _posixsubprocess.fork_exec(
/data/sicong/anaconda3/lib/python3.10/subprocess.py:1780: RuntimeWarning: lancedb fork support is experimental: the internal async runtime has been reset in the forked child, but a small chance of deadlock remains if other state was mid-operation at fork time. The 'forkserver' or 'spawn' multiprocessing start method is likely a safer alternative.
  self.pid = _posixsubprocess.fork_exec(
/data/sicong/anaconda3/lib/python3.10/subprocess.py:1780: RuntimeWarning: lancedb fork support is experimental: the internal async runtime has been reset in the forked child, but a small chance of deadlock remains if other state was mid-operation at fork time. The 'forkserver' or 'spawn' multiprocessing start method is likely a safer alternative.
  self.pid = _posixsubprocess.fork_exec(
/data/sicong/anaconda3/lib/python3.10/subprocess.py:1780: RuntimeWarning: lancedb fork support is experimental: the internal async runtime has been reset in the forked child, but a small chance of deadlock remains if other state was mid-operation at fork time. The 'forkserver' or 'spawn' multiprocessing start method is likely a safer alternative.
  self.pid = _posixsubprocess.fork_exec(
/data/sicong/anaconda3/lib/python3.10/subprocess.py:1780: RuntimeWarning: lancedb fork support is experimental: the internal async runtime has been reset in the forked child, but a small chance of deadlock remains if other state was mid-operation at fork time. The 'forkserver' or 'spawn' multiprocessing start method is likely a safer alternative.
  self.pid = _posixsubprocess.fork_exec(
/data/sicong/anaconda3/lib/python3.10/subprocess.py:1780: RuntimeWarning: lancedb fork support is experimental: the internal async runtime has been reset in the forked child, but a small chance of deadlock remains if other state was mid-operation at fork time. The 'forkserver' or 'spawn' multiprocessing start method is likely a safer alternative.
  self.pid = _posixsubprocess.fork_exec(
/data/sicong/anaconda3/lib/python3.10/subprocess.py:1780: RuntimeWarning: lancedb fork support is experimental: the internal async runtime has been reset in the forked child, but a small chance of deadlock remains if other state was mid-operation at fork time. The 'forkserver' or 'spawn' multiprocessing start method is likely a safer alternative.
  self.pid = _posixsubprocess.fork_exec(
/data/sicong/anaconda3/lib/python3.10/subprocess.py:1780: RuntimeWarning: lancedb fork support is experimental: the internal async runtime has been reset in the forked child, but a small chance of deadlock remains if other state was mid-operation at fork time. The 'forkserver' or 'spawn' multiprocessing start method is likely a safer alternative.
  self.pid = _posixsubprocess.fork_exec(
/data/sicong/anaconda3/lib/python3.10/subprocess.py:1780: RuntimeWarning: lancedb fork support is experimental: the internal async runtime has been reset in the forked child, but a small chance of deadlock remains if other state was mid-operation at fork time. The 'forkserver' or 'spawn' multiprocessing start method is likely a safer alternative.
  self.pid = _posixsubprocess.fork_exec(
/data/sicong/anaconda3/lib/python3.10/subprocess.py:1780: RuntimeWarning: lancedb fork support is experimental: the internal async runtime has been reset in the forked child, but a small chance of deadlock remains if other state was mid-operation at fork time. The 'forkserver' or 'spawn' multiprocessing start method is likely a safer alternative.
  self.pid = _posixsubprocess.fork_exec(
/data/sicong/anaconda3/lib/python3.10/subprocess.py:1780: RuntimeWarning: lancedb fork support is experimental: the internal async runtime has been reset in the forked child, but a small chance of deadlock remains if other state was mid-operation at fork time. The 'forkserver' or 'spawn' multiprocessing start method is likely a safer alternative.
  self.pid = _posixsubprocess.fork_exec(
/data/sicong/anaconda3/lib/python3.10/subprocess.py:1780: RuntimeWarning: lancedb fork support is experimental: the internal async runtime has been reset in the forked child, but a small chance of deadlock remains if other state was mid-operation at fork time. The 'forkserver' or 'spawn' multiprocessing start method is likely a safer alternative.
  self.pid = _posixsubprocess.fork_exec(
/data/sicong/anaconda3/lib/python3.10/subprocess.py:1780: RuntimeWarning: lancedb fork support is experimental: the internal async runtime has been reset in the forked child, but a small chance of deadlock remains if other state was mid-operation at fork time. The 'forkserver' or 'spawn' multiprocessing start method is likely a safer alternative.
  self.pid = _posixsubprocess.fork_exec(
/data/sicong/anaconda3/lib/python3.10/subprocess.py:1780: RuntimeWarning: lancedb fork support is experimental: the internal async runtime has been reset in the forked child, but a small chance of deadlock remains if other state was mid-operation at fork time. The 'forkserver' or 'spawn' multiprocessing start method is likely a safer alternative.
  self.pid = _posixsubprocess.fork_exec(
/data/sicong/anaconda3/lib/python3.10/subprocess.py:1780: RuntimeWarning: lancedb fork support is experimental: the internal async runtime has been reset in the forked child, but a small chance of deadlock remains if other state was mid-operation at fork time. The 'forkserver' or 'spawn' multiprocessing start method is likely a safer alternative.
  self.pid = _posixsubprocess.fork_exec(
/data/sicong/anaconda3/lib/python3.10/subprocess.py:1780: RuntimeWarning: lancedb fork support is experimental: the internal async runtime has been reset in the forked child, but a small chance of deadlock remains if other state was mid-operation at fork time. The 'forkserver' or 'spawn' multiprocessing start method is likely a safer alternative.
  self.pid = _posixsubprocess.fork_exec(
/data/sicong/anaconda3/lib/python3.10/subprocess.py:1780: RuntimeWarning: lancedb fork support is experimental: the internal async runtime has been reset in the forked child, but a small chance of deadlock remains if other state was mid-operation at fork time. The 'forkserver' or 'spawn' multiprocessing start method is likely a safer alternative.
  self.pid = _posixsubprocess.fork_exec(
/data/sicong/anaconda3/lib/python3.10/subprocess.py:1780: RuntimeWarning: lancedb fork support is experimental: the internal async runtime has been reset in the forked child, but a small chance of deadlock remains if other state was mid-operation at fork time. The 'forkserver' or 'spawn' multiprocessing start method is likely a safer alternative.
  self.pid = _posixsubprocess.fork_exec(
/data/sicong/anaconda3/lib/python3.10/subprocess.py:1780: RuntimeWarning: lancedb fork support is experimental: the internal async runtime has been reset in the forked child, but a small chance of deadlock remains if other state was mid-operation at fork time. The 'forkserver' or 'spawn' multiprocessing start method is likely a safer alternative.
  self.pid = _posixsubprocess.fork_exec(
/data/sicong/anaconda3/lib/python3.10/subprocess.py:1780: RuntimeWarning: lancedb fork support is experimental: the internal async runtime has been reset in the forked child, but a small chance of deadlock remains if other state was mid-operation at fork time. The 'forkserver' or 'spawn' multiprocessing start method is likely a safer alternative.
  self.pid = _posixsubprocess.fork_exec(
/data/sicong/anaconda3/lib/python3.10/subprocess.py:1780: RuntimeWarning: lancedb fork support is experimental: the internal async runtime has been reset in the forked child, but a small chance of deadlock remains if other state was mid-operation at fork time. The 'forkserver' or 'spawn' multiprocessing start method is likely a safer alternative.
  self.pid = _posixsubprocess.fork_exec(
/data/sicong/anaconda3/lib/python3.10/subprocess.py:1780: RuntimeWarning: lancedb fork support is experimental: the internal async runtime has been reset in the forked child, but a small chance of deadlock remains if other state was mid-operation at fork time. The 'forkserver' or 'spawn' multiprocessing start method is likely a safer alternative.
  self.pid = _posixsubprocess.fork_exec(
/data/sicong/anaconda3/lib/python3.10/subprocess.py:1780: RuntimeWarning: lancedb fork support is experimental: the internal async runtime has been reset in the forked child, but a small chance of deadlock remains if other state was mid-operation at fork time. The 'forkserver' or 'spawn' multiprocessing start method is likely a safer alternative.
  self.pid = _posixsubprocess.fork_exec(
/data/sicong/anaconda3/lib/python3.10/subprocess.py:1780: RuntimeWarning: lancedb fork support is experimental: the internal async runtime has been reset in the forked child, but a small chance of deadlock remains if other state was mid-operation at fork time. The 'forkserver' or 'spawn' multiprocessing start method is likely a safer alternative.
  self.pid = _posixsubprocess.fork_exec(
/data/sicong/anaconda3/lib/python3.10/subprocess.py:1780: RuntimeWarning: lancedb fork support is experimental: the internal async runtime has been reset in the forked child, but a small chance of deadlock remains if other state was mid-operation at fork time. The 'forkserver' or 'spawn' multiprocessing start method is likely a safer alternative.
  self.pid = _posixsubprocess.fork_exec(
/data/sicong/anaconda3/lib/python3.10/subprocess.py:1780: RuntimeWarning: lancedb fork support is experimental: the internal async runtime has been reset in the forked child, but a small chance of deadlock remains if other state was mid-operation at fork time. The 'forkserver' or 'spawn' multiprocessing start method is likely a safer alternative.
  self.pid = _posixsubprocess.fork_exec(
/data/sicong/anaconda3/lib/python3.10/subprocess.py:1780: RuntimeWarning: lancedb fork support is experimental: the internal async runtime has been reset in the forked child, but a small chance of deadlock remains if other state was mid-operation at fork time. The 'forkserver' or 'spawn' multiprocessing start method is likely a safer alternative.
  self.pid = _posixsubprocess.fork_exec(
/data/sicong/anaconda3/lib/python3.10/subprocess.py:1780: RuntimeWarning: lancedb fork support is experimental: the internal async runtime has been reset in the forked child, but a small chance of deadlock remains if other state was mid-operation at fork time. The 'forkserver' or 'spawn' multiprocessing start method is likely a safer alternative.
  self.pid = _posixsubprocess.fork_exec(
/data/sicong/anaconda3/lib/python3.10/subprocess.py:1780: RuntimeWarning: lancedb fork support is experimental: the internal async runtime has been reset in the forked child, but a small chance of deadlock remains if other state was mid-operation at fork time. The 'forkserver' or 'spawn' multiprocessing start method is likely a safer alternative.
  self.pid = _posixsubprocess.fork_exec(
/data/sicong/anaconda3/lib/python3.10/subprocess.py:1780: RuntimeWarning: lancedb fork support is experimental: the internal async runtime has been reset in the forked child, but a small chance of deadlock remains if other state was mid-operation at fork time. The 'forkserver' or 'spawn' multiprocessing start method is likely a safer alternative.
  self.pid = _posixsubprocess.fork_exec(
/data/sicong/anaconda3/lib/python3.10/subprocess.py:1780: RuntimeWarning: lancedb fork support is experimental: the internal async runtime has been reset in the forked child, but a small chance of deadlock remains if other state was mid-operation at fork time. The 'forkserver' or 'spawn' multiprocessing start method is likely a safer alternative.
  self.pid = _posixsubprocess.fork_exec(
/data/sicong/anaconda3/lib/python3.10/subprocess.py:1780: RuntimeWarning: lancedb fork support is experimental: the internal async runtime has been reset in the forked child, but a small chance of deadlock remains if other state was mid-operation at fork time. The 'forkserver' or 'spawn' multiprocessing start method is likely a safer alternative.
  self.pid = _posixsubprocess.fork_exec(
/data/sicong/anaconda3/lib/python3.10/subprocess.py:1780: RuntimeWarning: lancedb fork support is experimental: the internal async runtime has been reset in the forked child, but a small chance of deadlock remains if other state was mid-operation at fork time. The 'forkserver' or 'spawn' multiprocessing start method is likely a safer alternative.
  self.pid = _posixsubprocess.fork_exec(
CEM solve time: 45.1525 seconds
CEM solve time: 7.2610 seconds
{'success_rate': 90.0, 'episode_successes': array([ True, False,  True, False,  True,  True,  True,  True,  True,
        True,  True,  True,  True,  True,  True,  True, False, False,
       False,  True,  True,  True,  True,  True,  True,  True,  True,
        True,  True,  True,  True,  True,  True,  True,  True,  True,
        True,  True,  True,  True,  True,  True,  True,  True,  True,
        True,  True,  True,  True,  True]), 'seeds': None}
[baseline] full_replan(50 envs)=44.674s (±0.714) per_env_replan=893.5ms
04:15:40 | INFO  | __init__.py | Cached 'action' from '/home/sicong/.stable_worldmodel/datasets/tworoom.h5'
04:15:40 | INFO  | __init__.py | Cached 'proprio' from '/home/sicong/.stable_worldmodel/datasets/tworoom.h5'
Reusing 50 eval starts from /data/sicong/weitao/le-wm/experiments/real_gauge_drift/results/tworoom_success_rate_baseline_seed0/results.json
[  2536   4965   7607  15311  20375  26096  30928  37783  69493  74356
  82517 114619 161563 161928 237198 248512 255488 276120 283530 363138
 371491 389412 443244 463993 470850 484187 498658 500650 510576 515779
 558639 566730 582236 586573 596088 598107 617757 617986 672002 672169
 704653 749140 751558 779873 783563 789858 795263 840724 861176 893923]
/data/sicong/weitao/le-wm/.venv/lib/python3.10/site-packages/gymnasium/utils/passive_env_checker.py:129: UserWarning: [33mWARN: The obs returned by the `reset()` method was expecting a numpy array, actual type: <class 'torch.Tensor'>[0m
  logger.warn(
/data/sicong/weitao/le-wm/.venv/lib/python3.10/site-packages/gymnasium/spaces/box.py:415: UserWarning: [33mWARN: Casting input x to numpy array.[0m
  gym.logger.warn("Casting input x to numpy array.")
/data/sicong/weitao/le-wm/.venv/lib/python3.10/site-packages/gymnasium/utils/passive_env_checker.py:129: UserWarning: [33mWARN: The obs returned by the `step()` method was expecting a numpy array, actual type: <class 'torch.Tensor'>[0m
  logger.warn(
/data/sicong/weitao/le-wm/.venv/lib/python3.10/site-packages/gymnasium/spaces/box.py:415: UserWarning: [33mWARN: Casting input x to numpy array.[0m
  gym.logger.warn("Casting input x to numpy array.")
/data/sicong/weitao/le-wm/.venv/lib/python3.10/site-packages/lance/__init__.py:320: UserWarning: lance is not fork-safe. If you are using multiprocessing, use spawn or forkserver instead.
  warnings.warn(
/data/sicong/anaconda3/lib/python3.10/subprocess.py:1780: RuntimeWarning: lancedb fork support is experimental: the internal async runtime has been reset in the forked child, but a small chance of deadlock remains if other state was mid-operation at fork time. The 'forkserver' or 'spawn' multiprocessing start method is likely a safer alternative.
  self.pid = _posixsubprocess.fork_exec(
/data/sicong/anaconda3/lib/python3.10/subprocess.py:1780: RuntimeWarning: lancedb fork support is experimental: the internal async runtime has been reset in the forked child, but a small chance of deadlock remains if other state was mid-operation at fork time. The 'forkserver' or 'spawn' multiprocessing start method is likely a safer alternative.
  self.pid = _posixsubprocess.fork_exec(
/data/sicong/anaconda3/lib/python3.10/subprocess.py:1780: RuntimeWarning: lancedb fork support is experimental: the internal async runtime has been reset in the forked child, but a small chance of deadlock remains if other state was mid-operation at fork time. The 'forkserver' or 'spawn' multiprocessing start method is likely a safer alternative.
  self.pid = _posixsubprocess.fork_exec(
/data/sicong/anaconda3/lib/python3.10/subprocess.py:1780: RuntimeWarning: lancedb fork support is experimental: the internal async runtime has been reset in the forked child, but a small chance of deadlock remains if other state was mid-operation at fork time. The 'forkserver' or 'spawn' multiprocessing start method is likely a safer alternative.
  self.pid = _posixsubprocess.fork_exec(
/data/sicong/anaconda3/lib/python3.10/subprocess.py:1780: RuntimeWarning: lancedb fork support is experimental: the internal async runtime has been reset in the forked child, but a small chance of deadlock remains if other state was mid-operation at fork time. The 'forkserver' or 'spawn' multiprocessing start method is likely a safer alternative.
  self.pid = _posixsubprocess.fork_exec(
/data/sicong/anaconda3/lib/python3.10/subprocess.py:1780: RuntimeWarning: lancedb fork support is experimental: the internal async runtime has been reset in the forked child, but a small chance of deadlock remains if other state was mid-operation at fork time. The 'forkserver' or 'spawn' multiprocessing start method is likely a safer alternative.
  self.pid = _posixsubprocess.fork_exec(
/data/sicong/anaconda3/lib/python3.10/subprocess.py:1780: RuntimeWarning: lancedb fork support is experimental: the internal async runtime has been reset in the forked child, but a small chance of deadlock remains if other state was mid-operation at fork time. The 'forkserver' or 'spawn' multiprocessing start method is likely a safer alternative.
  self.pid = _posixsubprocess.fork_exec(
/data/sicong/anaconda3/lib/python3.10/subprocess.py:1780: RuntimeWarning: lancedb fork support is experimental: the internal async runtime has been reset in the forked child, but a small chance of deadlock remains if other state was mid-operation at fork time. The 'forkserver' or 'spawn' multiprocessing start method is likely a safer alternative.
  self.pid = _posixsubprocess.fork_exec(
/data/sicong/anaconda3/lib/python3.10/subprocess.py:1780: RuntimeWarning: lancedb fork support is experimental: the internal async runtime has been reset in the forked child, but a small chance of deadlock remains if other state was mid-operation at fork time. The 'forkserver' or 'spawn' multiprocessing start method is likely a safer alternative.
  self.pid = _posixsubprocess.fork_exec(
/data/sicong/anaconda3/lib/python3.10/subprocess.py:1780: RuntimeWarning: lancedb fork support is experimental: the internal async runtime has been reset in the forked child, but a small chance of deadlock remains if other state was mid-operation at fork time. The 'forkserver' or 'spawn' multiprocessing start method is likely a safer alternative.
  self.pid = _posixsubprocess.fork_exec(
/data/sicong/anaconda3/lib/python3.10/subprocess.py:1780: RuntimeWarning: lancedb fork support is experimental: the internal async runtime has been reset in the forked child, but a small chance of deadlock remains if other state was mid-operation at fork time. The 'forkserver' or 'spawn' multiprocessing start method is likely a safer alternative.
  self.pid = _posixsubprocess.fork_exec(
/data/sicong/anaconda3/lib/python3.10/subprocess.py:1780: RuntimeWarning: lancedb fork support is experimental: the internal async runtime has been reset in the forked child, but a small chance of deadlock remains if other state was mid-operation at fork time. The 'forkserver' or 'spawn' multiprocessing start method is likely a safer alternative.
  self.pid = _posixsubprocess.fork_exec(
/data/sicong/anaconda3/lib/python3.10/subprocess.py:1780: RuntimeWarning: lancedb fork support is experimental: the internal async runtime has been reset in the forked child, but a small chance of deadlock remains if other state was mid-operation at fork time. The 'forkserver' or 'spawn' multiprocessing start method is likely a safer alternative.
  self.pid = _posixsubprocess.fork_exec(
/data/sicong/anaconda3/lib/python3.10/subprocess.py:1780: RuntimeWarning: lancedb fork support is experimental: the internal async runtime has been reset in the forked child, but a small chance of deadlock remains if other state was mid-operation at fork time. The 'forkserver' or 'spawn' multiprocessing start method is likely a safer alternative.
  self.pid = _posixsubprocess.fork_exec(
/data/sicong/anaconda3/lib/python3.10/subprocess.py:1780: RuntimeWarning: lancedb fork support is experimental: the internal async runtime has been reset in the forked child, but a small chance of deadlock remains if other state was mid-operation at fork time. The 'forkserver' or 'spawn' multiprocessing start method is likely a safer alternative.
  self.pid = _posixsubprocess.fork_exec(
/data/sicong/anaconda3/lib/python3.10/subprocess.py:1780: RuntimeWarning: lancedb fork support is experimental: the internal async runtime has been reset in the forked child, but a small chance of deadlock remains if other state was mid-operation at fork time. The 'forkserver' or 'spawn' multiprocessing start method is likely a safer alternative.
  self.pid = _posixsubprocess.fork_exec(
/data/sicong/anaconda3/lib/python3.10/subprocess.py:1780: RuntimeWarning: lancedb fork support is experimental: the internal async runtime has been reset in the forked child, but a small chance of deadlock remains if other state was mid-operation at fork time. The 'forkserver' or 'spawn' multiprocessing start method is likely a safer alternative.
  self.pid = _posixsubprocess.fork_exec(
/data/sicong/anaconda3/lib/python3.10/subprocess.py:1780: RuntimeWarning: lancedb fork support is experimental: the internal async runtime has been reset in the forked child, but a small chance of deadlock remains if other state was mid-operation at fork time. The 'forkserver' or 'spawn' multiprocessing start method is likely a safer alternative.
  self.pid = _posixsubprocess.fork_exec(
/data/sicong/anaconda3/lib/python3.10/subprocess.py:1780: RuntimeWarning: lancedb fork support is experimental: the internal async runtime has been reset in the forked child, but a small chance of deadlock remains if other state was mid-operation at fork time. The 'forkserver' or 'spawn' multiprocessing start method is likely a safer alternative.
  self.pid = _posixsubprocess.fork_exec(
/data/sicong/anaconda3/lib/python3.10/subprocess.py:1780: RuntimeWarning: lancedb fork support is experimental: the internal async runtime has been reset in the forked child, but a small chance of deadlock remains if other state was mid-operation at fork time. The 'forkserver' or 'spawn' multiprocessing start method is likely a safer alternative.
  self.pid = _posixsubprocess.fork_exec(
/data/sicong/anaconda3/lib/python3.10/subprocess.py:1780: RuntimeWarning: lancedb fork support is experimental: the internal async runtime has been reset in the forked child, but a small chance of deadlock remains if other state was mid-operation at fork time. The 'forkserver' or 'spawn' multiprocessing start method is likely a safer alternative.
  self.pid = _posixsubprocess.fork_exec(
/data/sicong/anaconda3/lib/python3.10/subprocess.py:1780: RuntimeWarning: lancedb fork support is experimental: the internal async runtime has been reset in the forked child, but a small chance of deadlock remains if other state was mid-operation at fork time. The 'forkserver' or 'spawn' multiprocessing start method is likely a safer alternative.
  self.pid = _posixsubprocess.fork_exec(
/data/sicong/anaconda3/lib/python3.10/subprocess.py:1780: RuntimeWarning: lancedb fork support is experimental: the internal async runtime has been reset in the forked child, but a small chance of deadlock remains if other state was mid-operation at fork time. The 'forkserver' or 'spawn' multiprocessing start method is likely a safer alternative.
  self.pid = _posixsubprocess.fork_exec(
/data/sicong/anaconda3/lib/python3.10/subprocess.py:1780: RuntimeWarning: lancedb fork support is experimental: the internal async runtime has been reset in the forked child, but a small chance of deadlock remains if other state was mid-operation at fork time. The 'forkserver' or 'spawn' multiprocessing start method is likely a safer alternative.
  self.pid = _posixsubprocess.fork_exec(
/data/sicong/anaconda3/lib/python3.10/subprocess.py:1780: RuntimeWarning: lancedb fork support is experimental: the internal async runtime has been reset in the forked child, but a small chance of deadlock remains if other state was mid-operation at fork time. The 'forkserver' or 'spawn' multiprocessing start method is likely a safer alternative.
  self.pid = _posixsubprocess.fork_exec(
/data/sicong/anaconda3/lib/python3.10/subprocess.py:1780: RuntimeWarning: lancedb fork support is experimental: the internal async runtime has been reset in the forked child, but a small chance of deadlock remains if other state was mid-operation at fork time. The 'forkserver' or 'spawn' multiprocessing start method is likely a safer alternative.
  self.pid = _posixsubprocess.fork_exec(
/data/sicong/anaconda3/lib/python3.10/subprocess.py:1780: RuntimeWarning: lancedb fork support is experimental: the internal async runtime has been reset in the forked child, but a small chance of deadlock remains if other state was mid-operation at fork time. The 'forkserver' or 'spawn' multiprocessing start method is likely a safer alternative.
  self.pid = _posixsubprocess.fork_exec(
/data/sicong/anaconda3/lib/python3.10/subprocess.py:1780: RuntimeWarning: lancedb fork support is experimental: the internal async runtime has been reset in the forked child, but a small chance of deadlock remains if other state was mid-operation at fork time. The 'forkserver' or 'spawn' multiprocessing start method is likely a safer alternative.
  self.pid = _posixsubprocess.fork_exec(
/data/sicong/anaconda3/lib/python3.10/subprocess.py:1780: RuntimeWarning: lancedb fork support is experimental: the internal async runtime has been reset in the forked child, but a small chance of deadlock remains if other state was mid-operation at fork time. The 'forkserver' or 'spawn' multiprocessing start method is likely a safer alternative.
  self.pid = _posixsubprocess.fork_exec(
/data/sicong/anaconda3/lib/python3.10/subprocess.py:1780: RuntimeWarning: lancedb fork support is experimental: the internal async runtime has been reset in the forked child, but a small chance of deadlock remains if other state was mid-operation at fork time. The 'forkserver' or 'spawn' multiprocessing start method is likely a safer alternative.
  self.pid = _posixsubprocess.fork_exec(
/data/sicong/anaconda3/lib/python3.10/subprocess.py:1780: RuntimeWarning: lancedb fork support is experimental: the internal async runtime has been reset in the forked child, but a small chance of deadlock remains if other state was mid-operation at fork time. The 'forkserver' or 'spawn' multiprocessing start method is likely a safer alternative.
  self.pid = _posixsubprocess.fork_exec(
/data/sicong/anaconda3/lib/python3.10/subprocess.py:1780: RuntimeWarning: lancedb fork support is experimental: the internal async runtime has been reset in the forked child, but a small chance of deadlock remains if other state was mid-operation at fork time. The 'forkserver' or 'spawn' multiprocessing start method is likely a safer alternative.
  self.pid = _posixsubprocess.fork_exec(
/data/sicong/anaconda3/lib/python3.10/subprocess.py:1780: RuntimeWarning: lancedb fork support is experimental: the internal async runtime has been reset in the forked child, but a small chance of deadlock remains if other state was mid-operation at fork time. The 'forkserver' or 'spawn' multiprocessing start method is likely a safer alternative.
  self.pid = _posixsubprocess.fork_exec(
/data/sicong/anaconda3/lib/python3.10/subprocess.py:1780: RuntimeWarning: lancedb fork support is experimental: the internal async runtime has been reset in the forked child, but a small chance of deadlock remains if other state was mid-operation at fork time. The 'forkserver' or 'spawn' multiprocessing start method is likely a safer alternative.
  self.pid = _posixsubprocess.fork_exec(
/data/sicong/anaconda3/lib/python3.10/subprocess.py:1780: RuntimeWarning: lancedb fork support is experimental: the internal async runtime has been reset in the forked child, but a small chance of deadlock remains if other state was mid-operation at fork time. The 'forkserver' or 'spawn' multiprocessing start method is likely a safer alternative.
  self.pid = _posixsubprocess.fork_exec(
/data/sicong/anaconda3/lib/python3.10/subprocess.py:1780: RuntimeWarning: lancedb fork support is experimental: the internal async runtime has been reset in the forked child, but a small chance of deadlock remains if other state was mid-operation at fork time. The 'forkserver' or 'spawn' multiprocessing start method is likely a safer alternative.
  self.pid = _posixsubprocess.fork_exec(
/data/sicong/anaconda3/lib/python3.10/subprocess.py:1780: RuntimeWarning: lancedb fork support is experimental: the internal async runtime has been reset in the forked child, but a small chance of deadlock remains if other state was mid-operation at fork time. The 'forkserver' or 'spawn' multiprocessing start method is likely a safer alternative.
  self.pid = _posixsubprocess.fork_exec(
/data/sicong/anaconda3/lib/python3.10/subprocess.py:1780: RuntimeWarning: lancedb fork support is experimental: the internal async runtime has been reset in the forked child, but a small chance of deadlock remains if other state was mid-operation at fork time. The 'forkserver' or 'spawn' multiprocessing start method is likely a safer alternative.
  self.pid = _posixsubprocess.fork_exec(
/data/sicong/anaconda3/lib/python3.10/subprocess.py:1780: RuntimeWarning: lancedb fork support is experimental: the internal async runtime has been reset in the forked child, but a small chance of deadlock remains if other state was mid-operation at fork time. The 'forkserver' or 'spawn' multiprocessing start method is likely a safer alternative.
  self.pid = _posixsubprocess.fork_exec(
/data/sicong/anaconda3/lib/python3.10/subprocess.py:1780: RuntimeWarning: lancedb fork support is experimental: the internal async runtime has been reset in the forked child, but a small chance of deadlock remains if other state was mid-operation at fork time. The 'forkserver' or 'spawn' multiprocessing start method is likely a safer alternative.
  self.pid = _posixsubprocess.fork_exec(
/data/sicong/anaconda3/lib/python3.10/subprocess.py:1780: RuntimeWarning: lancedb fork support is experimental: the internal async runtime has been reset in the forked child, but a small chance of deadlock remains if other state was mid-operation at fork time. The 'forkserver' or 'spawn' multiprocessing start method is likely a safer alternative.
  self.pid = _posixsubprocess.fork_exec(
/data/sicong/anaconda3/lib/python3.10/subprocess.py:1780: RuntimeWarning: lancedb fork support is experimental: the internal async runtime has been reset in the forked child, but a small chance of deadlock remains if other state was mid-operation at fork time. The 'forkserver' or 'spawn' multiprocessing start method is likely a safer alternative.
  self.pid = _posixsubprocess.fork_exec(
/data/sicong/anaconda3/lib/python3.10/subprocess.py:1780: RuntimeWarning: lancedb fork support is experimental: the internal async runtime has been reset in the forked child, but a small chance of deadlock remains if other state was mid-operation at fork time. The 'forkserver' or 'spawn' multiprocessing start method is likely a safer alternative.
  self.pid = _posixsubprocess.fork_exec(
/data/sicong/anaconda3/lib/python3.10/subprocess.py:1780: RuntimeWarning: lancedb fork support is experimental: the internal async runtime has been reset in the forked child, but a small chance of deadlock remains if other state was mid-operation at fork time. The 'forkserver' or 'spawn' multiprocessing start method is likely a safer alternative.
  self.pid = _posixsubprocess.fork_exec(
/data/sicong/anaconda3/lib/python3.10/subprocess.py:1780: RuntimeWarning: lancedb fork support is experimental: the internal async runtime has been reset in the forked child, but a small chance of deadlock remains if other state was mid-operation at fork time. The 'forkserver' or 'spawn' multiprocessing start method is likely a safer alternative.
  self.pid = _posixsubprocess.fork_exec(
/data/sicong/anaconda3/lib/python3.10/subprocess.py:1780: RuntimeWarning: lancedb fork support is experimental: the internal async runtime has been reset in the forked child, but a small chance of deadlock remains if other state was mid-operation at fork time. The 'forkserver' or 'spawn' multiprocessing start method is likely a safer alternative.
  self.pid = _posixsubprocess.fork_exec(
/data/sicong/anaconda3/lib/python3.10/subprocess.py:1780: RuntimeWarning: lancedb fork support is experimental: the internal async runtime has been reset in the forked child, but a small chance of deadlock remains if other state was mid-operation at fork time. The 'forkserver' or 'spawn' multiprocessing start method is likely a safer alternative.
  self.pid = _posixsubprocess.fork_exec(
/data/sicong/anaconda3/lib/python3.10/subprocess.py:1780: RuntimeWarning: lancedb fork support is experimental: the internal async runtime has been reset in the forked child, but a small chance of deadlock remains if other state was mid-operation at fork time. The 'forkserver' or 'spawn' multiprocessing start method is likely a safer alternative.
  self.pid = _posixsubprocess.fork_exec(
/data/sicong/anaconda3/lib/python3.10/subprocess.py:1780: RuntimeWarning: lancedb fork support is experimental: the internal async runtime has been reset in the forked child, but a small chance of deadlock remains if other state was mid-operation at fork time. The 'forkserver' or 'spawn' multiprocessing start method is likely a safer alternative.
  self.pid = _posixsubprocess.fork_exec(
/data/sicong/anaconda3/lib/python3.10/subprocess.py:1780: RuntimeWarning: lancedb fork support is experimental: the internal async runtime has been reset in the forked child, but a small chance of deadlock remains if other state was mid-operation at fork time. The 'forkserver' or 'spawn' multiprocessing start method is likely a safer alternative.
  self.pid = _posixsubprocess.fork_exec(
CEM solve time: 45.4722 seconds
CEM solve time: 7.3706 seconds
{'success_rate': 96.0, 'episode_successes': array([ True,  True,  True,  True,  True,  True,  True,  True,  True,
        True,  True,  True,  True,  True,  True,  True, False,  True,
        True,  True,  True,  True,  True, False,  True,  True,  True,
        True,  True,  True,  True,  True,  True,  True,  True,  True,
        True,  True,  True,  True,  True,  True,  True,  True,  True,
        True,  True,  True,  True,  True]), 'seeds': None}
04:16:53 | INFO  | __init__.py | Cached 'action' from '/home/sicong/.stable_worldmodel/datasets/tworoom.h5'
04:16:53 | INFO  | __init__.py | Cached 'proprio' from '/home/sicong/.stable_worldmodel/datasets/tworoom.h5'
Reusing 50 eval starts from /data/sicong/weitao/le-wm/experiments/real_gauge_drift/results/tworoom_success_rate_baseline_seed0/results.json
[  2536   4965   7607  15311  20375  26096  30928  37783  69493  74356
  82517 114619 161563 161928 237198 248512 255488 276120 283530 363138
 371491 389412 443244 463993 470850 484187 498658 500650 510576 515779
 558639 566730 582236 586573 596088 598107 617757 617986 672002 672169
 704653 749140 751558 779873 783563 789858 795263 840724 861176 893923]
/data/sicong/weitao/le-wm/.venv/lib/python3.10/site-packages/gymnasium/utils/passive_env_checker.py:129: UserWarning: [33mWARN: The obs returned by the `reset()` method was expecting a numpy array, actual type: <class 'torch.Tensor'>[0m
  logger.warn(
/data/sicong/weitao/le-wm/.venv/lib/python3.10/site-packages/gymnasium/spaces/box.py:415: UserWarning: [33mWARN: Casting input x to numpy array.[0m
  gym.logger.warn("Casting input x to numpy array.")
/data/sicong/weitao/le-wm/.venv/lib/python3.10/site-packages/gymnasium/utils/passive_env_checker.py:129: UserWarning: [33mWARN: The obs returned by the `step()` method was expecting a numpy array, actual type: <class 'torch.Tensor'>[0m
  logger.warn(
/data/sicong/weitao/le-wm/.venv/lib/python3.10/site-packages/gymnasium/spaces/box.py:415: UserWarning: [33mWARN: Casting input x to numpy array.[0m
  gym.logger.warn("Casting input x to numpy array.")
/data/sicong/weitao/le-wm/.venv/lib/python3.10/site-packages/lance/__init__.py:320: UserWarning: lance is not fork-safe. If you are using multiprocessing, use spawn or forkserver instead.
  warnings.warn(
/data/sicong/anaconda3/lib/python3.10/subprocess.py:1780: RuntimeWarning: lancedb fork support is experimental: the internal async runtime has been reset in the forked child, but a small chance of deadlock remains if other state was mid-operation at fork time. The 'forkserver' or 'spawn' multiprocessing start method is likely a safer alternative.
  self.pid = _posixsubprocess.fork_exec(
/data/sicong/anaconda3/lib/python3.10/subprocess.py:1780: RuntimeWarning: lancedb fork support is experimental: the internal async runtime has been reset in the forked child, but a small chance of deadlock remains if other state was mid-operation at fork time. The 'forkserver' or 'spawn' multiprocessing start method is likely a safer alternative.
  self.pid = _posixsubprocess.fork_exec(
/data/sicong/anaconda3/lib/python3.10/subprocess.py:1780: RuntimeWarning: lancedb fork support is experimental: the internal async runtime has been reset in the forked child, but a small chance of deadlock remains if other state was mid-operation at fork time. The 'forkserver' or 'spawn' multiprocessing start method is likely a safer alternative.
  self.pid = _posixsubprocess.fork_exec(
/data/sicong/anaconda3/lib/python3.10/subprocess.py:1780: RuntimeWarning: lancedb fork support is experimental: the internal async runtime has been reset in the forked child, but a small chance of deadlock remains if other state was mid-operation at fork time. The 'forkserver' or 'spawn' multiprocessing start method is likely a safer alternative.
  self.pid = _posixsubprocess.fork_exec(
/data/sicong/anaconda3/lib/python3.10/subprocess.py:1780: RuntimeWarning: lancedb fork support is experimental: the internal async runtime has been reset in the forked child, but a small chance of deadlock remains if other state was mid-operation at fork time. The 'forkserver' or 'spawn' multiprocessing start method is likely a safer alternative.
  self.pid = _posixsubprocess.fork_exec(
/data/sicong/anaconda3/lib/python3.10/subprocess.py:1780: RuntimeWarning: lancedb fork support is experimental: the internal async runtime has been reset in the forked child, but a small chance of deadlock remains if other state was mid-operation at fork time. The 'forkserver' or 'spawn' multiprocessing start method is likely a safer alternative.
  self.pid = _posixsubprocess.fork_exec(
/data/sicong/anaconda3/lib/python3.10/subprocess.py:1780: RuntimeWarning: lancedb fork support is experimental: the internal async runtime has been reset in the forked child, but a small chance of deadlock remains if other state was mid-operation at fork time. The 'forkserver' or 'spawn' multiprocessing start method is likely a safer alternative.
  self.pid = _posixsubprocess.fork_exec(
/data/sicong/anaconda3/lib/python3.10/subprocess.py:1780: RuntimeWarning: lancedb fork support is experimental: the internal async runtime has been reset in the forked child, but a small chance of deadlock remains if other state was mid-operation at fork time. The 'forkserver' or 'spawn' multiprocessing start method is likely a safer alternative.
  self.pid = _posixsubprocess.fork_exec(
/data/sicong/anaconda3/lib/python3.10/subprocess.py:1780: RuntimeWarning: lancedb fork support is experimental: the internal async runtime has been reset in the forked child, but a small chance of deadlock remains if other state was mid-operation at fork time. The 'forkserver' or 'spawn' multiprocessing start method is likely a safer alternative.
  self.pid = _posixsubprocess.fork_exec(
/data/sicong/anaconda3/lib/python3.10/subprocess.py:1780: RuntimeWarning: lancedb fork support is experimental: the internal async runtime has been reset in the forked child, but a small chance of deadlock remains if other state was mid-operation at fork time. The 'forkserver' or 'spawn' multiprocessing start method is likely a safer alternative.
  self.pid = _posixsubprocess.fork_exec(
/data/sicong/anaconda3/lib/python3.10/subprocess.py:1780: RuntimeWarning: lancedb fork support is experimental: the internal async runtime has been reset in the forked child, but a small chance of deadlock remains if other state was mid-operation at fork time. The 'forkserver' or 'spawn' multiprocessing start method is likely a safer alternative.
  self.pid = _posixsubprocess.fork_exec(
/data/sicong/anaconda3/lib/python3.10/subprocess.py:1780: RuntimeWarning: lancedb fork support is experimental: the internal async runtime has been reset in the forked child, but a small chance of deadlock remains if other state was mid-operation at fork time. The 'forkserver' or 'spawn' multiprocessing start method is likely a safer alternative.
  self.pid = _posixsubprocess.fork_exec(
/data/sicong/anaconda3/lib/python3.10/subprocess.py:1780: RuntimeWarning: lancedb fork support is experimental: the internal async runtime has been reset in the forked child, but a small chance of deadlock remains if other state was mid-operation at fork time. The 'forkserver' or 'spawn' multiprocessing start method is likely a safer alternative.
  self.pid = _posixsubprocess.fork_exec(
/data/sicong/anaconda3/lib/python3.10/subprocess.py:1780: RuntimeWarning: lancedb fork support is experimental: the internal async runtime has been reset in the forked child, but a small chance of deadlock remains if other state was mid-operation at fork time. The 'forkserver' or 'spawn' multiprocessing start method is likely a safer alternative.
  self.pid = _posixsubprocess.fork_exec(
/data/sicong/anaconda3/lib/python3.10/subprocess.py:1780: RuntimeWarning: lancedb fork support is experimental: the internal async runtime has been reset in the forked child, but a small chance of deadlock remains if other state was mid-operation at fork time. The 'forkserver' or 'spawn' multiprocessing start method is likely a safer alternative.
  self.pid = _posixsubprocess.fork_exec(
/data/sicong/anaconda3/lib/python3.10/subprocess.py:1780: RuntimeWarning: lancedb fork support is experimental: the internal async runtime has been reset in the forked child, but a small chance of deadlock remains if other state was mid-operation at fork time. The 'forkserver' or 'spawn' multiprocessing start method is likely a safer alternative.
  self.pid = _posixsubprocess.fork_exec(
/data/sicong/anaconda3/lib/python3.10/subprocess.py:1780: RuntimeWarning: lancedb fork support is experimental: the internal async runtime has been reset in the forked child, but a small chance of deadlock remains if other state was mid-operation at fork time. The 'forkserver' or 'spawn' multiprocessing start method is likely a safer alternative.
  self.pid = _posixsubprocess.fork_exec(
/data/sicong/anaconda3/lib/python3.10/subprocess.py:1780: RuntimeWarning: lancedb fork support is experimental: the internal async runtime has been reset in the forked child, but a small chance of deadlock remains if other state was mid-operation at fork time. The 'forkserver' or 'spawn' multiprocessing start method is likely a safer alternative.
  self.pid = _posixsubprocess.fork_exec(
/data/sicong/anaconda3/lib/python3.10/subprocess.py:1780: RuntimeWarning: lancedb fork support is experimental: the internal async runtime has been reset in the forked child, but a small chance of deadlock remains if other state was mid-operation at fork time. The 'forkserver' or 'spawn' multiprocessing start method is likely a safer alternative.
  self.pid = _posixsubprocess.fork_exec(
/data/sicong/anaconda3/lib/python3.10/subprocess.py:1780: RuntimeWarning: lancedb fork support is experimental: the internal async runtime has been reset in the forked child, but a small chance of deadlock remains if other state was mid-operation at fork time. The 'forkserver' or 'spawn' multiprocessing start method is likely a safer alternative.
  self.pid = _posixsubprocess.fork_exec(
/data/sicong/anaconda3/lib/python3.10/subprocess.py:1780: RuntimeWarning: lancedb fork support is experimental: the internal async runtime has been reset in the forked child, but a small chance of deadlock remains if other state was mid-operation at fork time. The 'forkserver' or 'spawn' multiprocessing start method is likely a safer alternative.
  self.pid = _posixsubprocess.fork_exec(
/data/sicong/anaconda3/lib/python3.10/subprocess.py:1780: RuntimeWarning: lancedb fork support is experimental: the internal async runtime has been reset in the forked child, but a small chance of deadlock remains if other state was mid-operation at fork time. The 'forkserver' or 'spawn' multiprocessing start method is likely a safer alternative.
  self.pid = _posixsubprocess.fork_exec(
/data/sicong/anaconda3/lib/python3.10/subprocess.py:1780: RuntimeWarning: lancedb fork support is experimental: the internal async runtime has been reset in the forked child, but a small chance of deadlock remains if other state was mid-operation at fork time. The 'forkserver' or 'spawn' multiprocessing start method is likely a safer alternative.
  self.pid = _posixsubprocess.fork_exec(
/data/sicong/anaconda3/lib/python3.10/subprocess.py:1780: RuntimeWarning: lancedb fork support is experimental: the internal async runtime has been reset in the forked child, but a small chance of deadlock remains if other state was mid-operation at fork time. The 'forkserver' or 'spawn' multiprocessing start method is likely a safer alternative.
  self.pid = _posixsubprocess.fork_exec(
/data/sicong/anaconda3/lib/python3.10/subprocess.py:1780: RuntimeWarning: lancedb fork support is experimental: the internal async runtime has been reset in the forked child, but a small chance of deadlock remains if other state was mid-operation at fork time. The 'forkserver' or 'spawn' multiprocessing start method is likely a safer alternative.
  self.pid = _posixsubprocess.fork_exec(
/data/sicong/anaconda3/lib/python3.10/subprocess.py:1780: RuntimeWarning: lancedb fork support is experimental: the internal async runtime has been reset in the forked child, but a small chance of deadlock remains if other state was mid-operation at fork time. The 'forkserver' or 'spawn' multiprocessing start method is likely a safer alternative.
  self.pid = _posixsubprocess.fork_exec(
/data/sicong/anaconda3/lib/python3.10/subprocess.py:1780: RuntimeWarning: lancedb fork support is experimental: the internal async runtime has been reset in the forked child, but a small chance of deadlock remains if other state was mid-operation at fork time. The 'forkserver' or 'spawn' multiprocessing start method is likely a safer alternative.
  self.pid = _posixsubprocess.fork_exec(
/data/sicong/anaconda3/lib/python3.10/subprocess.py:1780: RuntimeWarning: lancedb fork support is experimental: the internal async runtime has been reset in the forked child, but a small chance of deadlock remains if other state was mid-operation at fork time. The 'forkserver' or 'spawn' multiprocessing start method is likely a safer alternative.
  self.pid = _posixsubprocess.fork_exec(
/data/sicong/anaconda3/lib/python3.10/subprocess.py:1780: RuntimeWarning: lancedb fork support is experimental: the internal async runtime has been reset in the forked child, but a small chance of deadlock remains if other state was mid-operation at fork time. The 'forkserver' or 'spawn' multiprocessing start method is likely a safer alternative.
  self.pid = _posixsubprocess.fork_exec(
/data/sicong/anaconda3/lib/python3.10/subprocess.py:1780: RuntimeWarning: lancedb fork support is experimental: the internal async runtime has been reset in the forked child, but a small chance of deadlock remains if other state was mid-operation at fork time. The 'forkserver' or 'spawn' multiprocessing start method is likely a safer alternative.
  self.pid = _posixsubprocess.fork_exec(
/data/sicong/anaconda3/lib/python3.10/subprocess.py:1780: RuntimeWarning: lancedb fork support is experimental: the internal async runtime has been reset in the forked child, but a small chance of deadlock remains if other state was mid-operation at fork time. The 'forkserver' or 'spawn' multiprocessing start method is likely a safer alternative.
  self.pid = _posixsubprocess.fork_exec(
/data/sicong/anaconda3/lib/python3.10/subprocess.py:1780: RuntimeWarning: lancedb fork support is experimental: the internal async runtime has been reset in the forked child, but a small chance of deadlock remains if other state was mid-operation at fork time. The 'forkserver' or 'spawn' multiprocessing start method is likely a safer alternative.
  self.pid = _posixsubprocess.fork_exec(
/data/sicong/anaconda3/lib/python3.10/subprocess.py:1780: RuntimeWarning: lancedb fork support is experimental: the internal async runtime has been reset in the forked child, but a small chance of deadlock remains if other state was mid-operation at fork time. The 'forkserver' or 'spawn' multiprocessing start method is likely a safer alternative.
  self.pid = _posixsubprocess.fork_exec(
/data/sicong/anaconda3/lib/python3.10/subprocess.py:1780: RuntimeWarning: lancedb fork support is experimental: the internal async runtime has been reset in the forked child, but a small chance of deadlock remains if other state was mid-operation at fork time. The 'forkserver' or 'spawn' multiprocessing start method is likely a safer alternative.
  self.pid = _posixsubprocess.fork_exec(
/data/sicong/anaconda3/lib/python3.10/subprocess.py:1780: RuntimeWarning: lancedb fork support is experimental: the internal async runtime has been reset in the forked child, but a small chance of deadlock remains if other state was mid-operation at fork time. The 'forkserver' or 'spawn' multiprocessing start method is likely a safer alternative.
  self.pid = _posixsubprocess.fork_exec(
/data/sicong/anaconda3/lib/python3.10/subprocess.py:1780: RuntimeWarning: lancedb fork support is experimental: the internal async runtime has been reset in the forked child, but a small chance of deadlock remains if other state was mid-operation at fork time. The 'forkserver' or 'spawn' multiprocessing start method is likely a safer alternative.
  self.pid = _posixsubprocess.fork_exec(
/data/sicong/anaconda3/lib/python3.10/subprocess.py:1780: RuntimeWarning: lancedb fork support is experimental: the internal async runtime has been reset in the forked child, but a small chance of deadlock remains if other state was mid-operation at fork time. The 'forkserver' or 'spawn' multiprocessing start method is likely a safer alternative.
  self.pid = _posixsubprocess.fork_exec(
/data/sicong/anaconda3/lib/python3.10/subprocess.py:1780: RuntimeWarning: lancedb fork support is experimental: the internal async runtime has been reset in the forked child, but a small chance of deadlock remains if other state was mid-operation at fork time. The 'forkserver' or 'spawn' multiprocessing start method is likely a safer alternative.
  self.pid = _posixsubprocess.fork_exec(
/data/sicong/anaconda3/lib/python3.10/subprocess.py:1780: RuntimeWarning: lancedb fork support is experimental: the internal async runtime has been reset in the forked child, but a small chance of deadlock remains if other state was mid-operation at fork time. The 'forkserver' or 'spawn' multiprocessing start method is likely a safer alternative.
  self.pid = _posixsubprocess.fork_exec(
/data/sicong/anaconda3/lib/python3.10/subprocess.py:1780: RuntimeWarning: lancedb fork support is experimental: the internal async runtime has been reset in the forked child, but a small chance of deadlock remains if other state was mid-operation at fork time. The 'forkserver' or 'spawn' multiprocessing start method is likely a safer alternative.
  self.pid = _posixsubprocess.fork_exec(
/data/sicong/anaconda3/lib/python3.10/subprocess.py:1780: RuntimeWarning: lancedb fork support is experimental: the internal async runtime has been reset in the forked child, but a small chance of deadlock remains if other state was mid-operation at fork time. The 'forkserver' or 'spawn' multiprocessing start method is likely a safer alternative.
  self.pid = _posixsubprocess.fork_exec(
/data/sicong/anaconda3/lib/python3.10/subprocess.py:1780: RuntimeWarning: lancedb fork support is experimental: the internal async runtime has been reset in the forked child, but a small chance of deadlock remains if other state was mid-operation at fork time. The 'forkserver' or 'spawn' multiprocessing start method is likely a safer alternative.
  self.pid = _posixsubprocess.fork_exec(
/data/sicong/anaconda3/lib/python3.10/subprocess.py:1780: RuntimeWarning: lancedb fork support is experimental: the internal async runtime has been reset in the forked child, but a small chance of deadlock remains if other state was mid-operation at fork time. The 'forkserver' or 'spawn' multiprocessing start method is likely a safer alternative.
  self.pid = _posixsubprocess.fork_exec(
/data/sicong/anaconda3/lib/python3.10/subprocess.py:1780: RuntimeWarning: lancedb fork support is experimental: the internal async runtime has been reset in the forked child, but a small chance of deadlock remains if other state was mid-operation at fork time. The 'forkserver' or 'spawn' multiprocessing start method is likely a safer alternative.
  self.pid = _posixsubprocess.fork_exec(
/data/sicong/anaconda3/lib/python3.10/subprocess.py:1780: RuntimeWarning: lancedb fork support is experimental: the internal async runtime has been reset in the forked child, but a small chance of deadlock remains if other state was mid-operation at fork time. The 'forkserver' or 'spawn' multiprocessing start method is likely a safer alternative.
  self.pid = _posixsubprocess.fork_exec(
/data/sicong/anaconda3/lib/python3.10/subprocess.py:1780: RuntimeWarning: lancedb fork support is experimental: the internal async runtime has been reset in the forked child, but a small chance of deadlock remains if other state was mid-operation at fork time. The 'forkserver' or 'spawn' multiprocessing start method is likely a safer alternative.
  self.pid = _posixsubprocess.fork_exec(
/data/sicong/anaconda3/lib/python3.10/subprocess.py:1780: RuntimeWarning: lancedb fork support is experimental: the internal async runtime has been reset in the forked child, but a small chance of deadlock remains if other state was mid-operation at fork time. The 'forkserver' or 'spawn' multiprocessing start method is likely a safer alternative.
  self.pid = _posixsubprocess.fork_exec(
/data/sicong/anaconda3/lib/python3.10/subprocess.py:1780: RuntimeWarning: lancedb fork support is experimental: the internal async runtime has been reset in the forked child, but a small chance of deadlock remains if other state was mid-operation at fork time. The 'forkserver' or 'spawn' multiprocessing start method is likely a safer alternative.
  self.pid = _posixsubprocess.fork_exec(
/data/sicong/anaconda3/lib/python3.10/subprocess.py:1780: RuntimeWarning: lancedb fork support is experimental: the internal async runtime has been reset in the forked child, but a small chance of deadlock remains if other state was mid-operation at fork time. The 'forkserver' or 'spawn' multiprocessing start method is likely a safer alternative.
  self.pid = _posixsubprocess.fork_exec(
/data/sicong/anaconda3/lib/python3.10/subprocess.py:1780: RuntimeWarning: lancedb fork support is experimental: the internal async runtime has been reset in the forked child, but a small chance of deadlock remains if other state was mid-operation at fork time. The 'forkserver' or 'spawn' multiprocessing start method is likely a safer alternative.
  self.pid = _posixsubprocess.fork_exec(
CEM solve time: 46.1246 seconds
CEM solve time: 7.5092 seconds
{'success_rate': 96.0, 'episode_successes': array([ True,  True,  True,  True,  True,  True,  True,  True,  True,
        True,  True,  True,  True,  True,  True,  True, False,  True,
        True,  True,  True,  True,  True, False,  True,  True,  True,
        True,  True,  True,  True,  True,  True,  True,  True,  True,
        True,  True,  True,  True,  True,  True,  True,  True,  True,
        True,  True,  True,  True,  True]), 'seeds': None}
04:18:05 | INFO  | __init__.py | Cached 'action' from '/home/sicong/.stable_worldmodel/datasets/tworoom.h5'
04:18:05 | INFO  | __init__.py | Cached 'proprio' from '/home/sicong/.stable_worldmodel/datasets/tworoom.h5'
Reusing 50 eval starts from /data/sicong/weitao/le-wm/experiments/real_gauge_drift/results/tworoom_success_rate_baseline_seed0/results.json
[  2536   4965   7607  15311  20375  26096  30928  37783  69493  74356
  82517 114619 161563 161928 237198 248512 255488 276120 283530 363138
 371491 389412 443244 463993 470850 484187 498658 500650 510576 515779
 558639 566730 582236 586573 596088 598107 617757 617986 672002 672169
 704653 749140 751558 779873 783563 789858 795263 840724 861176 893923]
/data/sicong/weitao/le-wm/.venv/lib/python3.10/site-packages/gymnasium/utils/passive_env_checker.py:129: UserWarning: [33mWARN: The obs returned by the `reset()` method was expecting a numpy array, actual type: <class 'torch.Tensor'>[0m
  logger.warn(
/data/sicong/weitao/le-wm/.venv/lib/python3.10/site-packages/gymnasium/spaces/box.py:415: UserWarning: [33mWARN: Casting input x to numpy array.[0m
  gym.logger.warn("Casting input x to numpy array.")
/data/sicong/weitao/le-wm/.venv/lib/python3.10/site-packages/gymnasium/utils/passive_env_checker.py:129: UserWarning: [33mWARN: The obs returned by the `step()` method was expecting a numpy array, actual type: <class 'torch.Tensor'>[0m
  logger.warn(
/data/sicong/weitao/le-wm/.venv/lib/python3.10/site-packages/gymnasium/spaces/box.py:415: UserWarning: [33mWARN: Casting input x to numpy array.[0m
  gym.logger.warn("Casting input x to numpy array.")
/data/sicong/weitao/le-wm/.venv/lib/python3.10/site-packages/lance/__init__.py:320: UserWarning: lance is not fork-safe. If you are using multiprocessing, use spawn or forkserver instead.
  warnings.warn(
/data/sicong/anaconda3/lib/python3.10/subprocess.py:1780: RuntimeWarning: lancedb fork support is experimental: the internal async runtime has been reset in the forked child, but a small chance of deadlock remains if other state was mid-operation at fork time. The 'forkserver' or 'spawn' multiprocessing start method is likely a safer alternative.
  self.pid = _posixsubprocess.fork_exec(
/data/sicong/anaconda3/lib/python3.10/subprocess.py:1780: RuntimeWarning: lancedb fork support is experimental: the internal async runtime has been reset in the forked child, but a small chance of deadlock remains if other state was mid-operation at fork time. The 'forkserver' or 'spawn' multiprocessing start method is likely a safer alternative.
  self.pid = _posixsubprocess.fork_exec(
/data/sicong/anaconda3/lib/python3.10/subprocess.py:1780: RuntimeWarning: lancedb fork support is experimental: the internal async runtime has been reset in the forked child, but a small chance of deadlock remains if other state was mid-operation at fork time. The 'forkserver' or 'spawn' multiprocessing start method is likely a safer alternative.
  self.pid = _posixsubprocess.fork_exec(
/data/sicong/anaconda3/lib/python3.10/subprocess.py:1780: RuntimeWarning: lancedb fork support is experimental: the internal async runtime has been reset in the forked child, but a small chance of deadlock remains if other state was mid-operation at fork time. The 'forkserver' or 'spawn' multiprocessing start method is likely a safer alternative.
  self.pid = _posixsubprocess.fork_exec(
/data/sicong/anaconda3/lib/python3.10/subprocess.py:1780: RuntimeWarning: lancedb fork support is experimental: the internal async runtime has been reset in the forked child, but a small chance of deadlock remains if other state was mid-operation at fork time. The 'forkserver' or 'spawn' multiprocessing start method is likely a safer alternative.
  self.pid = _posixsubprocess.fork_exec(
/data/sicong/anaconda3/lib/python3.10/subprocess.py:1780: RuntimeWarning: lancedb fork support is experimental: the internal async runtime has been reset in the forked child, but a small chance of deadlock remains if other state was mid-operation at fork time. The 'forkserver' or 'spawn' multiprocessing start method is likely a safer alternative.
  self.pid = _posixsubprocess.fork_exec(
/data/sicong/anaconda3/lib/python3.10/subprocess.py:1780: RuntimeWarning: lancedb fork support is experimental: the internal async runtime has been reset in the forked child, but a small chance of deadlock remains if other state was mid-operation at fork time. The 'forkserver' or 'spawn' multiprocessing start method is likely a safer alternative.
  self.pid = _posixsubprocess.fork_exec(
/data/sicong/anaconda3/lib/python3.10/subprocess.py:1780: RuntimeWarning: lancedb fork support is experimental: the internal async runtime has been reset in the forked child, but a small chance of deadlock remains if other state was mid-operation at fork time. The 'forkserver' or 'spawn' multiprocessing start method is likely a safer alternative.
  self.pid = _posixsubprocess.fork_exec(
/data/sicong/anaconda3/lib/python3.10/subprocess.py:1780: RuntimeWarning: lancedb fork support is experimental: the internal async runtime has been reset in the forked child, but a small chance of deadlock remains if other state was mid-operation at fork time. The 'forkserver' or 'spawn' multiprocessing start method is likely a safer alternative.
  self.pid = _posixsubprocess.fork_exec(
/data/sicong/anaconda3/lib/python3.10/subprocess.py:1780: RuntimeWarning: lancedb fork support is experimental: the internal async runtime has been reset in the forked child, but a small chance of deadlock remains if other state was mid-operation at fork time. The 'forkserver' or 'spawn' multiprocessing start method is likely a safer alternative.
  self.pid = _posixsubprocess.fork_exec(
/data/sicong/anaconda3/lib/python3.10/subprocess.py:1780: RuntimeWarning: lancedb fork support is experimental: the internal async runtime has been reset in the forked child, but a small chance of deadlock remains if other state was mid-operation at fork time. The 'forkserver' or 'spawn' multiprocessing start method is likely a safer alternative.
  self.pid = _posixsubprocess.fork_exec(
/data/sicong/anaconda3/lib/python3.10/subprocess.py:1780: RuntimeWarning: lancedb fork support is experimental: the internal async runtime has been reset in the forked child, but a small chance of deadlock remains if other state was mid-operation at fork time. The 'forkserver' or 'spawn' multiprocessing start method is likely a safer alternative.
  self.pid = _posixsubprocess.fork_exec(
/data/sicong/anaconda3/lib/python3.10/subprocess.py:1780: RuntimeWarning: lancedb fork support is experimental: the internal async runtime has been reset in the forked child, but a small chance of deadlock remains if other state was mid-operation at fork time. The 'forkserver' or 'spawn' multiprocessing start method is likely a safer alternative.
  self.pid = _posixsubprocess.fork_exec(
/data/sicong/anaconda3/lib/python3.10/subprocess.py:1780: RuntimeWarning: lancedb fork support is experimental: the internal async runtime has been reset in the forked child, but a small chance of deadlock remains if other state was mid-operation at fork time. The 'forkserver' or 'spawn' multiprocessing start method is likely a safer alternative.
  self.pid = _posixsubprocess.fork_exec(
/data/sicong/anaconda3/lib/python3.10/subprocess.py:1780: RuntimeWarning: lancedb fork support is experimental: the internal async runtime has been reset in the forked child, but a small chance of deadlock remains if other state was mid-operation at fork time. The 'forkserver' or 'spawn' multiprocessing start method is likely a safer alternative.
  self.pid = _posixsubprocess.fork_exec(
/data/sicong/anaconda3/lib/python3.10/subprocess.py:1780: RuntimeWarning: lancedb fork support is experimental: the internal async runtime has been reset in the forked child, but a small chance of deadlock remains if other state was mid-operation at fork time. The 'forkserver' or 'spawn' multiprocessing start method is likely a safer alternative.
  self.pid = _posixsubprocess.fork_exec(
/data/sicong/anaconda3/lib/python3.10/subprocess.py:1780: RuntimeWarning: lancedb fork support is experimental: the internal async runtime has been reset in the forked child, but a small chance of deadlock remains if other state was mid-operation at fork time. The 'forkserver' or 'spawn' multiprocessing start method is likely a safer alternative.
  self.pid = _posixsubprocess.fork_exec(
/data/sicong/anaconda3/lib/python3.10/subprocess.py:1780: RuntimeWarning: lancedb fork support is experimental: the internal async runtime has been reset in the forked child, but a small chance of deadlock remains if other state was mid-operation at fork time. The 'forkserver' or 'spawn' multiprocessing start method is likely a safer alternative.
  self.pid = _posixsubprocess.fork_exec(
/data/sicong/anaconda3/lib/python3.10/subprocess.py:1780: RuntimeWarning: lancedb fork support is experimental: the internal async runtime has been reset in the forked child, but a small chance of deadlock remains if other state was mid-operation at fork time. The 'forkserver' or 'spawn' multiprocessing start method is likely a safer alternative.
  self.pid = _posixsubprocess.fork_exec(
/data/sicong/anaconda3/lib/python3.10/subprocess.py:1780: RuntimeWarning: lancedb fork support is experimental: the internal async runtime has been reset in the forked child, but a small chance of deadlock remains if other state was mid-operation at fork time. The 'forkserver' or 'spawn' multiprocessing start method is likely a safer alternative.
  self.pid = _posixsubprocess.fork_exec(
/data/sicong/anaconda3/lib/python3.10/subprocess.py:1780: RuntimeWarning: lancedb fork support is experimental: the internal async runtime has been reset in the forked child, but a small chance of deadlock remains if other state was mid-operation at fork time. The 'forkserver' or 'spawn' multiprocessing start method is likely a safer alternative.
  self.pid = _posixsubprocess.fork_exec(
/data/sicong/anaconda3/lib/python3.10/subprocess.py:1780: RuntimeWarning: lancedb fork support is experimental: the internal async runtime has been reset in the forked child, but a small chance of deadlock remains if other state was mid-operation at fork time. The 'forkserver' or 'spawn' multiprocessing start method is likely a safer alternative.
  self.pid = _posixsubprocess.fork_exec(
/data/sicong/anaconda3/lib/python3.10/subprocess.py:1780: RuntimeWarning: lancedb fork support is experimental: the internal async runtime has been reset in the forked child, but a small chance of deadlock remains if other state was mid-operation at fork time. The 'forkserver' or 'spawn' multiprocessing start method is likely a safer alternative.
  self.pid = _posixsubprocess.fork_exec(
/data/sicong/anaconda3/lib/python3.10/subprocess.py:1780: RuntimeWarning: lancedb fork support is experimental: the internal async runtime has been reset in the forked child, but a small chance of deadlock remains if other state was mid-operation at fork time. The 'forkserver' or 'spawn' multiprocessing start method is likely a safer alternative.
  self.pid = _posixsubprocess.fork_exec(
/data/sicong/anaconda3/lib/python3.10/subprocess.py:1780: RuntimeWarning: lancedb fork support is experimental: the internal async runtime has been reset in the forked child, but a small chance of deadlock remains if other state was mid-operation at fork time. The 'forkserver' or 'spawn' multiprocessing start method is likely a safer alternative.
  self.pid = _posixsubprocess.fork_exec(
/data/sicong/anaconda3/lib/python3.10/subprocess.py:1780: RuntimeWarning: lancedb fork support is experimental: the internal async runtime has been reset in the forked child, but a small chance of deadlock remains if other state was mid-operation at fork time. The 'forkserver' or 'spawn' multiprocessing start method is likely a safer alternative.
  self.pid = _posixsubprocess.fork_exec(
/data/sicong/anaconda3/lib/python3.10/subprocess.py:1780: RuntimeWarning: lancedb fork support is experimental: the internal async runtime has been reset in the forked child, but a small chance of deadlock remains if other state was mid-operation at fork time. The 'forkserver' or 'spawn' multiprocessing start method is likely a safer alternative.
  self.pid = _posixsubprocess.fork_exec(
/data/sicong/anaconda3/lib/python3.10/subprocess.py:1780: RuntimeWarning: lancedb fork support is experimental: the internal async runtime has been reset in the forked child, but a small chance of deadlock remains if other state was mid-operation at fork time. The 'forkserver' or 'spawn' multiprocessing start method is likely a safer alternative.
  self.pid = _posixsubprocess.fork_exec(
/data/sicong/anaconda3/lib/python3.10/subprocess.py:1780: RuntimeWarning: lancedb fork support is experimental: the internal async runtime has been reset in the forked child, but a small chance of deadlock remains if other state was mid-operation at fork time. The 'forkserver' or 'spawn' multiprocessing start method is likely a safer alternative.
  self.pid = _posixsubprocess.fork_exec(
/data/sicong/anaconda3/lib/python3.10/subprocess.py:1780: RuntimeWarning: lancedb fork support is experimental: the internal async runtime has been reset in the forked child, but a small chance of deadlock remains if other state was mid-operation at fork time. The 'forkserver' or 'spawn' multiprocessing start method is likely a safer alternative.
  self.pid = _posixsubprocess.fork_exec(
/data/sicong/anaconda3/lib/python3.10/subprocess.py:1780: RuntimeWarning: lancedb fork support is experimental: the internal async runtime has been reset in the forked child, but a small chance of deadlock remains if other state was mid-operation at fork time. The 'forkserver' or 'spawn' multiprocessing start method is likely a safer alternative.
  self.pid = _posixsubprocess.fork_exec(
/data/sicong/anaconda3/lib/python3.10/subprocess.py:1780: RuntimeWarning: lancedb fork support is experimental: the internal async runtime has been reset in the forked child, but a small chance of deadlock remains if other state was mid-operation at fork time. The 'forkserver' or 'spawn' multiprocessing start method is likely a safer alternative.
  self.pid = _posixsubprocess.fork_exec(
/data/sicong/anaconda3/lib/python3.10/subprocess.py:1780: RuntimeWarning: lancedb fork support is experimental: the internal async runtime has been reset in the forked child, but a small chance of deadlock remains if other state was mid-operation at fork time. The 'forkserver' or 'spawn' multiprocessing start method is likely a safer alternative.
  self.pid = _posixsubprocess.fork_exec(
/data/sicong/anaconda3/lib/python3.10/subprocess.py:1780: RuntimeWarning: lancedb fork support is experimental: the internal async runtime has been reset in the forked child, but a small chance of deadlock remains if other state was mid-operation at fork time. The 'forkserver' or 'spawn' multiprocessing start method is likely a safer alternative.
  self.pid = _posixsubprocess.fork_exec(
/data/sicong/anaconda3/lib/python3.10/subprocess.py:1780: RuntimeWarning: lancedb fork support is experimental: the internal async runtime has been reset in the forked child, but a small chance of deadlock remains if other state was mid-operation at fork time. The 'forkserver' or 'spawn' multiprocessing start method is likely a safer alternative.
  self.pid = _posixsubprocess.fork_exec(
/data/sicong/anaconda3/lib/python3.10/subprocess.py:1780: RuntimeWarning: lancedb fork support is experimental: the internal async runtime has been reset in the forked child, but a small chance of deadlock remains if other state was mid-operation at fork time. The 'forkserver' or 'spawn' multiprocessing start method is likely a safer alternative.
  self.pid = _posixsubprocess.fork_exec(
/data/sicong/anaconda3/lib/python3.10/subprocess.py:1780: RuntimeWarning: lancedb fork support is experimental: the internal async runtime has been reset in the forked child, but a small chance of deadlock remains if other state was mid-operation at fork time. The 'forkserver' or 'spawn' multiprocessing start method is likely a safer alternative.
  self.pid = _posixsubprocess.fork_exec(
/data/sicong/anaconda3/lib/python3.10/subprocess.py:1780: RuntimeWarning: lancedb fork support is experimental: the internal async runtime has been reset in the forked child, but a small chance of deadlock remains if other state was mid-operation at fork time. The 'forkserver' or 'spawn' multiprocessing start method is likely a safer alternative.
  self.pid = _posixsubprocess.fork_exec(
/data/sicong/anaconda3/lib/python3.10/subprocess.py:1780: RuntimeWarning: lancedb fork support is experimental: the internal async runtime has been reset in the forked child, but a small chance of deadlock remains if other state was mid-operation at fork time. The 'forkserver' or 'spawn' multiprocessing start method is likely a safer alternative.
  self.pid = _posixsubprocess.fork_exec(
/data/sicong/anaconda3/lib/python3.10/subprocess.py:1780: RuntimeWarning: lancedb fork support is experimental: the internal async runtime has been reset in the forked child, but a small chance of deadlock remains if other state was mid-operation at fork time. The 'forkserver' or 'spawn' multiprocessing start method is likely a safer alternative.
  self.pid = _posixsubprocess.fork_exec(
/data/sicong/anaconda3/lib/python3.10/subprocess.py:1780: RuntimeWarning: lancedb fork support is experimental: the internal async runtime has been reset in the forked child, but a small chance of deadlock remains if other state was mid-operation at fork time. The 'forkserver' or 'spawn' multiprocessing start method is likely a safer alternative.
  self.pid = _posixsubprocess.fork_exec(
/data/sicong/anaconda3/lib/python3.10/subprocess.py:1780: RuntimeWarning: lancedb fork support is experimental: the internal async runtime has been reset in the forked child, but a small chance of deadlock remains if other state was mid-operation at fork time. The 'forkserver' or 'spawn' multiprocessing start method is likely a safer alternative.
  self.pid = _posixsubprocess.fork_exec(
/data/sicong/anaconda3/lib/python3.10/subprocess.py:1780: RuntimeWarning: lancedb fork support is experimental: the internal async runtime has been reset in the forked child, but a small chance of deadlock remains if other state was mid-operation at fork time. The 'forkserver' or 'spawn' multiprocessing start method is likely a safer alternative.
  self.pid = _posixsubprocess.fork_exec(
/data/sicong/anaconda3/lib/python3.10/subprocess.py:1780: RuntimeWarning: lancedb fork support is experimental: the internal async runtime has been reset in the forked child, but a small chance of deadlock remains if other state was mid-operation at fork time. The 'forkserver' or 'spawn' multiprocessing start method is likely a safer alternative.
  self.pid = _posixsubprocess.fork_exec(
/data/sicong/anaconda3/lib/python3.10/subprocess.py:1780: RuntimeWarning: lancedb fork support is experimental: the internal async runtime has been reset in the forked child, but a small chance of deadlock remains if other state was mid-operation at fork time. The 'forkserver' or 'spawn' multiprocessing start method is likely a safer alternative.
  self.pid = _posixsubprocess.fork_exec(
/data/sicong/anaconda3/lib/python3.10/subprocess.py:1780: RuntimeWarning: lancedb fork support is experimental: the internal async runtime has been reset in the forked child, but a small chance of deadlock remains if other state was mid-operation at fork time. The 'forkserver' or 'spawn' multiprocessing start method is likely a safer alternative.
  self.pid = _posixsubprocess.fork_exec(
/data/sicong/anaconda3/lib/python3.10/subprocess.py:1780: RuntimeWarning: lancedb fork support is experimental: the internal async runtime has been reset in the forked child, but a small chance of deadlock remains if other state was mid-operation at fork time. The 'forkserver' or 'spawn' multiprocessing start method is likely a safer alternative.
  self.pid = _posixsubprocess.fork_exec(
/data/sicong/anaconda3/lib/python3.10/subprocess.py:1780: RuntimeWarning: lancedb fork support is experimental: the internal async runtime has been reset in the forked child, but a small chance of deadlock remains if other state was mid-operation at fork time. The 'forkserver' or 'spawn' multiprocessing start method is likely a safer alternative.
  self.pid = _posixsubprocess.fork_exec(
/data/sicong/anaconda3/lib/python3.10/subprocess.py:1780: RuntimeWarning: lancedb fork support is experimental: the internal async runtime has been reset in the forked child, but a small chance of deadlock remains if other state was mid-operation at fork time. The 'forkserver' or 'spawn' multiprocessing start method is likely a safer alternative.
  self.pid = _posixsubprocess.fork_exec(
/data/sicong/anaconda3/lib/python3.10/subprocess.py:1780: RuntimeWarning: lancedb fork support is experimental: the internal async runtime has been reset in the forked child, but a small chance of deadlock remains if other state was mid-operation at fork time. The 'forkserver' or 'spawn' multiprocessing start method is likely a safer alternative.
  self.pid = _posixsubprocess.fork_exec(
CEM solve time: 45.8022 seconds
CEM solve time: 7.2621 seconds
{'success_rate': 96.0, 'episode_successes': array([ True,  True,  True,  True,  True,  True,  True,  True,  True,
        True,  True,  True,  True,  True,  True,  True, False,  True,
        True,  True,  True,  True,  True, False,  True,  True,  True,
        True,  True,  True,  True,  True,  True,  True,  True,  True,
        True,  True,  True,  True,  True,  True,  True,  True,  True,
        True,  True,  True,  True,  True]), 'seeds': None}
[rooms3] full_replan(50 envs)=45.800s (±0.326) per_env_replan=916.0ms
04:19:17 | INFO  | __init__.py | Cached 'action' from '/home/sicong/.stable_worldmodel/datasets/tworoom.h5'
04:19:17 | INFO  | __init__.py | Cached 'proprio' from '/home/sicong/.stable_worldmodel/datasets/tworoom.h5'
Reusing 50 eval starts from /data/sicong/weitao/le-wm/experiments/real_gauge_drift/results/tworoom_success_rate_baseline_seed0/results.json
[  2536   4965   7607  15311  20375  26096  30928  37783  69493  74356
  82517 114619 161563 161928 237198 248512 255488 276120 283530 363138
 371491 389412 443244 463993 470850 484187 498658 500650 510576 515779
 558639 566730 582236 586573 596088 598107 617757 617986 672002 672169
 704653 749140 751558 779873 783563 789858 795263 840724 861176 893923]
/data/sicong/weitao/le-wm/.venv/lib/python3.10/site-packages/gymnasium/utils/passive_env_checker.py:129: UserWarning: [33mWARN: The obs returned by the `reset()` method was expecting a numpy array, actual type: <class 'torch.Tensor'>[0m
  logger.warn(
/data/sicong/weitao/le-wm/.venv/lib/python3.10/site-packages/gymnasium/spaces/box.py:415: UserWarning: [33mWARN: Casting input x to numpy array.[0m
  gym.logger.warn("Casting input x to numpy array.")
/data/sicong/weitao/le-wm/.venv/lib/python3.10/site-packages/gymnasium/utils/passive_env_checker.py:129: UserWarning: [33mWARN: The obs returned by the `step()` method was expecting a numpy array, actual type: <class 'torch.Tensor'>[0m
  logger.warn(
/data/sicong/weitao/le-wm/.venv/lib/python3.10/site-packages/gymnasium/spaces/box.py:415: UserWarning: [33mWARN: Casting input x to numpy array.[0m
  gym.logger.warn("Casting input x to numpy array.")
/data/sicong/weitao/le-wm/.venv/lib/python3.10/site-packages/lance/__init__.py:320: UserWarning: lance is not fork-safe. If you are using multiprocessing, use spawn or forkserver instead.
  warnings.warn(
/data/sicong/anaconda3/lib/python3.10/subprocess.py:1780: RuntimeWarning: lancedb fork support is experimental: the internal async runtime has been reset in the forked child, but a small chance of deadlock remains if other state was mid-operation at fork time. The 'forkserver' or 'spawn' multiprocessing start method is likely a safer alternative.
  self.pid = _posixsubprocess.fork_exec(
/data/sicong/anaconda3/lib/python3.10/subprocess.py:1780: RuntimeWarning: lancedb fork support is experimental: the internal async runtime has been reset in the forked child, but a small chance of deadlock remains if other state was mid-operation at fork time. The 'forkserver' or 'spawn' multiprocessing start method is likely a safer alternative.
  self.pid = _posixsubprocess.fork_exec(
/data/sicong/anaconda3/lib/python3.10/subprocess.py:1780: RuntimeWarning: lancedb fork support is experimental: the internal async runtime has been reset in the forked child, but a small chance of deadlock remains if other state was mid-operation at fork time. The 'forkserver' or 'spawn' multiprocessing start method is likely a safer alternative.
  self.pid = _posixsubprocess.fork_exec(
/data/sicong/anaconda3/lib/python3.10/subprocess.py:1780: RuntimeWarning: lancedb fork support is experimental: the internal async runtime has been reset in the forked child, but a small chance of deadlock remains if other state was mid-operation at fork time. The 'forkserver' or 'spawn' multiprocessing start method is likely a safer alternative.
  self.pid = _posixsubprocess.fork_exec(
/data/sicong/anaconda3/lib/python3.10/subprocess.py:1780: RuntimeWarning: lancedb fork support is experimental: the internal async runtime has been reset in the forked child, but a small chance of deadlock remains if other state was mid-operation at fork time. The 'forkserver' or 'spawn' multiprocessing start method is likely a safer alternative.
  self.pid = _posixsubprocess.fork_exec(
/data/sicong/anaconda3/lib/python3.10/subprocess.py:1780: RuntimeWarning: lancedb fork support is experimental: the internal async runtime has been reset in the forked child, but a small chance of deadlock remains if other state was mid-operation at fork time. The 'forkserver' or 'spawn' multiprocessing start method is likely a safer alternative.
  self.pid = _posixsubprocess.fork_exec(
/data/sicong/anaconda3/lib/python3.10/subprocess.py:1780: RuntimeWarning: lancedb fork support is experimental: the internal async runtime has been reset in the forked child, but a small chance of deadlock remains if other state was mid-operation at fork time. The 'forkserver' or 'spawn' multiprocessing start method is likely a safer alternative.
  self.pid = _posixsubprocess.fork_exec(
/data/sicong/anaconda3/lib/python3.10/subprocess.py:1780: RuntimeWarning: lancedb fork support is experimental: the internal async runtime has been reset in the forked child, but a small chance of deadlock remains if other state was mid-operation at fork time. The 'forkserver' or 'spawn' multiprocessing start method is likely a safer alternative.
  self.pid = _posixsubprocess.fork_exec(
/data/sicong/anaconda3/lib/python3.10/subprocess.py:1780: RuntimeWarning: lancedb fork support is experimental: the internal async runtime has been reset in the forked child, but a small chance of deadlock remains if other state was mid-operation at fork time. The 'forkserver' or 'spawn' multiprocessing start method is likely a safer alternative.
  self.pid = _posixsubprocess.fork_exec(
/data/sicong/anaconda3/lib/python3.10/subprocess.py:1780: RuntimeWarning: lancedb fork support is experimental: the internal async runtime has been reset in the forked child, but a small chance of deadlock remains if other state was mid-operation at fork time. The 'forkserver' or 'spawn' multiprocessing start method is likely a safer alternative.
  self.pid = _posixsubprocess.fork_exec(
/data/sicong/anaconda3/lib/python3.10/subprocess.py:1780: RuntimeWarning: lancedb fork support is experimental: the internal async runtime has been reset in the forked child, but a small chance of deadlock remains if other state was mid-operation at fork time. The 'forkserver' or 'spawn' multiprocessing start method is likely a safer alternative.
  self.pid = _posixsubprocess.fork_exec(
/data/sicong/anaconda3/lib/python3.10/subprocess.py:1780: RuntimeWarning: lancedb fork support is experimental: the internal async runtime has been reset in the forked child, but a small chance of deadlock remains if other state was mid-operation at fork time. The 'forkserver' or 'spawn' multiprocessing start method is likely a safer alternative.
  self.pid = _posixsubprocess.fork_exec(
/data/sicong/anaconda3/lib/python3.10/subprocess.py:1780: RuntimeWarning: lancedb fork support is experimental: the internal async runtime has been reset in the forked child, but a small chance of deadlock remains if other state was mid-operation at fork time. The 'forkserver' or 'spawn' multiprocessing start method is likely a safer alternative.
  self.pid = _posixsubprocess.fork_exec(
/data/sicong/anaconda3/lib/python3.10/subprocess.py:1780: RuntimeWarning: lancedb fork support is experimental: the internal async runtime has been reset in the forked child, but a small chance of deadlock remains if other state was mid-operation at fork time. The 'forkserver' or 'spawn' multiprocessing start method is likely a safer alternative.
  self.pid = _posixsubprocess.fork_exec(
/data/sicong/anaconda3/lib/python3.10/subprocess.py:1780: RuntimeWarning: lancedb fork support is experimental: the internal async runtime has been reset in the forked child, but a small chance of deadlock remains if other state was mid-operation at fork time. The 'forkserver' or 'spawn' multiprocessing start method is likely a safer alternative.
  self.pid = _posixsubprocess.fork_exec(
/data/sicong/anaconda3/lib/python3.10/subprocess.py:1780: RuntimeWarning: lancedb fork support is experimental: the internal async runtime has been reset in the forked child, but a small chance of deadlock remains if other state was mid-operation at fork time. The 'forkserver' or 'spawn' multiprocessing start method is likely a safer alternative.
  self.pid = _posixsubprocess.fork_exec(
/data/sicong/anaconda3/lib/python3.10/subprocess.py:1780: RuntimeWarning: lancedb fork support is experimental: the internal async runtime has been reset in the forked child, but a small chance of deadlock remains if other state was mid-operation at fork time. The 'forkserver' or 'spawn' multiprocessing start method is likely a safer alternative.
  self.pid = _posixsubprocess.fork_exec(
/data/sicong/anaconda3/lib/python3.10/subprocess.py:1780: RuntimeWarning: lancedb fork support is experimental: the internal async runtime has been reset in the forked child, but a small chance of deadlock remains if other state was mid-operation at fork time. The 'forkserver' or 'spawn' multiprocessing start method is likely a safer alternative.
  self.pid = _posixsubprocess.fork_exec(
/data/sicong/anaconda3/lib/python3.10/subprocess.py:1780: RuntimeWarning: lancedb fork support is experimental: the internal async runtime has been reset in the forked child, but a small chance of deadlock remains if other state was mid-operation at fork time. The 'forkserver' or 'spawn' multiprocessing start method is likely a safer alternative.
  self.pid = _posixsubprocess.fork_exec(
/data/sicong/anaconda3/lib/python3.10/subprocess.py:1780: RuntimeWarning: lancedb fork support is experimental: the internal async runtime has been reset in the forked child, but a small chance of deadlock remains if other state was mid-operation at fork time. The 'forkserver' or 'spawn' multiprocessing start method is likely a safer alternative.
  self.pid = _posixsubprocess.fork_exec(
/data/sicong/anaconda3/lib/python3.10/subprocess.py:1780: RuntimeWarning: lancedb fork support is experimental: the internal async runtime has been reset in the forked child, but a small chance of deadlock remains if other state was mid-operation at fork time. The 'forkserver' or 'spawn' multiprocessing start method is likely a safer alternative.
  self.pid = _posixsubprocess.fork_exec(
/data/sicong/anaconda3/lib/python3.10/subprocess.py:1780: RuntimeWarning: lancedb fork support is experimental: the internal async runtime has been reset in the forked child, but a small chance of deadlock remains if other state was mid-operation at fork time. The 'forkserver' or 'spawn' multiprocessing start method is likely a safer alternative.
  self.pid = _posixsubprocess.fork_exec(
/data/sicong/anaconda3/lib/python3.10/subprocess.py:1780: RuntimeWarning: lancedb fork support is experimental: the internal async runtime has been reset in the forked child, but a small chance of deadlock remains if other state was mid-operation at fork time. The 'forkserver' or 'spawn' multiprocessing start method is likely a safer alternative.
  self.pid = _posixsubprocess.fork_exec(
/data/sicong/anaconda3/lib/python3.10/subprocess.py:1780: RuntimeWarning: lancedb fork support is experimental: the internal async runtime has been reset in the forked child, but a small chance of deadlock remains if other state was mid-operation at fork time. The 'forkserver' or 'spawn' multiprocessing start method is likely a safer alternative.
  self.pid = _posixsubprocess.fork_exec(
/data/sicong/anaconda3/lib/python3.10/subprocess.py:1780: RuntimeWarning: lancedb fork support is experimental: the internal async runtime has been reset in the forked child, but a small chance of deadlock remains if other state was mid-operation at fork time. The 'forkserver' or 'spawn' multiprocessing start method is likely a safer alternative.
  self.pid = _posixsubprocess.fork_exec(
/data/sicong/anaconda3/lib/python3.10/subprocess.py:1780: RuntimeWarning: lancedb fork support is experimental: the internal async runtime has been reset in the forked child, but a small chance of deadlock remains if other state was mid-operation at fork time. The 'forkserver' or 'spawn' multiprocessing start method is likely a safer alternative.
  self.pid = _posixsubprocess.fork_exec(
/data/sicong/anaconda3/lib/python3.10/subprocess.py:1780: RuntimeWarning: lancedb fork support is experimental: the internal async runtime has been reset in the forked child, but a small chance of deadlock remains if other state was mid-operation at fork time. The 'forkserver' or 'spawn' multiprocessing start method is likely a safer alternative.
  self.pid = _posixsubprocess.fork_exec(
/data/sicong/anaconda3/lib/python3.10/subprocess.py:1780: RuntimeWarning: lancedb fork support is experimental: the internal async runtime has been reset in the forked child, but a small chance of deadlock remains if other state was mid-operation at fork time. The 'forkserver' or 'spawn' multiprocessing start method is likely a safer alternative.
  self.pid = _posixsubprocess.fork_exec(
/data/sicong/anaconda3/lib/python3.10/subprocess.py:1780: RuntimeWarning: lancedb fork support is experimental: the internal async runtime has been reset in the forked child, but a small chance of deadlock remains if other state was mid-operation at fork time. The 'forkserver' or 'spawn' multiprocessing start method is likely a safer alternative.
  self.pid = _posixsubprocess.fork_exec(
/data/sicong/anaconda3/lib/python3.10/subprocess.py:1780: RuntimeWarning: lancedb fork support is experimental: the internal async runtime has been reset in the forked child, but a small chance of deadlock remains if other state was mid-operation at fork time. The 'forkserver' or 'spawn' multiprocessing start method is likely a safer alternative.
  self.pid = _posixsubprocess.fork_exec(
/data/sicong/anaconda3/lib/python3.10/subprocess.py:1780: RuntimeWarning: lancedb fork support is experimental: the internal async runtime has been reset in the forked child, but a small chance of deadlock remains if other state was mid-operation at fork time. The 'forkserver' or 'spawn' multiprocessing start method is likely a safer alternative.
  self.pid = _posixsubprocess.fork_exec(
/data/sicong/anaconda3/lib/python3.10/subprocess.py:1780: RuntimeWarning: lancedb fork support is experimental: the internal async runtime has been reset in the forked child, but a small chance of deadlock remains if other state was mid-operation at fork time. The 'forkserver' or 'spawn' multiprocessing start method is likely a safer alternative.
  self.pid = _posixsubprocess.fork_exec(
/data/sicong/anaconda3/lib/python3.10/subprocess.py:1780: RuntimeWarning: lancedb fork support is experimental: the internal async runtime has been reset in the forked child, but a small chance of deadlock remains if other state was mid-operation at fork time. The 'forkserver' or 'spawn' multiprocessing start method is likely a safer alternative.
  self.pid = _posixsubprocess.fork_exec(
/data/sicong/anaconda3/lib/python3.10/subprocess.py:1780: RuntimeWarning: lancedb fork support is experimental: the internal async runtime has been reset in the forked child, but a small chance of deadlock remains if other state was mid-operation at fork time. The 'forkserver' or 'spawn' multiprocessing start method is likely a safer alternative.
  self.pid = _posixsubprocess.fork_exec(
/data/sicong/anaconda3/lib/python3.10/subprocess.py:1780: RuntimeWarning: lancedb fork support is experimental: the internal async runtime has been reset in the forked child, but a small chance of deadlock remains if other state was mid-operation at fork time. The 'forkserver' or 'spawn' multiprocessing start method is likely a safer alternative.
  self.pid = _posixsubprocess.fork_exec(
/data/sicong/anaconda3/lib/python3.10/subprocess.py:1780: RuntimeWarning: lancedb fork support is experimental: the internal async runtime has been reset in the forked child, but a small chance of deadlock remains if other state was mid-operation at fork time. The 'forkserver' or 'spawn' multiprocessing start method is likely a safer alternative.
  self.pid = _posixsubprocess.fork_exec(
/data/sicong/anaconda3/lib/python3.10/subprocess.py:1780: RuntimeWarning: lancedb fork support is experimental: the internal async runtime has been reset in the forked child, but a small chance of deadlock remains if other state was mid-operation at fork time. The 'forkserver' or 'spawn' multiprocessing start method is likely a safer alternative.
  self.pid = _posixsubprocess.fork_exec(
/data/sicong/anaconda3/lib/python3.10/subprocess.py:1780: RuntimeWarning: lancedb fork support is experimental: the internal async runtime has been reset in the forked child, but a small chance of deadlock remains if other state was mid-operation at fork time. The 'forkserver' or 'spawn' multiprocessing start method is likely a safer alternative.
  self.pid = _posixsubprocess.fork_exec(
/data/sicong/anaconda3/lib/python3.10/subprocess.py:1780: RuntimeWarning: lancedb fork support is experimental: the internal async runtime has been reset in the forked child, but a small chance of deadlock remains if other state was mid-operation at fork time. The 'forkserver' or 'spawn' multiprocessing start method is likely a safer alternative.
  self.pid = _posixsubprocess.fork_exec(
/data/sicong/anaconda3/lib/python3.10/subprocess.py:1780: RuntimeWarning: lancedb fork support is experimental: the internal async runtime has been reset in the forked child, but a small chance of deadlock remains if other state was mid-operation at fork time. The 'forkserver' or 'spawn' multiprocessing start method is likely a safer alternative.
  self.pid = _posixsubprocess.fork_exec(
/data/sicong/anaconda3/lib/python3.10/subprocess.py:1780: RuntimeWarning: lancedb fork support is experimental: the internal async runtime has been reset in the forked child, but a small chance of deadlock remains if other state was mid-operation at fork time. The 'forkserver' or 'spawn' multiprocessing start method is likely a safer alternative.
  self.pid = _posixsubprocess.fork_exec(
/data/sicong/anaconda3/lib/python3.10/subprocess.py:1780: RuntimeWarning: lancedb fork support is experimental: the internal async runtime has been reset in the forked child, but a small chance of deadlock remains if other state was mid-operation at fork time. The 'forkserver' or 'spawn' multiprocessing start method is likely a safer alternative.
  self.pid = _posixsubprocess.fork_exec(
/data/sicong/anaconda3/lib/python3.10/subprocess.py:1780: RuntimeWarning: lancedb fork support is experimental: the internal async runtime has been reset in the forked child, but a small chance of deadlock remains if other state was mid-operation at fork time. The 'forkserver' or 'spawn' multiprocessing start method is likely a safer alternative.
  self.pid = _posixsubprocess.fork_exec(
/data/sicong/anaconda3/lib/python3.10/subprocess.py:1780: RuntimeWarning: lancedb fork support is experimental: the internal async runtime has been reset in the forked child, but a small chance of deadlock remains if other state was mid-operation at fork time. The 'forkserver' or 'spawn' multiprocessing start method is likely a safer alternative.
  self.pid = _posixsubprocess.fork_exec(
/data/sicong/anaconda3/lib/python3.10/subprocess.py:1780: RuntimeWarning: lancedb fork support is experimental: the internal async runtime has been reset in the forked child, but a small chance of deadlock remains if other state was mid-operation at fork time. The 'forkserver' or 'spawn' multiprocessing start method is likely a safer alternative.
  self.pid = _posixsubprocess.fork_exec(
/data/sicong/anaconda3/lib/python3.10/subprocess.py:1780: RuntimeWarning: lancedb fork support is experimental: the internal async runtime has been reset in the forked child, but a small chance of deadlock remains if other state was mid-operation at fork time. The 'forkserver' or 'spawn' multiprocessing start method is likely a safer alternative.
  self.pid = _posixsubprocess.fork_exec(
/data/sicong/anaconda3/lib/python3.10/subprocess.py:1780: RuntimeWarning: lancedb fork support is experimental: the internal async runtime has been reset in the forked child, but a small chance of deadlock remains if other state was mid-operation at fork time. The 'forkserver' or 'spawn' multiprocessing start method is likely a safer alternative.
  self.pid = _posixsubprocess.fork_exec(
/data/sicong/anaconda3/lib/python3.10/subprocess.py:1780: RuntimeWarning: lancedb fork support is experimental: the internal async runtime has been reset in the forked child, but a small chance of deadlock remains if other state was mid-operation at fork time. The 'forkserver' or 'spawn' multiprocessing start method is likely a safer alternative.
  self.pid = _posixsubprocess.fork_exec(
/data/sicong/anaconda3/lib/python3.10/subprocess.py:1780: RuntimeWarning: lancedb fork support is experimental: the internal async runtime has been reset in the forked child, but a small chance of deadlock remains if other state was mid-operation at fork time. The 'forkserver' or 'spawn' multiprocessing start method is likely a safer alternative.
  self.pid = _posixsubprocess.fork_exec(
/data/sicong/anaconda3/lib/python3.10/subprocess.py:1780: RuntimeWarning: lancedb fork support is experimental: the internal async runtime has been reset in the forked child, but a small chance of deadlock remains if other state was mid-operation at fork time. The 'forkserver' or 'spawn' multiprocessing start method is likely a safer alternative.
  self.pid = _posixsubprocess.fork_exec(
CEM solve time: 46.2489 seconds
CEM solve time: 4.5511 seconds
{'success_rate': 98.0, 'episode_successes': array([ True,  True,  True,  True,  True,  True,  True,  True,  True,
        True,  True,  True,  True,  True,  True,  True, False,  True,
        True,  True,  True,  True,  True,  True,  True,  True,  True,
        True,  True,  True,  True,  True,  True,  True,  True,  True,
        True,  True,  True,  True,  True,  True,  True,  True,  True,
        True,  True,  True,  True,  True]), 'seeds': None}
04:20:27 | INFO  | __init__.py | Cached 'action' from '/home/sicong/.stable_worldmodel/datasets/tworoom.h5'
04:20:27 | INFO  | __init__.py | Cached 'proprio' from '/home/sicong/.stable_worldmodel/datasets/tworoom.h5'
Reusing 50 eval starts from /data/sicong/weitao/le-wm/experiments/real_gauge_drift/results/tworoom_success_rate_baseline_seed0/results.json
[  2536   4965   7607  15311  20375  26096  30928  37783  69493  74356
  82517 114619 161563 161928 237198 248512 255488 276120 283530 363138
 371491 389412 443244 463993 470850 484187 498658 500650 510576 515779
 558639 566730 582236 586573 596088 598107 617757 617986 672002 672169
 704653 749140 751558 779873 783563 789858 795263 840724 861176 893923]
/data/sicong/weitao/le-wm/.venv/lib/python3.10/site-packages/gymnasium/utils/passive_env_checker.py:129: UserWarning: [33mWARN: The obs returned by the `reset()` method was expecting a numpy array, actual type: <class 'torch.Tensor'>[0m
  logger.warn(
/data/sicong/weitao/le-wm/.venv/lib/python3.10/site-packages/gymnasium/spaces/box.py:415: UserWarning: [33mWARN: Casting input x to numpy array.[0m
  gym.logger.warn("Casting input x to numpy array.")
/data/sicong/weitao/le-wm/.venv/lib/python3.10/site-packages/gymnasium/utils/passive_env_checker.py:129: UserWarning: [33mWARN: The obs returned by the `step()` method was expecting a numpy array, actual type: <class 'torch.Tensor'>[0m
  logger.warn(
/data/sicong/weitao/le-wm/.venv/lib/python3.10/site-packages/gymnasium/spaces/box.py:415: UserWarning: [33mWARN: Casting input x to numpy array.[0m
  gym.logger.warn("Casting input x to numpy array.")
/data/sicong/weitao/le-wm/.venv/lib/python3.10/site-packages/lance/__init__.py:320: UserWarning: lance is not fork-safe. If you are using multiprocessing, use spawn or forkserver instead.
  warnings.warn(
/data/sicong/anaconda3/lib/python3.10/subprocess.py:1780: RuntimeWarning: lancedb fork support is experimental: the internal async runtime has been reset in the forked child, but a small chance of deadlock remains if other state was mid-operation at fork time. The 'forkserver' or 'spawn' multiprocessing start method is likely a safer alternative.
  self.pid = _posixsubprocess.fork_exec(
/data/sicong/anaconda3/lib/python3.10/subprocess.py:1780: RuntimeWarning: lancedb fork support is experimental: the internal async runtime has been reset in the forked child, but a small chance of deadlock remains if other state was mid-operation at fork time. The 'forkserver' or 'spawn' multiprocessing start method is likely a safer alternative.
  self.pid = _posixsubprocess.fork_exec(
/data/sicong/anaconda3/lib/python3.10/subprocess.py:1780: RuntimeWarning: lancedb fork support is experimental: the internal async runtime has been reset in the forked child, but a small chance of deadlock remains if other state was mid-operation at fork time. The 'forkserver' or 'spawn' multiprocessing start method is likely a safer alternative.
  self.pid = _posixsubprocess.fork_exec(
/data/sicong/anaconda3/lib/python3.10/subprocess.py:1780: RuntimeWarning: lancedb fork support is experimental: the internal async runtime has been reset in the forked child, but a small chance of deadlock remains if other state was mid-operation at fork time. The 'forkserver' or 'spawn' multiprocessing start method is likely a safer alternative.
  self.pid = _posixsubprocess.fork_exec(
/data/sicong/anaconda3/lib/python3.10/subprocess.py:1780: RuntimeWarning: lancedb fork support is experimental: the internal async runtime has been reset in the forked child, but a small chance of deadlock remains if other state was mid-operation at fork time. The 'forkserver' or 'spawn' multiprocessing start method is likely a safer alternative.
  self.pid = _posixsubprocess.fork_exec(
/data/sicong/anaconda3/lib/python3.10/subprocess.py:1780: RuntimeWarning: lancedb fork support is experimental: the internal async runtime has been reset in the forked child, but a small chance of deadlock remains if other state was mid-operation at fork time. The 'forkserver' or 'spawn' multiprocessing start method is likely a safer alternative.
  self.pid = _posixsubprocess.fork_exec(
/data/sicong/anaconda3/lib/python3.10/subprocess.py:1780: RuntimeWarning: lancedb fork support is experimental: the internal async runtime has been reset in the forked child, but a small chance of deadlock remains if other state was mid-operation at fork time. The 'forkserver' or 'spawn' multiprocessing start method is likely a safer alternative.
  self.pid = _posixsubprocess.fork_exec(
/data/sicong/anaconda3/lib/python3.10/subprocess.py:1780: RuntimeWarning: lancedb fork support is experimental: the internal async runtime has been reset in the forked child, but a small chance of deadlock remains if other state was mid-operation at fork time. The 'forkserver' or 'spawn' multiprocessing start method is likely a safer alternative.
  self.pid = _posixsubprocess.fork_exec(
/data/sicong/anaconda3/lib/python3.10/subprocess.py:1780: RuntimeWarning: lancedb fork support is experimental: the internal async runtime has been reset in the forked child, but a small chance of deadlock remains if other state was mid-operation at fork time. The 'forkserver' or 'spawn' multiprocessing start method is likely a safer alternative.
  self.pid = _posixsubprocess.fork_exec(
/data/sicong/anaconda3/lib/python3.10/subprocess.py:1780: RuntimeWarning: lancedb fork support is experimental: the internal async runtime has been reset in the forked child, but a small chance of deadlock remains if other state was mid-operation at fork time. The 'forkserver' or 'spawn' multiprocessing start method is likely a safer alternative.
  self.pid = _posixsubprocess.fork_exec(
/data/sicong/anaconda3/lib/python3.10/subprocess.py:1780: RuntimeWarning: lancedb fork support is experimental: the internal async runtime has been reset in the forked child, but a small chance of deadlock remains if other state was mid-operation at fork time. The 'forkserver' or 'spawn' multiprocessing start method is likely a safer alternative.
  self.pid = _posixsubprocess.fork_exec(
/data/sicong/anaconda3/lib/python3.10/subprocess.py:1780: RuntimeWarning: lancedb fork support is experimental: the internal async runtime has been reset in the forked child, but a small chance of deadlock remains if other state was mid-operation at fork time. The 'forkserver' or 'spawn' multiprocessing start method is likely a safer alternative.
  self.pid = _posixsubprocess.fork_exec(
/data/sicong/anaconda3/lib/python3.10/subprocess.py:1780: RuntimeWarning: lancedb fork support is experimental: the internal async runtime has been reset in the forked child, but a small chance of deadlock remains if other state was mid-operation at fork time. The 'forkserver' or 'spawn' multiprocessing start method is likely a safer alternative.
  self.pid = _posixsubprocess.fork_exec(
/data/sicong/anaconda3/lib/python3.10/subprocess.py:1780: RuntimeWarning: lancedb fork support is experimental: the internal async runtime has been reset in the forked child, but a small chance of deadlock remains if other state was mid-operation at fork time. The 'forkserver' or 'spawn' multiprocessing start method is likely a safer alternative.
  self.pid = _posixsubprocess.fork_exec(
/data/sicong/anaconda3/lib/python3.10/subprocess.py:1780: RuntimeWarning: lancedb fork support is experimental: the internal async runtime has been reset in the forked child, but a small chance of deadlock remains if other state was mid-operation at fork time. The 'forkserver' or 'spawn' multiprocessing start method is likely a safer alternative.
  self.pid = _posixsubprocess.fork_exec(
/data/sicong/anaconda3/lib/python3.10/subprocess.py:1780: RuntimeWarning: lancedb fork support is experimental: the internal async runtime has been reset in the forked child, but a small chance of deadlock remains if other state was mid-operation at fork time. The 'forkserver' or 'spawn' multiprocessing start method is likely a safer alternative.
  self.pid = _posixsubprocess.fork_exec(
/data/sicong/anaconda3/lib/python3.10/subprocess.py:1780: RuntimeWarning: lancedb fork support is experimental: the internal async runtime has been reset in the forked child, but a small chance of deadlock remains if other state was mid-operation at fork time. The 'forkserver' or 'spawn' multiprocessing start method is likely a safer alternative.
  self.pid = _posixsubprocess.fork_exec(
/data/sicong/anaconda3/lib/python3.10/subprocess.py:1780: RuntimeWarning: lancedb fork support is experimental: the internal async runtime has been reset in the forked child, but a small chance of deadlock remains if other state was mid-operation at fork time. The 'forkserver' or 'spawn' multiprocessing start method is likely a safer alternative.
  self.pid = _posixsubprocess.fork_exec(
/data/sicong/anaconda3/lib/python3.10/subprocess.py:1780: RuntimeWarning: lancedb fork support is experimental: the internal async runtime has been reset in the forked child, but a small chance of deadlock remains if other state was mid-operation at fork time. The 'forkserver' or 'spawn' multiprocessing start method is likely a safer alternative.
  self.pid = _posixsubprocess.fork_exec(
/data/sicong/anaconda3/lib/python3.10/subprocess.py:1780: RuntimeWarning: lancedb fork support is experimental: the internal async runtime has been reset in the forked child, but a small chance of deadlock remains if other state was mid-operation at fork time. The 'forkserver' or 'spawn' multiprocessing start method is likely a safer alternative.
  self.pid = _posixsubprocess.fork_exec(
/data/sicong/anaconda3/lib/python3.10/subprocess.py:1780: RuntimeWarning: lancedb fork support is experimental: the internal async runtime has been reset in the forked child, but a small chance of deadlock remains if other state was mid-operation at fork time. The 'forkserver' or 'spawn' multiprocessing start method is likely a safer alternative.
  self.pid = _posixsubprocess.fork_exec(
/data/sicong/anaconda3/lib/python3.10/subprocess.py:1780: RuntimeWarning: lancedb fork support is experimental: the internal async runtime has been reset in the forked child, but a small chance of deadlock remains if other state was mid-operation at fork time. The 'forkserver' or 'spawn' multiprocessing start method is likely a safer alternative.
  self.pid = _posixsubprocess.fork_exec(
/data/sicong/anaconda3/lib/python3.10/subprocess.py:1780: RuntimeWarning: lancedb fork support is experimental: the internal async runtime has been reset in the forked child, but a small chance of deadlock remains if other state was mid-operation at fork time. The 'forkserver' or 'spawn' multiprocessing start method is likely a safer alternative.
  self.pid = _posixsubprocess.fork_exec(
/data/sicong/anaconda3/lib/python3.10/subprocess.py:1780: RuntimeWarning: lancedb fork support is experimental: the internal async runtime has been reset in the forked child, but a small chance of deadlock remains if other state was mid-operation at fork time. The 'forkserver' or 'spawn' multiprocessing start method is likely a safer alternative.
  self.pid = _posixsubprocess.fork_exec(
/data/sicong/anaconda3/lib/python3.10/subprocess.py:1780: RuntimeWarning: lancedb fork support is experimental: the internal async runtime has been reset in the forked child, but a small chance of deadlock remains if other state was mid-operation at fork time. The 'forkserver' or 'spawn' multiprocessing start method is likely a safer alternative.
  self.pid = _posixsubprocess.fork_exec(
/data/sicong/anaconda3/lib/python3.10/subprocess.py:1780: RuntimeWarning: lancedb fork support is experimental: the internal async runtime has been reset in the forked child, but a small chance of deadlock remains if other state was mid-operation at fork time. The 'forkserver' or 'spawn' multiprocessing start method is likely a safer alternative.
  self.pid = _posixsubprocess.fork_exec(
/data/sicong/anaconda3/lib/python3.10/subprocess.py:1780: RuntimeWarning: lancedb fork support is experimental: the internal async runtime has been reset in the forked child, but a small chance of deadlock remains if other state was mid-operation at fork time. The 'forkserver' or 'spawn' multiprocessing start method is likely a safer alternative.
  self.pid = _posixsubprocess.fork_exec(
/data/sicong/anaconda3/lib/python3.10/subprocess.py:1780: RuntimeWarning: lancedb fork support is experimental: the internal async runtime has been reset in the forked child, but a small chance of deadlock remains if other state was mid-operation at fork time. The 'forkserver' or 'spawn' multiprocessing start method is likely a safer alternative.
  self.pid = _posixsubprocess.fork_exec(
/data/sicong/anaconda3/lib/python3.10/subprocess.py:1780: RuntimeWarning: lancedb fork support is experimental: the internal async runtime has been reset in the forked child, but a small chance of deadlock remains if other state was mid-operation at fork time. The 'forkserver' or 'spawn' multiprocessing start method is likely a safer alternative.
  self.pid = _posixsubprocess.fork_exec(
/data/sicong/anaconda3/lib/python3.10/subprocess.py:1780: RuntimeWarning: lancedb fork support is experimental: the internal async runtime has been reset in the forked child, but a small chance of deadlock remains if other state was mid-operation at fork time. The 'forkserver' or 'spawn' multiprocessing start method is likely a safer alternative.
  self.pid = _posixsubprocess.fork_exec(
/data/sicong/anaconda3/lib/python3.10/subprocess.py:1780: RuntimeWarning: lancedb fork support is experimental: the internal async runtime has been reset in the forked child, but a small chance of deadlock remains if other state was mid-operation at fork time. The 'forkserver' or 'spawn' multiprocessing start method is likely a safer alternative.
  self.pid = _posixsubprocess.fork_exec(
/data/sicong/anaconda3/lib/python3.10/subprocess.py:1780: RuntimeWarning: lancedb fork support is experimental: the internal async runtime has been reset in the forked child, but a small chance of deadlock remains if other state was mid-operation at fork time. The 'forkserver' or 'spawn' multiprocessing start method is likely a safer alternative.
  self.pid = _posixsubprocess.fork_exec(
/data/sicong/anaconda3/lib/python3.10/subprocess.py:1780: RuntimeWarning: lancedb fork support is experimental: the internal async runtime has been reset in the forked child, but a small chance of deadlock remains if other state was mid-operation at fork time. The 'forkserver' or 'spawn' multiprocessing start method is likely a safer alternative.
  self.pid = _posixsubprocess.fork_exec(
/data/sicong/anaconda3/lib/python3.10/subprocess.py:1780: RuntimeWarning: lancedb fork support is experimental: the internal async runtime has been reset in the forked child, but a small chance of deadlock remains if other state was mid-operation at fork time. The 'forkserver' or 'spawn' multiprocessing start method is likely a safer alternative.
  self.pid = _posixsubprocess.fork_exec(
/data/sicong/anaconda3/lib/python3.10/subprocess.py:1780: RuntimeWarning: lancedb fork support is experimental: the internal async runtime has been reset in the forked child, but a small chance of deadlock remains if other state was mid-operation at fork time. The 'forkserver' or 'spawn' multiprocessing start method is likely a safer alternative.
  self.pid = _posixsubprocess.fork_exec(
/data/sicong/anaconda3/lib/python3.10/subprocess.py:1780: RuntimeWarning: lancedb fork support is experimental: the internal async runtime has been reset in the forked child, but a small chance of deadlock remains if other state was mid-operation at fork time. The 'forkserver' or 'spawn' multiprocessing start method is likely a safer alternative.
  self.pid = _posixsubprocess.fork_exec(
/data/sicong/anaconda3/lib/python3.10/subprocess.py:1780: RuntimeWarning: lancedb fork support is experimental: the internal async runtime has been reset in the forked child, but a small chance of deadlock remains if other state was mid-operation at fork time. The 'forkserver' or 'spawn' multiprocessing start method is likely a safer alternative.
  self.pid = _posixsubprocess.fork_exec(
/data/sicong/anaconda3/lib/python3.10/subprocess.py:1780: RuntimeWarning: lancedb fork support is experimental: the internal async runtime has been reset in the forked child, but a small chance of deadlock remains if other state was mid-operation at fork time. The 'forkserver' or 'spawn' multiprocessing start method is likely a safer alternative.
  self.pid = _posixsubprocess.fork_exec(
/data/sicong/anaconda3/lib/python3.10/subprocess.py:1780: RuntimeWarning: lancedb fork support is experimental: the internal async runtime has been reset in the forked child, but a small chance of deadlock remains if other state was mid-operation at fork time. The 'forkserver' or 'spawn' multiprocessing start method is likely a safer alternative.
  self.pid = _posixsubprocess.fork_exec(
/data/sicong/anaconda3/lib/python3.10/subprocess.py:1780: RuntimeWarning: lancedb fork support is experimental: the internal async runtime has been reset in the forked child, but a small chance of deadlock remains if other state was mid-operation at fork time. The 'forkserver' or 'spawn' multiprocessing start method is likely a safer alternative.
  self.pid = _posixsubprocess.fork_exec(
/data/sicong/anaconda3/lib/python3.10/subprocess.py:1780: RuntimeWarning: lancedb fork support is experimental: the internal async runtime has been reset in the forked child, but a small chance of deadlock remains if other state was mid-operation at fork time. The 'forkserver' or 'spawn' multiprocessing start method is likely a safer alternative.
  self.pid = _posixsubprocess.fork_exec(
/data/sicong/anaconda3/lib/python3.10/subprocess.py:1780: RuntimeWarning: lancedb fork support is experimental: the internal async runtime has been reset in the forked child, but a small chance of deadlock remains if other state was mid-operation at fork time. The 'forkserver' or 'spawn' multiprocessing start method is likely a safer alternative.
  self.pid = _posixsubprocess.fork_exec(
/data/sicong/anaconda3/lib/python3.10/subprocess.py:1780: RuntimeWarning: lancedb fork support is experimental: the internal async runtime has been reset in the forked child, but a small chance of deadlock remains if other state was mid-operation at fork time. The 'forkserver' or 'spawn' multiprocessing start method is likely a safer alternative.
  self.pid = _posixsubprocess.fork_exec(
/data/sicong/anaconda3/lib/python3.10/subprocess.py:1780: RuntimeWarning: lancedb fork support is experimental: the internal async runtime has been reset in the forked child, but a small chance of deadlock remains if other state was mid-operation at fork time. The 'forkserver' or 'spawn' multiprocessing start method is likely a safer alternative.
  self.pid = _posixsubprocess.fork_exec(
/data/sicong/anaconda3/lib/python3.10/subprocess.py:1780: RuntimeWarning: lancedb fork support is experimental: the internal async runtime has been reset in the forked child, but a small chance of deadlock remains if other state was mid-operation at fork time. The 'forkserver' or 'spawn' multiprocessing start method is likely a safer alternative.
  self.pid = _posixsubprocess.fork_exec(
/data/sicong/anaconda3/lib/python3.10/subprocess.py:1780: RuntimeWarning: lancedb fork support is experimental: the internal async runtime has been reset in the forked child, but a small chance of deadlock remains if other state was mid-operation at fork time. The 'forkserver' or 'spawn' multiprocessing start method is likely a safer alternative.
  self.pid = _posixsubprocess.fork_exec(
/data/sicong/anaconda3/lib/python3.10/subprocess.py:1780: RuntimeWarning: lancedb fork support is experimental: the internal async runtime has been reset in the forked child, but a small chance of deadlock remains if other state was mid-operation at fork time. The 'forkserver' or 'spawn' multiprocessing start method is likely a safer alternative.
  self.pid = _posixsubprocess.fork_exec(
/data/sicong/anaconda3/lib/python3.10/subprocess.py:1780: RuntimeWarning: lancedb fork support is experimental: the internal async runtime has been reset in the forked child, but a small chance of deadlock remains if other state was mid-operation at fork time. The 'forkserver' or 'spawn' multiprocessing start method is likely a safer alternative.
  self.pid = _posixsubprocess.fork_exec(
/data/sicong/anaconda3/lib/python3.10/subprocess.py:1780: RuntimeWarning: lancedb fork support is experimental: the internal async runtime has been reset in the forked child, but a small chance of deadlock remains if other state was mid-operation at fork time. The 'forkserver' or 'spawn' multiprocessing start method is likely a safer alternative.
  self.pid = _posixsubprocess.fork_exec(
/data/sicong/anaconda3/lib/python3.10/subprocess.py:1780: RuntimeWarning: lancedb fork support is experimental: the internal async runtime has been reset in the forked child, but a small chance of deadlock remains if other state was mid-operation at fork time. The 'forkserver' or 'spawn' multiprocessing start method is likely a safer alternative.
  self.pid = _posixsubprocess.fork_exec(
CEM solve time: 45.8943 seconds
CEM solve time: 4.7027 seconds
{'success_rate': 98.0, 'episode_successes': array([ True,  True,  True,  True,  True,  True,  True,  True,  True,
        True,  True,  True,  True,  True,  True,  True, False,  True,
        True,  True,  True,  True,  True,  True,  True,  True,  True,
        True,  True,  True,  True,  True,  True,  True,  True,  True,
        True,  True,  True,  True,  True,  True,  True,  True,  True,
        True,  True,  True,  True,  True]), 'seeds': None}
04:21:38 | INFO  | __init__.py | Cached 'action' from '/home/sicong/.stable_worldmodel/datasets/tworoom.h5'
04:21:38 | INFO  | __init__.py | Cached 'proprio' from '/home/sicong/.stable_worldmodel/datasets/tworoom.h5'
Reusing 50 eval starts from /data/sicong/weitao/le-wm/experiments/real_gauge_drift/results/tworoom_success_rate_baseline_seed0/results.json
[  2536   4965   7607  15311  20375  26096  30928  37783  69493  74356
  82517 114619 161563 161928 237198 248512 255488 276120 283530 363138
 371491 389412 443244 463993 470850 484187 498658 500650 510576 515779
 558639 566730 582236 586573 596088 598107 617757 617986 672002 672169
 704653 749140 751558 779873 783563 789858 795263 840724 861176 893923]
/data/sicong/weitao/le-wm/.venv/lib/python3.10/site-packages/gymnasium/utils/passive_env_checker.py:129: UserWarning: [33mWARN: The obs returned by the `reset()` method was expecting a numpy array, actual type: <class 'torch.Tensor'>[0m
  logger.warn(
/data/sicong/weitao/le-wm/.venv/lib/python3.10/site-packages/gymnasium/spaces/box.py:415: UserWarning: [33mWARN: Casting input x to numpy array.[0m
  gym.logger.warn("Casting input x to numpy array.")
/data/sicong/weitao/le-wm/.venv/lib/python3.10/site-packages/gymnasium/utils/passive_env_checker.py:129: UserWarning: [33mWARN: The obs returned by the `step()` method was expecting a numpy array, actual type: <class 'torch.Tensor'>[0m
  logger.warn(
/data/sicong/weitao/le-wm/.venv/lib/python3.10/site-packages/gymnasium/spaces/box.py:415: UserWarning: [33mWARN: Casting input x to numpy array.[0m
  gym.logger.warn("Casting input x to numpy array.")
/data/sicong/weitao/le-wm/.venv/lib/python3.10/site-packages/lance/__init__.py:320: UserWarning: lance is not fork-safe. If you are using multiprocessing, use spawn or forkserver instead.
  warnings.warn(
/data/sicong/anaconda3/lib/python3.10/subprocess.py:1780: RuntimeWarning: lancedb fork support is experimental: the internal async runtime has been reset in the forked child, but a small chance of deadlock remains if other state was mid-operation at fork time. The 'forkserver' or 'spawn' multiprocessing start method is likely a safer alternative.
  self.pid = _posixsubprocess.fork_exec(
/data/sicong/anaconda3/lib/python3.10/subprocess.py:1780: RuntimeWarning: lancedb fork support is experimental: the internal async runtime has been reset in the forked child, but a small chance of deadlock remains if other state was mid-operation at fork time. The 'forkserver' or 'spawn' multiprocessing start method is likely a safer alternative.
  self.pid = _posixsubprocess.fork_exec(
/data/sicong/anaconda3/lib/python3.10/subprocess.py:1780: RuntimeWarning: lancedb fork support is experimental: the internal async runtime has been reset in the forked child, but a small chance of deadlock remains if other state was mid-operation at fork time. The 'forkserver' or 'spawn' multiprocessing start method is likely a safer alternative.
  self.pid = _posixsubprocess.fork_exec(
/data/sicong/anaconda3/lib/python3.10/subprocess.py:1780: RuntimeWarning: lancedb fork support is experimental: the internal async runtime has been reset in the forked child, but a small chance of deadlock remains if other state was mid-operation at fork time. The 'forkserver' or 'spawn' multiprocessing start method is likely a safer alternative.
  self.pid = _posixsubprocess.fork_exec(
/data/sicong/anaconda3/lib/python3.10/subprocess.py:1780: RuntimeWarning: lancedb fork support is experimental: the internal async runtime has been reset in the forked child, but a small chance of deadlock remains if other state was mid-operation at fork time. The 'forkserver' or 'spawn' multiprocessing start method is likely a safer alternative.
  self.pid = _posixsubprocess.fork_exec(
/data/sicong/anaconda3/lib/python3.10/subprocess.py:1780: RuntimeWarning: lancedb fork support is experimental: the internal async runtime has been reset in the forked child, but a small chance of deadlock remains if other state was mid-operation at fork time. The 'forkserver' or 'spawn' multiprocessing start method is likely a safer alternative.
  self.pid = _posixsubprocess.fork_exec(
/data/sicong/anaconda3/lib/python3.10/subprocess.py:1780: RuntimeWarning: lancedb fork support is experimental: the internal async runtime has been reset in the forked child, but a small chance of deadlock remains if other state was mid-operation at fork time. The 'forkserver' or 'spawn' multiprocessing start method is likely a safer alternative.
  self.pid = _posixsubprocess.fork_exec(
/data/sicong/anaconda3/lib/python3.10/subprocess.py:1780: RuntimeWarning: lancedb fork support is experimental: the internal async runtime has been reset in the forked child, but a small chance of deadlock remains if other state was mid-operation at fork time. The 'forkserver' or 'spawn' multiprocessing start method is likely a safer alternative.
  self.pid = _posixsubprocess.fork_exec(
/data/sicong/anaconda3/lib/python3.10/subprocess.py:1780: RuntimeWarning: lancedb fork support is experimental: the internal async runtime has been reset in the forked child, but a small chance of deadlock remains if other state was mid-operation at fork time. The 'forkserver' or 'spawn' multiprocessing start method is likely a safer alternative.
  self.pid = _posixsubprocess.fork_exec(
/data/sicong/anaconda3/lib/python3.10/subprocess.py:1780: RuntimeWarning: lancedb fork support is experimental: the internal async runtime has been reset in the forked child, but a small chance of deadlock remains if other state was mid-operation at fork time. The 'forkserver' or 'spawn' multiprocessing start method is likely a safer alternative.
  self.pid = _posixsubprocess.fork_exec(
/data/sicong/anaconda3/lib/python3.10/subprocess.py:1780: RuntimeWarning: lancedb fork support is experimental: the internal async runtime has been reset in the forked child, but a small chance of deadlock remains if other state was mid-operation at fork time. The 'forkserver' or 'spawn' multiprocessing start method is likely a safer alternative.
  self.pid = _posixsubprocess.fork_exec(
/data/sicong/anaconda3/lib/python3.10/subprocess.py:1780: RuntimeWarning: lancedb fork support is experimental: the internal async runtime has been reset in the forked child, but a small chance of deadlock remains if other state was mid-operation at fork time. The 'forkserver' or 'spawn' multiprocessing start method is likely a safer alternative.
  self.pid = _posixsubprocess.fork_exec(
/data/sicong/anaconda3/lib/python3.10/subprocess.py:1780: RuntimeWarning: lancedb fork support is experimental: the internal async runtime has been reset in the forked child, but a small chance of deadlock remains if other state was mid-operation at fork time. The 'forkserver' or 'spawn' multiprocessing start method is likely a safer alternative.
  self.pid = _posixsubprocess.fork_exec(
/data/sicong/anaconda3/lib/python3.10/subprocess.py:1780: RuntimeWarning: lancedb fork support is experimental: the internal async runtime has been reset in the forked child, but a small chance of deadlock remains if other state was mid-operation at fork time. The 'forkserver' or 'spawn' multiprocessing start method is likely a safer alternative.
  self.pid = _posixsubprocess.fork_exec(
/data/sicong/anaconda3/lib/python3.10/subprocess.py:1780: RuntimeWarning: lancedb fork support is experimental: the internal async runtime has been reset in the forked child, but a small chance of deadlock remains if other state was mid-operation at fork time. The 'forkserver' or 'spawn' multiprocessing start method is likely a safer alternative.
  self.pid = _posixsubprocess.fork_exec(
/data/sicong/anaconda3/lib/python3.10/subprocess.py:1780: RuntimeWarning: lancedb fork support is experimental: the internal async runtime has been reset in the forked child, but a small chance of deadlock remains if other state was mid-operation at fork time. The 'forkserver' or 'spawn' multiprocessing start method is likely a safer alternative.
  self.pid = _posixsubprocess.fork_exec(
/data/sicong/anaconda3/lib/python3.10/subprocess.py:1780: RuntimeWarning: lancedb fork support is experimental: the internal async runtime has been reset in the forked child, but a small chance of deadlock remains if other state was mid-operation at fork time. The 'forkserver' or 'spawn' multiprocessing start method is likely a safer alternative.
  self.pid = _posixsubprocess.fork_exec(
/data/sicong/anaconda3/lib/python3.10/subprocess.py:1780: RuntimeWarning: lancedb fork support is experimental: the internal async runtime has been reset in the forked child, but a small chance of deadlock remains if other state was mid-operation at fork time. The 'forkserver' or 'spawn' multiprocessing start method is likely a safer alternative.
  self.pid = _posixsubprocess.fork_exec(
/data/sicong/anaconda3/lib/python3.10/subprocess.py:1780: RuntimeWarning: lancedb fork support is experimental: the internal async runtime has been reset in the forked child, but a small chance of deadlock remains if other state was mid-operation at fork time. The 'forkserver' or 'spawn' multiprocessing start method is likely a safer alternative.
  self.pid = _posixsubprocess.fork_exec(
/data/sicong/anaconda3/lib/python3.10/subprocess.py:1780: RuntimeWarning: lancedb fork support is experimental: the internal async runtime has been reset in the forked child, but a small chance of deadlock remains if other state was mid-operation at fork time. The 'forkserver' or 'spawn' multiprocessing start method is likely a safer alternative.
  self.pid = _posixsubprocess.fork_exec(
/data/sicong/anaconda3/lib/python3.10/subprocess.py:1780: RuntimeWarning: lancedb fork support is experimental: the internal async runtime has been reset in the forked child, but a small chance of deadlock remains if other state was mid-operation at fork time. The 'forkserver' or 'spawn' multiprocessing start method is likely a safer alternative.
  self.pid = _posixsubprocess.fork_exec(
/data/sicong/anaconda3/lib/python3.10/subprocess.py:1780: RuntimeWarning: lancedb fork support is experimental: the internal async runtime has been reset in the forked child, but a small chance of deadlock remains if other state was mid-operation at fork time. The 'forkserver' or 'spawn' multiprocessing start method is likely a safer alternative.
  self.pid = _posixsubprocess.fork_exec(
/data/sicong/anaconda3/lib/python3.10/subprocess.py:1780: RuntimeWarning: lancedb fork support is experimental: the internal async runtime has been reset in the forked child, but a small chance of deadlock remains if other state was mid-operation at fork time. The 'forkserver' or 'spawn' multiprocessing start method is likely a safer alternative.
  self.pid = _posixsubprocess.fork_exec(
/data/sicong/anaconda3/lib/python3.10/subprocess.py:1780: RuntimeWarning: lancedb fork support is experimental: the internal async runtime has been reset in the forked child, but a small chance of deadlock remains if other state was mid-operation at fork time. The 'forkserver' or 'spawn' multiprocessing start method is likely a safer alternative.
  self.pid = _posixsubprocess.fork_exec(
/data/sicong/anaconda3/lib/python3.10/subprocess.py:1780: RuntimeWarning: lancedb fork support is experimental: the internal async runtime has been reset in the forked child, but a small chance of deadlock remains if other state was mid-operation at fork time. The 'forkserver' or 'spawn' multiprocessing start method is likely a safer alternative.
  self.pid = _posixsubprocess.fork_exec(
/data/sicong/anaconda3/lib/python3.10/subprocess.py:1780: RuntimeWarning: lancedb fork support is experimental: the internal async runtime has been reset in the forked child, but a small chance of deadlock remains if other state was mid-operation at fork time. The 'forkserver' or 'spawn' multiprocessing start method is likely a safer alternative.
  self.pid = _posixsubprocess.fork_exec(
/data/sicong/anaconda3/lib/python3.10/subprocess.py:1780: RuntimeWarning: lancedb fork support is experimental: the internal async runtime has been reset in the forked child, but a small chance of deadlock remains if other state was mid-operation at fork time. The 'forkserver' or 'spawn' multiprocessing start method is likely a safer alternative.
  self.pid = _posixsubprocess.fork_exec(
/data/sicong/anaconda3/lib/python3.10/subprocess.py:1780: RuntimeWarning: lancedb fork support is experimental: the internal async runtime has been reset in the forked child, but a small chance of deadlock remains if other state was mid-operation at fork time. The 'forkserver' or 'spawn' multiprocessing start method is likely a safer alternative.
  self.pid = _posixsubprocess.fork_exec(
/data/sicong/anaconda3/lib/python3.10/subprocess.py:1780: RuntimeWarning: lancedb fork support is experimental: the internal async runtime has been reset in the forked child, but a small chance of deadlock remains if other state was mid-operation at fork time. The 'forkserver' or 'spawn' multiprocessing start method is likely a safer alternative.
  self.pid = _posixsubprocess.fork_exec(
/data/sicong/anaconda3/lib/python3.10/subprocess.py:1780: RuntimeWarning: lancedb fork support is experimental: the internal async runtime has been reset in the forked child, but a small chance of deadlock remains if other state was mid-operation at fork time. The 'forkserver' or 'spawn' multiprocessing start method is likely a safer alternative.
  self.pid = _posixsubprocess.fork_exec(
/data/sicong/anaconda3/lib/python3.10/subprocess.py:1780: RuntimeWarning: lancedb fork support is experimental: the internal async runtime has been reset in the forked child, but a small chance of deadlock remains if other state was mid-operation at fork time. The 'forkserver' or 'spawn' multiprocessing start method is likely a safer alternative.
  self.pid = _posixsubprocess.fork_exec(
/data/sicong/anaconda3/lib/python3.10/subprocess.py:1780: RuntimeWarning: lancedb fork support is experimental: the internal async runtime has been reset in the forked child, but a small chance of deadlock remains if other state was mid-operation at fork time. The 'forkserver' or 'spawn' multiprocessing start method is likely a safer alternative.
  self.pid = _posixsubprocess.fork_exec(
/data/sicong/anaconda3/lib/python3.10/subprocess.py:1780: RuntimeWarning: lancedb fork support is experimental: the internal async runtime has been reset in the forked child, but a small chance of deadlock remains if other state was mid-operation at fork time. The 'forkserver' or 'spawn' multiprocessing start method is likely a safer alternative.
  self.pid = _posixsubprocess.fork_exec(
/data/sicong/anaconda3/lib/python3.10/subprocess.py:1780: RuntimeWarning: lancedb fork support is experimental: the internal async runtime has been reset in the forked child, but a small chance of deadlock remains if other state was mid-operation at fork time. The 'forkserver' or 'spawn' multiprocessing start method is likely a safer alternative.
  self.pid = _posixsubprocess.fork_exec(
/data/sicong/anaconda3/lib/python3.10/subprocess.py:1780: RuntimeWarning: lancedb fork support is experimental: the internal async runtime has been reset in the forked child, but a small chance of deadlock remains if other state was mid-operation at fork time. The 'forkserver' or 'spawn' multiprocessing start method is likely a safer alternative.
  self.pid = _posixsubprocess.fork_exec(
/data/sicong/anaconda3/lib/python3.10/subprocess.py:1780: RuntimeWarning: lancedb fork support is experimental: the internal async runtime has been reset in the forked child, but a small chance of deadlock remains if other state was mid-operation at fork time. The 'forkserver' or 'spawn' multiprocessing start method is likely a safer alternative.
  self.pid = _posixsubprocess.fork_exec(
/data/sicong/anaconda3/lib/python3.10/subprocess.py:1780: RuntimeWarning: lancedb fork support is experimental: the internal async runtime has been reset in the forked child, but a small chance of deadlock remains if other state was mid-operation at fork time. The 'forkserver' or 'spawn' multiprocessing start method is likely a safer alternative.
  self.pid = _posixsubprocess.fork_exec(
/data/sicong/anaconda3/lib/python3.10/subprocess.py:1780: RuntimeWarning: lancedb fork support is experimental: the internal async runtime has been reset in the forked child, but a small chance of deadlock remains if other state was mid-operation at fork time. The 'forkserver' or 'spawn' multiprocessing start method is likely a safer alternative.
  self.pid = _posixsubprocess.fork_exec(
/data/sicong/anaconda3/lib/python3.10/subprocess.py:1780: RuntimeWarning: lancedb fork support is experimental: the internal async runtime has been reset in the forked child, but a small chance of deadlock remains if other state was mid-operation at fork time. The 'forkserver' or 'spawn' multiprocessing start method is likely a safer alternative.
  self.pid = _posixsubprocess.fork_exec(
/data/sicong/anaconda3/lib/python3.10/subprocess.py:1780: RuntimeWarning: lancedb fork support is experimental: the internal async runtime has been reset in the forked child, but a small chance of deadlock remains if other state was mid-operation at fork time. The 'forkserver' or 'spawn' multiprocessing start method is likely a safer alternative.
  self.pid = _posixsubprocess.fork_exec(
/data/sicong/anaconda3/lib/python3.10/subprocess.py:1780: RuntimeWarning: lancedb fork support is experimental: the internal async runtime has been reset in the forked child, but a small chance of deadlock remains if other state was mid-operation at fork time. The 'forkserver' or 'spawn' multiprocessing start method is likely a safer alternative.
  self.pid = _posixsubprocess.fork_exec(
/data/sicong/anaconda3/lib/python3.10/subprocess.py:1780: RuntimeWarning: lancedb fork support is experimental: the internal async runtime has been reset in the forked child, but a small chance of deadlock remains if other state was mid-operation at fork time. The 'forkserver' or 'spawn' multiprocessing start method is likely a safer alternative.
  self.pid = _posixsubprocess.fork_exec(
/data/sicong/anaconda3/lib/python3.10/subprocess.py:1780: RuntimeWarning: lancedb fork support is experimental: the internal async runtime has been reset in the forked child, but a small chance of deadlock remains if other state was mid-operation at fork time. The 'forkserver' or 'spawn' multiprocessing start method is likely a safer alternative.
  self.pid = _posixsubprocess.fork_exec(
/data/sicong/anaconda3/lib/python3.10/subprocess.py:1780: RuntimeWarning: lancedb fork support is experimental: the internal async runtime has been reset in the forked child, but a small chance of deadlock remains if other state was mid-operation at fork time. The 'forkserver' or 'spawn' multiprocessing start method is likely a safer alternative.
  self.pid = _posixsubprocess.fork_exec(
/data/sicong/anaconda3/lib/python3.10/subprocess.py:1780: RuntimeWarning: lancedb fork support is experimental: the internal async runtime has been reset in the forked child, but a small chance of deadlock remains if other state was mid-operation at fork time. The 'forkserver' or 'spawn' multiprocessing start method is likely a safer alternative.
  self.pid = _posixsubprocess.fork_exec(
/data/sicong/anaconda3/lib/python3.10/subprocess.py:1780: RuntimeWarning: lancedb fork support is experimental: the internal async runtime has been reset in the forked child, but a small chance of deadlock remains if other state was mid-operation at fork time. The 'forkserver' or 'spawn' multiprocessing start method is likely a safer alternative.
  self.pid = _posixsubprocess.fork_exec(
/data/sicong/anaconda3/lib/python3.10/subprocess.py:1780: RuntimeWarning: lancedb fork support is experimental: the internal async runtime has been reset in the forked child, but a small chance of deadlock remains if other state was mid-operation at fork time. The 'forkserver' or 'spawn' multiprocessing start method is likely a safer alternative.
  self.pid = _posixsubprocess.fork_exec(
/data/sicong/anaconda3/lib/python3.10/subprocess.py:1780: RuntimeWarning: lancedb fork support is experimental: the internal async runtime has been reset in the forked child, but a small chance of deadlock remains if other state was mid-operation at fork time. The 'forkserver' or 'spawn' multiprocessing start method is likely a safer alternative.
  self.pid = _posixsubprocess.fork_exec(
/data/sicong/anaconda3/lib/python3.10/subprocess.py:1780: RuntimeWarning: lancedb fork support is experimental: the internal async runtime has been reset in the forked child, but a small chance of deadlock remains if other state was mid-operation at fork time. The 'forkserver' or 'spawn' multiprocessing start method is likely a safer alternative.
  self.pid = _posixsubprocess.fork_exec(
/data/sicong/anaconda3/lib/python3.10/subprocess.py:1780: RuntimeWarning: lancedb fork support is experimental: the internal async runtime has been reset in the forked child, but a small chance of deadlock remains if other state was mid-operation at fork time. The 'forkserver' or 'spawn' multiprocessing start method is likely a safer alternative.
  self.pid = _posixsubprocess.fork_exec(
CEM solve time: 46.6329 seconds
CEM solve time: 4.6158 seconds
{'success_rate': 98.0, 'episode_successes': array([ True,  True,  True,  True,  True,  True,  True,  True,  True,
        True,  True,  True,  True,  True,  True,  True, False,  True,
        True,  True,  True,  True,  True,  True,  True,  True,  True,
        True,  True,  True,  True,  True,  True,  True,  True,  True,
        True,  True,  True,  True,  True,  True,  True,  True,  True,
        True,  True,  True,  True,  True]), 'seeds': None}
[priority5] full_replan(50 envs)=46.259s (±0.369) per_env_replan=925.2ms
[rooms3] overhead vs baseline: +2.52%
[priority5] overhead vs baseline: +3.55%
Wrote /data/sicong/weitao/le-wm/experiments/real_gauge_drift/results/tworoom_inference_speed_benchmark.json
