sha256,size_bytes,path
c5c7776034fd7325a56d574edf785249767d2595b310a86c93fc308035e9b195,7330,experiments/tworoom/results/archive/joint_continue_bf16_trainseed42_20260717/tworoom_joint_continue_1ep_trainseed42_train.log
b9b168ae4856b96f01f11a4a04ec4670bfb36288addef3a0c1fbc0e9093970db,22069,experiments/tworoom/results/archive/joint_continue_bf16_trainseed42_20260717/tworoom_success_rate_joint_continue_1ep_trainseed42_long_evalseed0/run.log
4bd3d734e3229d176f1ff916122ee0436ab89cc1f2371289b2083ea3fda0e2c5,22082,experiments/tworoom/results/archive/joint_continue_bf16_trainseed42_20260717/tworoom_success_rate_joint_continue_1ep_trainseed42_long_evalseed1/run.log
9edb96c8b04803630c6e72e359787488ee80da444afec8e8e296fda9f675c69b,22069,experiments/tworoom/results/archive/joint_continue_bf16_trainseed42_20260717/tworoom_success_rate_joint_continue_1ep_trainseed42_long_evalseed2/run.log
29b006f3ac262205c2e5d467ed154953cf853dfb28792190877f9178538883d0,22069,experiments/tworoom/results/archive/joint_continue_bf16_trainseed42_20260717/tworoom_success_rate_joint_continue_1ep_trainseed42_long_evalseed3/run.log
dcb8d7991dbbaf593128a1738c3a80c5b9057a1810ccba343abef274cda683df,22069,experiments/tworoom/results/archive/joint_continue_bf16_trainseed42_20260717/tworoom_success_rate_joint_continue_1ep_trainseed42_long_evalseed4/run.log
86975f40463def1acc64179ac7565c50bb90f1ec58690f0116802c86af1e94ad,22063,experiments/tworoom/results/archive/joint_continue_bf16_trainseed42_20260717/tworoom_success_rate_joint_continue_1ep_trainseed42_short_evalseed0/run.log
9e58251c78b5c266721ce7ca7e7dbf6562ca7e3aad85d99fd0f94bfcf249fe49,22063,experiments/tworoom/results/archive/joint_continue_bf16_trainseed42_20260717/tworoom_success_rate_joint_continue_1ep_trainseed42_short_evalseed1/run.log
bb4d8a961e07c0c5ec10ee2429946fbcde89299e1cbc81965e9f0432a6b3cd89,22063,experiments/tworoom/results/archive/joint_continue_bf16_trainseed42_20260717/tworoom_success_rate_joint_continue_1ep_trainseed42_short_evalseed2/run.log
7fbb974ea8c7f6ad23d972f27e2dce2f4772ea961384cf6a1a86a4339bcfcd08,22063,experiments/tworoom/results/archive/joint_continue_bf16_trainseed42_20260717/tworoom_success_rate_joint_continue_1ep_trainseed42_short_evalseed3/run.log
e685a29bdda73b7929138229acb9a7d612a36aa3ee2449566a916cef41fcce46,22063,experiments/tworoom/results/archive/joint_continue_bf16_trainseed42_20260717/tworoom_success_rate_joint_continue_1ep_trainseed42_short_evalseed4/run.log
9c81bf2db08b23af3707666d1e4c449526ba94ab2afcc62b4b7f0ac928bf0a89,537,experiments/tworoom/results/embedding_loader_validation/dense_aligned_8192.log
ba44abbb74a1d49a888a4ff7e6e9d0d7dc7c3b6812c836b9a59ce9d3261d8851,5499,experiments/tworoom/results/geometry_latent_probe_priority5_multiseed/run_multiseed.log
28155957cafde3f7cd3767e66e23ee48503a409d4397c16bbf1736c97d80f5b5,2947,experiments/tworoom/results/geometry_latent_probe_priority5/run_full_cached.log
f3fb88da52a3db23eb6329cba6ecf12b7bd2d227d6abf4e880887571bce02c62,4318,experiments/tworoom/results/geometry_latent_probe_rooms3_multiseed/run_multiseed.log
d1fd886ff6d28b52a25fb985b348887110b9b9d570db400538c7d21c864b6d26,877,experiments/tworoom/results/geometry_latent_svm_rooms3/run_cached.log
d37c07da641dcc161fdfed94ca669e74b7c4baccc4ea3cea50ead7d9dcdbe0c1,2260,experiments/tworoom/results/geometry_latent_svm_rooms3/run_full_cached.log
6b653b2869246281368a462b35e064745d02ffb13fc422041533c5135e6f5a26,114,experiments/tworoom/results/geometry_latent_svm_rooms3/run.log
7e0016c1cb37078dea3f30d8e4e3d786e7ebf5ad9ec11f79e46729ab0d67b280,191,experiments/tworoom/results/latent_kmeanspp_cluster2_outer0_seed42.log
f0a4feaccc0e9213e774672d390ba7181fdd4939443121aa547ead4b22f4ecd9,2852,experiments/tworoom/results/latent_kmeanspp_multirestart_k3/run.log
02003abc0985192a3039ba2836410514790ec2b2c8470e067671f30d9c0d40f0,1623,experiments/tworoom/results/latent_kmeanspp_multirestart_k3/summary.log
c58e4764ca2385bfccaeb92ebe894a4a33118f3d4cfc004b13c13a50334bcd3e,309,experiments/tworoom/results/latent_kmeanspp_step_routing_parallel_master.log
87a716b17702f103a55027d1fce310995ae51e7e8ccf4f4d160de42fa54b7e1a,40452,experiments/tworoom/results/latent_kmeanspp_step_routing_queue.log
40c009b68ec7b99d6a5ee5f03efc1091308f48660fc8413471003cd15bc4dd1a,556,experiments/tworoom/results/random_voronoi_finetune_sweep_gpu6.log
35f6afe97f937a6e293769be6bd7049727a0fcdabe07375cf91b9a913e2f4c9b,517,experiments/tworoom/results/random_voronoi_finetune_sweep_gpu7.log
6e8a72676f6042687ea65b6789195884d2ca657ac4fc3ea1af99d01523cd867f,2165,experiments/tworoom/results/smoke_latent_kmeanspp_R50_outer0_step_routing_20260714/run.log
b879b4e21e998a0b99720bd2b9bc5881cf8d2f37ba5d9c4e4c7de70de50caa5e,8161,experiments/tworoom/results/tworoom_encoder_train_global_5k_b20_seed_0/run.log
fcb1b6b6e1cf23f2cd9de89cfe63927e744aa9a7e776dcff2a1684632574431e,8156,experiments/tworoom/results/tworoom_encoder_train_global_5k_b20_seed_1/run.log
18ee27e35d687ce251c18ad6ce6d5a3bf9885376b3e6d9044af34eb24f9900f5,8162,experiments/tworoom/results/tworoom_encoder_train_global_5k_b20_seed_2/run.log
47a3d7fb6edb684a14f79b7ec34b2093a3ea87c940e0fc4eb4923b3189dfb951,8166,experiments/tworoom/results/tworoom_encoder_train_global_5k_b20_seed_3/run.log
2056429a43ba3eb5ea50da0b9a11e8681b50923a29166338ddd1d8abc3d552eb,8153,experiments/tworoom/results/tworoom_encoder_train_global_5k_b20_seed_4/run.log
3dea2eee6679bb2b8cc2cbd01aa46e8134622a9ce073668d3bb7c917b785419f,860,experiments/tworoom/results/tworoom_encoder_train_global_seed_sweep_0_4.log
a20bdb391bad3e2d1416f7a3aa712a62812f27a153e16dc8bd5a80cbeadb62b8,6295,experiments/tworoom/results/tworoom_encoder_v2_seed_sweep/seed_0.log
5edd01a52d4fd8385fd167c03d2bda2ee8c9a2265f6db182f84e590920361fd4,6292,experiments/tworoom/results/tworoom_encoder_v2_seed_sweep/seed_1.log
4705af50fb9f8a43edda54b0483b12ecb9948cc813fb0321bcf6964dd0a248db,6290,experiments/tworoom/results/tworoom_encoder_v2_seed_sweep/seed_2.log
ac3b1674abc0bd4f6ded4bf11cfbca30ddf47408c47e01217e86d6f7b2dd4b22,6285,experiments/tworoom/results/tworoom_encoder_v2_seed_sweep/seed_3.log
1a21256264c2d7b30b39f81e3cd5bf4b88aa592649547ff34f95a24f7fb1b472,6292,experiments/tworoom/results/tworoom_encoder_v2_seed_sweep/seed_4.log
f21eeb372ae1712d315214f6f66ea438614d3197ff0d569ad817d3b3ad995180,6289,experiments/tworoom/results/tworoom_encoder_v2_seed_sweep/seed_5.log
3fd55d4897b775ebe1ae07deecee90dd9cddb3eb0bae8262b37f1212f819302d,6296,experiments/tworoom/results/tworoom_encoder_v2_seed_sweep/seed_6.log
e3533aaad0fe25ba3d887b4d5c6dd9fd93b7edb0e19da461a2bb92380b60d565,6294,experiments/tworoom/results/tworoom_encoder_v2_seed_sweep/seed_7.log
6637f40be9c1476e01dfd2de92ed88e1b43d524d2a9d710c8542516b4ca8b0ca,6284,experiments/tworoom/results/tworoom_encoder_v2_seed_sweep/seed_8.log
c35507341b78ef0ed6b25d8afe8640fe90368638a3cefe72b11dfe59d762f8dd,6289,experiments/tworoom/results/tworoom_encoder_v2_seed_sweep/seed_9.log
b11382bc5f4e9a7c00b41f29b6dd142982cc9fb2fe8108ba0e942a9e1ec94d43,156,experiments/tworoom/results/tworoom_geometry_train_global_ft_45ep_trainseed0/launcher.log
a08589a1fd724b705cb3ed455f143fd525ad68dfae593a7a8ba3d313c0932530,4050,experiments/tworoom/results/tworoom_geometry_train_global_ft_45ep_trainseed0/train_global_ft_45ep.log
61f919b7dd6ccb12c650830a6c73ef0a759bd9ef9da522c40033384a206cf776,157,experiments/tworoom/results/tworoom_geometry_train_global_ft_45ep_trainseed42/launcher.log
7d738be7f8d6453da09ac5521d753f9b19edad80cecfe3fe8f4116fd2dcd74a7,4054,experiments/tworoom/results/tworoom_geometry_train_global_ft_45ep_trainseed42/train_global_ft_45ep.log
d2ff4147ccc33bce752a512baf015cf08820254333981161e221c948e76000fe,158,experiments/tworoom/results/tworoom_geometry_train_global_ft_45ep_trainseed625/launcher.log
fec3b6a52a1841f79ff84dfed1c21046213f3f23c6ad62c6b1b5da686bd8c5b6,4058,experiments/tworoom/results/tworoom_geometry_train_global_ft_45ep_trainseed625/train_global_ft_45ep.log
6a1c543a183cd385a9d233f1c48dc2f1571dd72b21f44c3502e871e3f3f76789,4412,experiments/tworoom/results/tworoom_geometry_train_global_ft_50ep/train_global_ft_50ep.log
64df7a7e2f5fd552d3f0bff2bb35b99045531c4db82bbe017d8b6492fa50e8f5,157,experiments/tworoom/results/tworoom_geometry_train_global_ft_50ep/train_nohup.log
418901beccc7582bc9bde82c67dace80225493709eda25a0c75ad1cfc85b0201,156,experiments/tworoom/results/tworoom_geometry_train_global_ft_50ep_trainseed0/launcher.log
4b2e5e36e44ae617a95d3e46107a427f8ea115dc9241dbcaa6378519e12cf6a6,4445,experiments/tworoom/results/tworoom_geometry_train_global_ft_50ep_trainseed0/train_global_ft_50ep.log
19d2a43c804a166daa10dd844a50caa77700f7950fa7d9871e5f0c80f44fd089,158,experiments/tworoom/results/tworoom_geometry_train_global_ft_50ep_trainseed625/launcher.log
da81de6f00e6071aac7068e705a5cb7f9c2d7522c8daa2189bef73b253834311,4453,experiments/tworoom/results/tworoom_geometry_train_global_ft_50ep_trainseed625/train_global_ft_50ep.log
9c2fec2f772e65c344781139b49a262c7446c787ae92a715e1923a76e832008b,5279,experiments/tworoom/results/tworoom_geometry_train_global_ft_65ep/train_global_ft_65ep.log
a717d4bd5b8bd773fddb3054720c6e801cc39862c65034488180a1d485a93d32,5389,experiments/tworoom/results/tworoom_geometry_train_global_ft_65ep_trainseed0/train_global_ft_65ep.log
b331865cc317e26953f651ac0d52c92b5d6b28a09bca75e6c4a26a15a6abdc3f,5397,experiments/tworoom/results/tworoom_geometry_train_global_ft_65ep_trainseed625/train_global_ft_65ep.log
edfa61be5d464b5b4ef6081a7f8dd90ff8f21f3a75f2a97e6b374eef06d9424c,5890,experiments/tworoom/results/tworoom_geometry_train_region_predictors_doorway80ep/train_80ep_doorway.log
465e5d501ba8e429b68e725e46ef75f92131667db91f4b4a4b7d39554a39c6d8,6296,experiments/tworoom/results/tworoom_geometry_train_region_predictors_doorway80ep_trainseed0/train_80ep_doorway_corridor.log
db42ab62eca6e28024d60cf00c0340de675199ae6491033f40ac309ac850876a,6314,experiments/tworoom/results/tworoom_geometry_train_region_predictors_doorway80ep_trainseed625/train_80ep_doorway_corridor.log
e8578cdbb6cc1e8c69b10e33522f875b64433f1145d36445e7b83a5b73076dfa,2804,experiments/tworoom/results/tworoom_geometry_train_region_predictors/train_30ep_common.log
1b37983394f6a5a356873e9ed8f39ee1bca2e248cccd8af30f62d208cf8f305c,2891,experiments/tworoom/results/tworoom_geometry_train_region_predictors/train_30ep_doorway_corridor.log
d516075f87c4717115d5eee59d1ae769b408fb4c9433558c3dd88ed4b59076f8,2831,experiments/tworoom/results/tworoom_geometry_train_region_predictors/train_30ep_left_room.log
1f77106efd7408a08ba33ba1d79c0099a729612e5cceab591b73439ccb996fe2,2828,experiments/tworoom/results/tworoom_geometry_train_region_predictors/train_30ep_near_wall.log
2d077b37ed53386e88fa45b2f1fc29549fc506f46c0afbb8901c008d132bbd29,2840,experiments/tworoom/results/tworoom_geometry_train_region_predictors/train_30ep_right_room.log
0f2e42b1874ba60986e43a2fa202ac30eaffc7f002e263a9bdb5abaf40801c3b,4847,experiments/tworoom/results/tworoom_geometry_train_region_predictors/train_50ep_doorway_corridor.log
6d9033c2a3d26be440f1054d3798aae09194489fa241491c68ba5f49eba54610,4738,experiments/tworoom/results/tworoom_geometry_train_region_predictors/train_50ep_left_room.log
38c2c6db9023df4363aed529bb17e689994d66dc5fb04da915ab85e657728466,4833,experiments/tworoom/results/tworoom_geometry_train_region_predictors/train_50ep_right_room.log
250e179b2bcdcee80ddf76af3235715f34e5c9c707df260d5c1aceeeb804d745,2948,experiments/tworoom/results/tworoom_geometry_train_region_predictors_trainseed0/train_30ep_common.log
bbd00a1f47eba55bddcccf77990111fbc4360aed9e02b9c8563b9f1805dad6e1,2971,experiments/tworoom/results/tworoom_geometry_train_region_predictors_trainseed0/train_30ep_near_wall.log
8417192315144f9ce1a585da1b0565f2c946d9647def396ef26057594a182368,5218,experiments/tworoom/results/tworoom_geometry_train_region_predictors_trainseed0/train_50ep_doorway_corridor.log
03b6f65a230ad9e159031b0c85df5400eefbff1dfa3232bcce3339fefcb85da7,5103,experiments/tworoom/results/tworoom_geometry_train_region_predictors_trainseed0/train_50ep_left_room.log
b26a8196dfdc84ae54b6ec98af91abff2479aa6c717d98484d2cded20a7f2bb2,5119,experiments/tworoom/results/tworoom_geometry_train_region_predictors_trainseed0/train_50ep_right_room.log
d42c9f475833518db6a416c2d207a3fb8d0be0aa8cb3defeec5d24bede1a6590,2965,experiments/tworoom/results/tworoom_geometry_train_region_predictors_trainseed625/train_30ep_common.log
86a2113e244ddbedfde18c149c387d82011d9b75cae9e0108c2961553cb191a5,2989,experiments/tworoom/results/tworoom_geometry_train_region_predictors_trainseed625/train_30ep_near_wall.log
4c01b8f215816a66e89d0209464bd7c2a33b4c3892adc69a1217dd0e2c534f4f,5252,experiments/tworoom/results/tworoom_geometry_train_region_predictors_trainseed625/train_50ep_doorway_corridor.log
367eeba2704a7743cc9aa7e756ec52d1f713141bda5c600fca4ed09a703e1167,5136,experiments/tworoom/results/tworoom_geometry_train_region_predictors_trainseed625/train_50ep_left_room.log
7e69a5e43ae87fe170de67909f2c6262ece6e87a3da775d315795a5fb395e527,5153,experiments/tworoom/results/tworoom_geometry_train_region_predictors_trainseed625/train_50ep_right_room.log
28de5d25bdc113df8c8a699e20d6796f59a1a195d9e0a3faf26b8123e2e947a4,1065,experiments/tworoom/results/tworoom_geometry_train_trajectory_deviation_common_vs_train_exp5/run_full_test.log
a2a3c25b0d19dd91df094a60ef81d7d54243517f8318d0e528bec7ce969a7165,1107,experiments/tworoom/results/tworoom_geometry_train_trajectory_deviation_doorway_corridor_vs_train_exp5/run_full_test.log
9c0401ca16c28943fead6bfa8016575d6e21419834bdf90405942cb0ebc0bd8d,1140,experiments/tworoom/results/tworoom_geometry_train_trajectory_deviation_exp5_outer.log
93cef5e71362e22cbebf4de707b4624436adc05dc4f2d4404db17f7fb45fdd53,1074,experiments/tworoom/results/tworoom_geometry_train_trajectory_deviation_left_room_vs_train_exp5/run_full_test.log
268f6f16a663e85d7addf752b09b0f753df024faf7f27de9be71ee5b13452f93,1074,experiments/tworoom/results/tworoom_geometry_train_trajectory_deviation_near_wall_vs_train_exp5/run_full_test.log
9d4d094d044162d6bd734d9275578f5942639937e72ee12d7b35f1646abb5a71,1077,experiments/tworoom/results/tworoom_geometry_train_trajectory_deviation_right_room_vs_train_exp5/run_full_test.log
83285000c83f0ca587870a22c695bbbc28898bc944e2c6351f81f5a642a7b2c9,197224,experiments/tworoom/results/tworoom_inference_speed_benchmark.log
84ce3506fc5f286f33b91911edc0d92d133e90b69d9755a154dcd4e3a5818072,7330,experiments/tworoom/results/tworoom_joint_continue_1ep_trainseed42_train.log
e3b0c44298fc1c149afbf4c8996fb92427ae41e4649b934ca495991b7852b855,0,experiments/tworoom/results/tworoom_joint_continue_1ep_trainseed42_wrapper.log
e3588f1bab902f01c2a261d252aa2e5138558cc63e39cb4e410c51acfb18926d,17197,experiments/tworoom/results/tworoom_joint_continue_3ep_trainseed0_train.log
85200b409c82690594d81c1965d12b2b4e10e502f8eeb915873d5752a57d3ad3,17198,experiments/tworoom/results/tworoom_joint_continue_3ep_trainseed42_train.log
09bda2822fbac74864694b9839d5879bdf007951cb2869b9fd0f12ea0aba1eb1,17199,experiments/tworoom/results/tworoom_joint_continue_3ep_trainseed625_train.log
d883ed3d5513b881c1a8f8e8600ee4f12cb294c3d99d002b09c7a325cda1747e,14585,experiments/tworoom/results/tworoom_latent_kmeanspp_kmeanspp_R50_outer0/train_50ep.log
f64930b9d5834270270cf6f07a87581d1565be73f740a4b646a5eb9e892453f8,10726,experiments/tworoom/results/tworoom_latent_kmeanspp_kmeanspp_R50_outer0_trainseed0/train_50ep_seed0.log
d608e76004ba21683099b4bb311db90ac2a32e7f2b2d004e33c0b730377f013e,10730,experiments/tworoom/results/tworoom_latent_kmeanspp_kmeanspp_R50_outer0_trainseed625/train_50ep_seed625.log
8fc2492719c8bf0ac2956571660b4dcc585136ad5dd87eca315103a906f21dac,10703,experiments/tworoom/results/tworoom_latent_kmeanspp_kmeanspp_R50_outer1/train_50ep.log
303dab0fe0de6ead94ec49b9ca3fdd82d976e94a1a570f98e371345aa60a7598,10726,experiments/tworoom/results/tworoom_latent_kmeanspp_kmeanspp_R50_outer1_trainseed0/train_50ep_seed0.log
bee9a4147008adf8e4e2ee5345c68695257da695c68a5bb724cb81b28de6c7c4,10730,experiments/tworoom/results/tworoom_latent_kmeanspp_kmeanspp_R50_outer1_trainseed625/train_50ep_seed625.log
28f205b2d2df3e0598bbb709c196ce5c5fc6a4d13419514481ddce49ac2febac,10703,experiments/tworoom/results/tworoom_latent_kmeanspp_kmeanspp_R50_outer2/train_50ep.log
783fba9b4f12383eb982fb52679379660da80063f2d0a3d0ab855edeb20d6faa,10726,experiments/tworoom/results/tworoom_latent_kmeanspp_kmeanspp_R50_outer2_trainseed0/train_50ep_seed0.log
05d2b130684f645ca5e0407aed6a1f77cd0ed2fa1c7721526b464552c343fd98,10730,experiments/tworoom/results/tworoom_latent_kmeanspp_kmeanspp_R50_outer2_trainseed625/train_50ep_seed625.log
ac2bfc7161281222e884749531495769144379716213914f69e5fa677d755958,10334,experiments/tworoom/results/tworoom_latent_random_voronoi_k3_seed0_trainseed0/train_50ep.log
cd862cbcfe99bdab9df863ac20ed7eefe0dd1ad13634acd910d8f1aebf54a7b1,10336,experiments/tworoom/results/tworoom_latent_random_voronoi_k3_seed0_trainseed42/train_50ep.log
8ffd9fe99acfb113b4a888d3e38c0865614390bce544cbfbe26df0f6bec5df3e,10338,experiments/tworoom/results/tworoom_latent_random_voronoi_k3_seed0_trainseed625/train_50ep.log
987b589e0f38c2aba13bad882ede275f9a2c18e04d140caa6bd162fa4c80ee7d,10335,experiments/tworoom/results/tworoom_latent_random_voronoi_k3_seed1_trainseed0/train_50ep.log
7836140f2450d909d420b28ee0434e13a7c663ffa6bf416fb8ff08d14f1994d5,10336,experiments/tworoom/results/tworoom_latent_random_voronoi_k3_seed1_trainseed42/train_50ep.log
4a32ad22e8aad87f8a5332c75e14dc032b0f64f81b9c18c66018a44ae902cbd3,10338,experiments/tworoom/results/tworoom_latent_random_voronoi_k3_seed1_trainseed625/train_50ep.log
4f604dd7f0d6bf362657ca91fb46481f2a04f1113c97b5b8ed74088e9e5b4749,10335,experiments/tworoom/results/tworoom_latent_random_voronoi_k3_seed2_trainseed0/train_50ep.log
de116798492e171169d3a40f01094854e1d866c180045a9d7362fda5e016c081,10336,experiments/tworoom/results/tworoom_latent_random_voronoi_k3_seed2_trainseed42/train_50ep.log
0eb8e75fdde7e29d0e248a68fd0c6e91132a738fed2b1267122e3ce9809f6cd7,10339,experiments/tworoom/results/tworoom_latent_random_voronoi_k3_seed2_trainseed625/train_50ep.log
a71ddff9f4c177a1b45f37e8fe12cc1e4ad8e6c7188de53360a1f2eef2aace09,10373,experiments/tworoom/results/tworoom_latent_spectral_spectral_M20000_k30_P16_seed0_trainseed0/train_50ep.log
de9177400f25d55af0f041b60e02843763667758701352addfa38421d6e28d9c,10770,experiments/tworoom/results/tworoom_latent_spectral_spectral_M20000_k30_P16_seed0_trainseed42/train_50ep.log
031079aafa650d390558ed2316722e2c760a9b9033b15e071931187f2c7cb515,10377,experiments/tworoom/results/tworoom_latent_spectral_spectral_M20000_k30_P16_seed0_trainseed625/train_50ep.log
ceadcc42721dd7bc0fb88e14550272865de1bc5cfa0a4e382ad28fb4405da60b,10373,experiments/tworoom/results/tworoom_latent_spectral_spectral_M20000_k30_P16_seed1_trainseed0/train_50ep.log
64f9935823ea20a98b8a8195918e2ce701024c67a1ae5f8f4dc70524e79b0edc,10770,experiments/tworoom/results/tworoom_latent_spectral_spectral_M20000_k30_P16_seed1_trainseed42/train_50ep.log
51c6f1ee0c9f54f37d4148e4a46e90dd83e1b995c29ebb504e17da333437a9dd,10377,experiments/tworoom/results/tworoom_latent_spectral_spectral_M20000_k30_P16_seed1_trainseed625/train_50ep.log
6435726f58a2396360e417a9a542fe8cace87f5a46212ff0a055239989f6c0fa,10373,experiments/tworoom/results/tworoom_latent_spectral_spectral_M20000_k30_P16_seed2_trainseed0/train_50ep.log
c6c76be70d36b42c9137f010c5b85d6de3426822402574acbb6976e523fa41f4,10770,experiments/tworoom/results/tworoom_latent_spectral_spectral_M20000_k30_P16_seed2_trainseed42/train_50ep.log
754783811fd52ba1e6b323309da3531fd8c80de042435bc041fa3f43158ab1cf,10377,experiments/tworoom/results/tworoom_latent_spectral_spectral_M20000_k30_P16_seed2_trainseed625/train_50ep.log
6c6748c792c5f20b711543fa6746c5550f15c87e6a9e7dfef009f292a5de1ab9,6148,experiments/tworoom/results/tworoom_predictor_rule_seed0/run.log
68e188a7fceac4966ed2ec8032f06f999213415489b6b877c737826e504ee14e,7052,experiments/tworoom/results/tworoom_predictor_rule_train_test_5k_j512_b20/run.log
833ded708466e8ee8357c7a23560e59a9e14d82625c6625a44f409079926bf9a,7131,experiments/tworoom/results/tworoom_predictor_rule_train_test_5k_j512_b20_seed_1/run.log
6d18bdea25704d88a0adfa332a3828894e4eb0dd61e611fc5a041a42ae196aed,7123,experiments/tworoom/results/tworoom_predictor_rule_train_test_5k_j512_b20_seed_2/run.log
cbb9bef074473af755bb406094b477137b50973a1873f47a62fbe8c3268ad1d0,7136,experiments/tworoom/results/tworoom_predictor_rule_train_test_5k_j512_b20_seed_3/run.log
7a5c25af1113b2c814736ea071559d278626a5e5d839d581b74a4a54f9a4a0bf,7115,experiments/tworoom/results/tworoom_predictor_rule_train_test_5k_j512_b20_seed_4/run.log
f260594eddd1f3bf64249dbf470bf5d48627a04c99b8f27134ac23531c14ac2f,520,experiments/tworoom/results/tworoom_predictor_rule_train_test_seed_sweep_1_4.log
59836f8ce12ba2e6b8f358d0a2713634dd3dbcb9b9c7b0eb08b895c0a51a1de7,69959,experiments/tworoom/results/tworoom_resample_check/nohup.log
412441b9fab2de5cf8e2043d306235bf18adcdb97db8acff3ee55ea678bd6ece,6295,experiments/tworoom/results/tworoom_resample_check/sample_seed_1/analysis_seed_0.log
d84dbbba0810ed77a88ad3f95f81c927f555c6ca3fae315787eafdf612675689,6307,experiments/tworoom/results/tworoom_resample_check/sample_seed_1/analysis_seed_1.log
1e93555a0963045d9aeb90733508d56fd0698f4cd91dd456eb27a266ad047bd2,6310,experiments/tworoom/results/tworoom_resample_check/sample_seed_1/analysis_seed_2.log
6fba335642e064526d45c40d1d2bfe9a190af738497eafb0448068b72ee0f171,6305,experiments/tworoom/results/tworoom_resample_check/sample_seed_1/analysis_seed_3.log
79f2aad6acf01cbd5cea86928c1cf9deccaff087fa258001e2a0f9c6ac8b43f3,6304,experiments/tworoom/results/tworoom_resample_check/sample_seed_1/analysis_seed_4.log
e3b0c44298fc1c149afbf4c8996fb92427ae41e4649b934ca495991b7852b855,0,experiments/tworoom/results/tworoom_resample_check/sample_seed_1/encode.log
f751a3dc3f8c2b084f97a0b10652980b4951e3b207764ac38f7972ce8c1f7a20,6308,experiments/tworoom/results/tworoom_resample_check/sample_seed_2/analysis_seed_0.log
dc3e28d4f211fcd9ae2dd4733f0a2b2937956b5e63d2ced68234c67322246c94,6308,experiments/tworoom/results/tworoom_resample_check/sample_seed_2/analysis_seed_1.log
3c9aef3e25e7463652678fcb04c9d17b4777d6746cb838d51d8882c5c65819da,6304,experiments/tworoom/results/tworoom_resample_check/sample_seed_2/analysis_seed_2.log
6e875b099a0029ae35546ff4cc716d40fd25f51290b0fc5b4727b31540cd4376,6294,experiments/tworoom/results/tworoom_resample_check/sample_seed_2/analysis_seed_3.log
5698dbb13df11a5e00cbb1ec3a1c90122beb8138ae85a65635c21d655798c5bb,6292,experiments/tworoom/results/tworoom_resample_check/sample_seed_2/analysis_seed_4.log
8f6bddd96c178a7470ca0bffa1d11d0a0655e381ed46a9b714011feb4f7a0771,6311,experiments/tworoom/results/tworoom_resample_check/sample_seed_2/encode.log
1b3715d6d34eacc6c6f5cbcdb0d50b1353f4f32160524a6f6290d34a8ac32e8d,1480,experiments/tworoom/results/tworoom_success_rate_30ep_5seed_master.log
e2748b7868c7e73cd8cb8a93baf05ff552dd0cf4e0d738fe93cd06088de22aa5,2960,experiments/tworoom/results/tworoom_success_rate_50ep_5seed_master.log
8fc16ebb2605aaacfebe2efef54749cba4c9ee97d80841ccb719d3193b26c663,4150,experiments/tworoom/results/tworoom_success_rate_5seed_master.log
5acb82b2d46ff1cde16924132d0a0748a93f01a64ea61d7b82e7e494899410f0,22138,experiments/tworoom/results/tworoom_success_rate_baseline_exp6_b100_seed0/run.log
3c07052a56c0dcd86f63bfc9f1f17919c23e5d2f0c08be8155950a2ce6aba1f7,22002,experiments/tworoom/results/tworoom_success_rate_baseline_exp6_seed0/run.log
2dc32f15be14b5cfacd020c9e24a390ac2ec04a6b11ca4578e4e3a2d051dc79d,22015,experiments/tworoom/results/tworoom_success_rate_baseline_exp6_seed1/run.log
0bc2b18220274ba77ba913a9c81b9bc734b23557fd6b3a7e55726c6b37c75608,22002,experiments/tworoom/results/tworoom_success_rate_baseline_exp6_seed2/run.log
03a896ad8a0ed2e2b7b0e8778e2adb8983431baadc250e5fbcf84ffacfe95acc,22002,experiments/tworoom/results/tworoom_success_rate_baseline_exp6_seed3/run.log
d2402659a61aac8dfb30ead83f1ea3680fc3c60d63a168ddd6ef3650f25e15ba,22002,experiments/tworoom/results/tworoom_success_rate_baseline_exp6_seed4/run.log
a9598280d27a627ed7bb7e92ccdd14384736178d64ef385f53388f88e5ad4981,22001,experiments/tworoom/results/tworoom_success_rate_baseline_seed0/run.log
c678ec4eead80ec55c1559583efb0ac27bf8cd07846358d7ca0b61ab520d01f6,22001,experiments/tworoom/results/tworoom_success_rate_baseline_seed1/run.log
ea7f728c273726b55855ddd6fabaa53a34d435d0242d546c050cfe2b226d1c22,22001,experiments/tworoom/results/tworoom_success_rate_baseline_seed2/run.log
0a8827d387c0d322238f6971450e4bc5f1f5df8f2fcb8c47bb957c02b1218bfc,22001,experiments/tworoom/results/tworoom_success_rate_baseline_seed3/run.log
968e9089966fd87aa9d56bf9cd294dec5821af0ed5ed4d7f4d7d84d94af88437,153,experiments/tworoom/results/tworoom_success_rate_baseline_seed42/nohup.log
e613980d9fa9a520376dd4449bfee1d9c786707211d1b7c4806627b0a30db429,22001,experiments/tworoom/results/tworoom_success_rate_baseline_seed42/run.log
d9b3c006cc386b517bd153fd53231819beafd85720ba4766527cc58f13b095f8,22001,experiments/tworoom/results/tworoom_success_rate_baseline_seed4/run.log
b4278fd616115fcd43319bec71c5b46ba5595f769671d8a050363c4275ec183c,1848,experiments/tworoom/results/tworoom_success_rate_exp5_5seed_master.log
e3227c8110663c746211dc367b3695f0d133de1326b13eeeca202e71f7b5fe4b,2327,experiments/tworoom/results/tworoom_success_rate_exp5_5seed_outer.log
a2f7e588e098a37e4ee48ae64bc066b36d3e248d61e6f64ecca26d5d440ebea2,6320,experiments/tworoom/results/tworoom_success_rate_exp6_30ep_50ep_5seed_master.log
6af52af5b7ecb839a0e6ee54a35d3b68b918fe21487f90361d5e01dbbb809c50,4673,experiments/tworoom/results/tworoom_success_rate_exp6_30ep_50ep_outer.log
7fd165b963244df6c2f953706caa1349b97d1d677b266cecae44d6d06cad2c07,4450,experiments/tworoom/results/tworoom_success_rate_exp6_5seed_master.log
8ca95bfde0e43a5154a7258ea8235f0a57b4581019534cdfc864d46b6680b47b,3428,experiments/tworoom/results/tworoom_success_rate_exp6_5seed_outer.log
9db86172771bdbc85ce76c502fbd7c04532616954e075b89fe83d25f4b750261,335,experiments/tworoom/results/tworoom_success_rate_exp6_b100_baseline_master.log
5371b792b10f82d978e6a8019883b02234f40c700bc2d3a58181e85686629aef,359,experiments/tworoom/results/tworoom_success_rate_exp6_b100_global_ft_50ep_master.log
ff6719311ef6c3c2e85180d005e18fd9a5b921eff98143764f4031a1d3b5f70b,363,experiments/tworoom/results/tworoom_success_rate_exp6_b100_latent_kmeanspp_master.log
8d032294ae9882cc1df34ce18d85083151feaca00d51d0edd8a5f605c36a860d,347,experiments/tworoom/results/tworoom_success_rate_exp6_b100_rooms3_50ep_master.log
88fdb7c20b5fa1eddd3399852aa2ab35316fa40f4533bba35b2a537fed52a2b4,755,experiments/tworoom/results/tworoom_success_rate_exp8_global_ft_5seed_master.log
63125e9b03711dc1dccd70ef56e1626bda522e788ee05faa5acbb9cf30efef44,1710,experiments/tworoom/results/tworoom_success_rate_exp8_global_ft_exp6_5seed_master.log
9c1b0e7b368810b9359c592b58bb6236baaace2645585abb9084307ea3b011fe,744,experiments/tworoom/results/tworoom_success_rate_geometry_global65_multiseed_status/aggregate.log
9fc40826f5f1f28dd89dbc40eaa0171bb9cbc78ee849d64156227e7e0e16288d,10735,experiments/tworoom/results/tworoom_success_rate_geometry_global65_multiseed_status/trainseed0_long.launcher.log
625d2bd6800d14ce6dd2f0dd6e882071c6337c0bac0d1445e0a4fc6871d84c73,10724,experiments/tworoom/results/tworoom_success_rate_geometry_global65_multiseed_status/trainseed0_short.launcher.log
7cd1cc34f8909cb1a0f7812a71d808d293e3639e0fdbf3537d6a0a38b7da46f3,10960,experiments/tworoom/results/tworoom_success_rate_geometry_global65_multiseed_status/trainseed625_long.launcher.log
d4d1f2d9fee3680168cb9eafeb5548ebd68edd3b93df8318e2796289c729bb83,10936,experiments/tworoom/results/tworoom_success_rate_geometry_global65_multiseed_status/trainseed625_short.launcher.log
87f4d64bf126b8149f2ea1b6f377bb242c81877bfbc7e154ac5f82043d766543,7148,experiments/tworoom/results/tworoom_success_rate_geometry_global65_trainseed0_long_master.log
b64102089cf61bbf8405dc773873c745da477a032aaeee2a421cb902f7cc8771,7219,experiments/tworoom/results/tworoom_success_rate_geometry_global65_trainseed0_short_master.log
5ffaef4463a1fc06852fdb633bfd8b4d1c3a8efd8f85a3c035b9f19101eef6d3,7290,experiments/tworoom/results/tworoom_success_rate_geometry_global65_trainseed625_long_master.log
b83c3024fd76a3155e4d937b7b7e2707fc631e3d216ce7645a8d2cbd77a0b1b7,7361,experiments/tworoom/results/tworoom_success_rate_geometry_global65_trainseed625_short_master.log
a0ac75f0712a11b70cada8eef295e8cb57891d804b19fb84235f5f0862f1325d,22082,experiments/tworoom/results/tworoom_success_rate_global_ft_45ep_trainseed0_long_seed0/run.log
f9870d2cf5bc3e54f746b68a3f2a4ef07f6847c72e56de0ec342a507b83706c3,22069,experiments/tworoom/results/tworoom_success_rate_global_ft_45ep_trainseed0_long_seed1/run.log
8f70e8296dea2768cdc6d2d63f39d53277e6162d78e8b86fa47f6cea6d1f61fd,22082,experiments/tworoom/results/tworoom_success_rate_global_ft_45ep_trainseed0_long_seed2/run.log
0c01e88169908d97f9834c4f8c610e46d2b45cd788513c1d522c7b5bd383ce6c,22069,experiments/tworoom/results/tworoom_success_rate_global_ft_45ep_trainseed0_long_seed3/run.log
466998111a47ad6759d80fd21e6135c5a59694a205b56240ded3c054d6a70458,22069,experiments/tworoom/results/tworoom_success_rate_global_ft_45ep_trainseed0_long_seed4/run.log
95f1049253a66ed0d7b33dd77b70ea66076cabaf0c173f00251ecd8c0b6a8f7c,22063,experiments/tworoom/results/tworoom_success_rate_global_ft_45ep_trainseed0_short_seed0/run.log
7692deaca51243dd4323fd1a0e8d508f27daaf900d9c943f98f3313bfa1849bb,22063,experiments/tworoom/results/tworoom_success_rate_global_ft_45ep_trainseed0_short_seed1/run.log
ca1ce6702fcdf2f895f512ce1d794b9e0e532b75108b8c0108122cb9192ed978,22063,experiments/tworoom/results/tworoom_success_rate_global_ft_45ep_trainseed0_short_seed2/run.log
e77a4f24cd3841b0066e18e29f9c8b2e88c82ac50b1864688f4949522b3b68c2,22063,experiments/tworoom/results/tworoom_success_rate_global_ft_45ep_trainseed0_short_seed3/run.log
145f8eb67584459e12356537b1ffa0a29ba432ac4a72a46ac6fbf82bd420385f,22063,experiments/tworoom/results/tworoom_success_rate_global_ft_45ep_trainseed0_short_seed4/run.log
f7df2b678549b5dafda084bbdcba6a1b61efc219494f694fa8b0f05bb13ec39d,22082,experiments/tworoom/results/tworoom_success_rate_global_ft_45ep_trainseed42_long_seed0/run.log
38924772b1afef7567d90a3340733fad83717125d537273f0fdb86e20e70f8f4,22069,experiments/tworoom/results/tworoom_success_rate_global_ft_45ep_trainseed42_long_seed1/run.log
bba1e3060d971d6360860ea49426c114b49ba9146e88893e53cc3f6105b94b3f,22082,experiments/tworoom/results/tworoom_success_rate_global_ft_45ep_trainseed42_long_seed2/run.log
e61135703136fca2f09c94000a97f1b81e96d61ce067fc4c22e8c97813d8197c,22082,experiments/tworoom/results/tworoom_success_rate_global_ft_45ep_trainseed42_long_seed3/run.log
17600133358cc59bf8f4804f4a1c37b715f810e81a013253f3cfb32752a36eaf,22069,experiments/tworoom/results/tworoom_success_rate_global_ft_45ep_trainseed42_long_seed4/run.log
a2876a879be3c01a01ee1b32caa52a4eaad6157929f069c4e4309f3f32b3f505,22063,experiments/tworoom/results/tworoom_success_rate_global_ft_45ep_trainseed42_short_seed0/run.log
1b491b8a0c01d5a57c6da2c5ed588861b3ec6538be863d5099eb5026869a01cb,22063,experiments/tworoom/results/tworoom_success_rate_global_ft_45ep_trainseed42_short_seed1/run.log
35751da218c1dd9945bef39ffa71cedb227572c0e297b2f161bff8b24289718b,22063,experiments/tworoom/results/tworoom_success_rate_global_ft_45ep_trainseed42_short_seed2/run.log
58924f9de7d3761b7d4b60aa8bcff94c3135c702313360bdda2fb682b0486bfc,22063,experiments/tworoom/results/tworoom_success_rate_global_ft_45ep_trainseed42_short_seed3/run.log
657bade1b1f3614ef20cfb7dc591581854a026c4efb5bffdd56b5de6d01ae96a,22063,experiments/tworoom/results/tworoom_success_rate_global_ft_45ep_trainseed42_short_seed4/run.log
31b1abb1cf498e648f2d7571fc4ac73ecf7860db80f607d7108f43d2b28b55b1,22082,experiments/tworoom/results/tworoom_success_rate_global_ft_45ep_trainseed625_long_seed0/run.log
af4f58cddeeb7983780e727a3c453a53ff3146a821c59360ab8fc08487265065,22069,experiments/tworoom/results/tworoom_success_rate_global_ft_45ep_trainseed625_long_seed1/run.log
8b05919eabd5068f75d48b3eee16ad5c0f70dae96b697901f1547e938d860bb8,22069,experiments/tworoom/results/tworoom_success_rate_global_ft_45ep_trainseed625_long_seed2/run.log
bea3b2d9cfe3ccab1e87e4b62454b4946026812dd1f51c087c8052dc9349d160,22082,experiments/tworoom/results/tworoom_success_rate_global_ft_45ep_trainseed625_long_seed3/run.log
e2b460ed50b204fa215d589021eca88de535e3a2d5d0f2231b9c340420a0e1ab,22082,experiments/tworoom/results/tworoom_success_rate_global_ft_45ep_trainseed625_long_seed4/run.log
59ad7b0658f0473383d970d8d991bdaab6752e1352058a0c20b7d539210d8248,22063,experiments/tworoom/results/tworoom_success_rate_global_ft_45ep_trainseed625_short_seed0/run.log
f862c7303d2f77d20e7afb35c50328f394b803e55c63c874cc2f6942c0dcc689,22063,experiments/tworoom/results/tworoom_success_rate_global_ft_45ep_trainseed625_short_seed1/run.log
8ec6c16b8af1415f05206a315828d15f8a04509693ecc3d15ed6371540ec81e0,22063,experiments/tworoom/results/tworoom_success_rate_global_ft_45ep_trainseed625_short_seed2/run.log
0691b3806e8d9ba1d43c35054d0b32afbb6500aad9efa992190adb61aa79b97b,22063,experiments/tworoom/results/tworoom_success_rate_global_ft_45ep_trainseed625_short_seed3/run.log
64ede4bc2b112cd8e60fae1047f27958e4ef6ff24912dd2e0a4df3d6916d9440,22063,experiments/tworoom/results/tworoom_success_rate_global_ft_45ep_trainseed625_short_seed4/run.log
82512763074bb2078368fd989db4b257044c975927706b04907c50cf80f24b4f,855,experiments/tworoom/results/tworoom_success_rate_global_ft_50ep_exp6_5seed_master.log
aaafd0cfc1184ba7a8c6acd263b2e4770fb69292543bf9f8164f6cb1d4f21011,22138,experiments/tworoom/results/tworoom_success_rate_global_ft_50ep_exp6_b100_seed0/run.log
46e41beb31b987189cc02e60b6c632e2253fecdba34b34d8ae9e38cae4d45490,22083,experiments/tworoom/results/tworoom_success_rate_global_ft_50ep_exp6_seed0/run.log
1250ba6c08e2e206532a9475098f94d443991fe5d8f8cf21d21e5557ffd7c5ba,22070,experiments/tworoom/results/tworoom_success_rate_global_ft_50ep_exp6_seed1/run.log
622b2dca46fbfba30f1fe472e40a69126feadef462a109f1b76de6b825b85f25,22083,experiments/tworoom/results/tworoom_success_rate_global_ft_50ep_exp6_seed2/run.log
065821d6abe04d865998ec1380d8134bf60e84b69c8fb1b948e20f5fa718a12c,22070,experiments/tworoom/results/tworoom_success_rate_global_ft_50ep_exp6_seed3/run.log
8018e793142df3980668481f7164eae6d24c394c2a90dfa132f2faeca2547f43,22070,experiments/tworoom/results/tworoom_success_rate_global_ft_50ep_exp6_seed4/run.log
af03acc96184862ef37edd8de214463f750b59e7048ea43ba519d2527412ea0b,22082,experiments/tworoom/results/tworoom_success_rate_global_ft_50ep_trainseed0_exp6_seed0/run.log
10e699d96e32862aa200444f9f86a3870bd7565203ac00887ed3cb5c827b6e71,22069,experiments/tworoom/results/tworoom_success_rate_global_ft_50ep_trainseed0_exp6_seed1/run.log
9884b9ba745430d2cb65769a65d96c29cba217e852ccf112547e3d07c9f7a3c6,22082,experiments/tworoom/results/tworoom_success_rate_global_ft_50ep_trainseed0_exp6_seed2/run.log
fbe4e9a7c9058df0b8f304302b7cd59a0f43c81faf877c021d3fbfcb52eee6dd,22069,experiments/tworoom/results/tworoom_success_rate_global_ft_50ep_trainseed0_exp6_seed3/run.log
681002e9c3e1ce2c74c73dacb30b1c621ecd3e614e8b6f68754bd52e94982f0d,22069,experiments/tworoom/results/tworoom_success_rate_global_ft_50ep_trainseed0_exp6_seed4/run.log
05f3a192e51060231f49db892c9519b71c0ec3eed3c773cf92aa3ed71928d352,22069,experiments/tworoom/results/tworoom_success_rate_global_ft_50ep_trainseed625_exp6_seed0/run.log
cc52852faed0ee867b7525d79141c5ce2a9cbef91a747a5ada514d27244572af,22069,experiments/tworoom/results/tworoom_success_rate_global_ft_50ep_trainseed625_exp6_seed1/run.log
00dc7957245fd407551d1f3f0f4deee643a19a5809d2937b71f91020c857c938,22069,experiments/tworoom/results/tworoom_success_rate_global_ft_50ep_trainseed625_exp6_seed2/run.log
0e6df5b1e0e0d4f89be7344859154edffc5172e751683d68752fd0caebd08092,22069,experiments/tworoom/results/tworoom_success_rate_global_ft_50ep_trainseed625_exp6_seed3/run.log
1b966b17d42e80657a9c685a70e81a9cfd77205c2258892c818464779524f2c2,22069,experiments/tworoom/results/tworoom_success_rate_global_ft_50ep_trainseed625_exp6_seed4/run.log
88d1169ca99e29dfe5b2d6cfc41eaab7fe6787b3cbd1f32a79fa8e6530d4d06b,22070,experiments/tworoom/results/tworoom_success_rate_global_ft_65ep_exp8_exp6_seed0/run.log
24b371b7c2d087373bde0df4e3b827adcf2f3a66f7570a62eb54ad442c7dddc9,22070,experiments/tworoom/results/tworoom_success_rate_global_ft_65ep_exp8_exp6_seed1/run.log
eccc098c58316a38973653cbc6994a1df3c63eff0e27186d21411b244e0a3cf4,22070,experiments/tworoom/results/tworoom_success_rate_global_ft_65ep_exp8_exp6_seed2/run.log
d0230dcd0e89d9a13993ac0e9c07f1817c918a9a2529082f9b9e0a4463c3daef,22070,experiments/tworoom/results/tworoom_success_rate_global_ft_65ep_exp8_exp6_seed3/run.log
461a73e11aec3c47fd838f4132860ad9098238be8f46446e4125e67f65205683,22070,experiments/tworoom/results/tworoom_success_rate_global_ft_65ep_exp8_exp6_seed4/run.log
13b1644a1c42d6ea89e22372e45b217ccd670c99e462e0d09e93f66f1bd85d72,22064,experiments/tworoom/results/tworoom_success_rate_global_ft_65ep_seed0/run.log
d78662141c957f15e66700ee94b14b1ec57ebe62861b7470738cc5f4a5557eed,22064,experiments/tworoom/results/tworoom_success_rate_global_ft_65ep_seed1/run.log
8cf10b3163322b0b74cf0fa488a8b0d62b4b4269dc6856a74a283ddda573aead,22064,experiments/tworoom/results/tworoom_success_rate_global_ft_65ep_seed2/run.log
1cadbef39bab5cc85f209eae9c7af947329eae4f66c1340c58e9902438946e5d,22064,experiments/tworoom/results/tworoom_success_rate_global_ft_65ep_seed3/run.log
1e23fffa9180f269734cb665a58dd5ab8bc4b787ccf50ba72591cd1a69ec03f7,22064,experiments/tworoom/results/tworoom_success_rate_global_ft_65ep_seed4/run.log
ffaef1db6e5c2dc10e0730791995f38080ff4bfa12cfb415d7c5802dc2dd9f68,22069,experiments/tworoom/results/tworoom_success_rate_joint_continue_3ep_trainseed0_long_evalseed0/run.log
3937df5ae095eb36bef558a86c62837af0d323c20618aeac9332b88690d55f9d,22082,experiments/tworoom/results/tworoom_success_rate_joint_continue_3ep_trainseed0_long_evalseed1/run.log
f5c5a01ca0e074ac9cc3740612ceca5361e57df1bc57f87c46fd8b12a660071a,22069,experiments/tworoom/results/tworoom_success_rate_joint_continue_3ep_trainseed0_long_evalseed2/run.log
9c6ac246763ab860641ece56891045fa85ae4821edcf0478170ffc84a6c5fef5,22069,experiments/tworoom/results/tworoom_success_rate_joint_continue_3ep_trainseed0_long_evalseed3/run.log
a9450a877c106f31e478375a1146785364b46009234c49dcae8ef613f28dd81f,22069,experiments/tworoom/results/tworoom_success_rate_joint_continue_3ep_trainseed0_long_evalseed4/run.log
4360ab960af05c4c30f7647f151fcb7fc729b7be92507a1229e3e45f0ad8406f,22069,experiments/tworoom/results/tworoom_success_rate_joint_continue_3ep_trainseed42_long_evalseed0/run.log
fd85edf3c9de62f14b24d2963f208c94b028c195815ed045edd28d9a8087054d,22069,experiments/tworoom/results/tworoom_success_rate_joint_continue_3ep_trainseed42_long_evalseed1/run.log
14e36df1a5a0180f586773d9b43d3499945cd8566c6561e27836024a5ac1c1a1,22069,experiments/tworoom/results/tworoom_success_rate_joint_continue_3ep_trainseed42_long_evalseed2/run.log
9f9390470fb08b0b3f90378536af8df37ded289f17c7f6ddddc5a44ff7a7d96f,22069,experiments/tworoom/results/tworoom_success_rate_joint_continue_3ep_trainseed42_long_evalseed3/run.log
df5063a49180d5e24dc9f53a4ee0bafaca9614afb04085e6bf751edadd5a411c,22082,experiments/tworoom/results/tworoom_success_rate_joint_continue_3ep_trainseed42_long_evalseed4/run.log
12b4d7cc71aa84f97e452727044c1badc3ac0e56374c88bd0c12ffc9d10d0db8,22069,experiments/tworoom/results/tworoom_success_rate_joint_continue_3ep_trainseed625_long_evalseed0/run.log
7b920e99ba94aa8755fef0ce4b53cb00625964fea80c629927310d88a308e7d3,22082,experiments/tworoom/results/tworoom_success_rate_joint_continue_3ep_trainseed625_long_evalseed1/run.log
bfeef919263a2c3615a7bc940256bc71e5133664509461ca1d36e41025acf323,22069,experiments/tworoom/results/tworoom_success_rate_joint_continue_3ep_trainseed625_long_evalseed2/run.log
d225bfa34688d2737c2621a2d2c9698c82ece1e3923d157b82ecbca56975eaa9,22069,experiments/tworoom/results/tworoom_success_rate_joint_continue_3ep_trainseed625_long_evalseed3/run.log
939eb1760844de49e79d5f38f7504986db3864489f4609eab3ea59588263edfa,22082,experiments/tworoom/results/tworoom_success_rate_joint_continue_3ep_trainseed625_long_evalseed4/run.log
170b69e51db2a2dd160ca758e3141bf17be0ad8a5eb15ba6ae66a1ae6c9b3c24,1094,experiments/tworoom/results/tworoom_success_rate_latent_kmeanspp_kmeanspp_R50_outer0_5seed_master.log
ed8910227e1e62e30d53c91486a93d22c64641fa1ddd95c10d533f5fb8275584,22070,experiments/tworoom/results/tworoom_success_rate_latent_kmeanspp_kmeanspp_R50_outer0_seed0/run.log
6639b0180f849f5ce80b95cb4ee6e87b32f4702e95fb047af38938df0ff0feb8,22071,experiments/tworoom/results/tworoom_success_rate_latent_kmeanspp_kmeanspp_R50_outer0_seed1/run.log
5dcf131276001ae32da51bdeb4bbb4a277e3af853ca842038ed616cf49a62146,22084,experiments/tworoom/results/tworoom_success_rate_latent_kmeanspp_kmeanspp_R50_outer0_seed2/run.log
a0a942bfe2dac7c4ebe2bbb8045ba686315d1507d176aefefa7ed8fc870dcc13,22071,experiments/tworoom/results/tworoom_success_rate_latent_kmeanspp_kmeanspp_R50_outer0_seed3/run.log
409e057b3b46ecf0f4c1e2f732e308e257195092d31ebfa0f892e5d20f9956a2,22084,experiments/tworoom/results/tworoom_success_rate_latent_kmeanspp_kmeanspp_R50_outer0_seed4/run.log
d8a8483659794f5fcb0f9fd570e6fc1dceb9427ad2fa09994e4824205b87a8fe,1025,experiments/tworoom/results/tworoom_success_rate_latent_kmeanspp_kmeanspp_R50_outer0_step_routing_5seed_master.log
1b8f4e942ebaa0973baa987cd96ba6efc40756279712b7ad216bcc05db64dac4,22074,experiments/tworoom/results/tworoom_success_rate_latent_kmeanspp_kmeanspp_R50_outer0_step_routing_seed0/run.log
1a0d20b841c1821b3592518e3af9872dce87840123466f2a6369a633d7da05f8,22072,experiments/tworoom/results/tworoom_success_rate_latent_kmeanspp_kmeanspp_R50_outer0_step_routing_seed1/run.log
d780e1531f1611a987cb3c7afc1c7d56ee4db57380ef6479d403f205b6c6191e,22074,experiments/tworoom/results/tworoom_success_rate_latent_kmeanspp_kmeanspp_R50_outer0_step_routing_seed2/run.log
7f16022b38b712a3e51bde44aa9d61760c481545a746d0267d424fe95f7b4c2e,22087,experiments/tworoom/results/tworoom_success_rate_latent_kmeanspp_kmeanspp_R50_outer0_step_routing_seed3/run.log
37aa517bd88cdba4c7d4cc6e3ab58e2a79e25e4ead2caf288601e9852017102f,22084,experiments/tworoom/results/tworoom_success_rate_latent_kmeanspp_kmeanspp_R50_outer0_step_routing_seed4/run.log
2dec0e95b55be982b9cbcd5df4e49ab500ce26d899a699558ee24bee90f522c2,22083,experiments/tworoom/results/tworoom_success_rate_latent_kmeanspp_kmeanspp_R50_outer0_trainseed0_evalseed0/run.log
69d3dc92e2ec66aca8f186ccefd7d422aba0320022265057b394e487c32d78a4,22070,experiments/tworoom/results/tworoom_success_rate_latent_kmeanspp_kmeanspp_R50_outer0_trainseed0_evalseed1/run.log
b7b115dc1d68a328ee4f5c27f332c38dfb87e832120d1c624fedf9dc17f9b0fb,22083,experiments/tworoom/results/tworoom_success_rate_latent_kmeanspp_kmeanspp_R50_outer0_trainseed0_evalseed2/run.log
b520a685b043a0ae993b82fc0f54a844a4b4072047cba18ad563a939ef31a9e7,22070,experiments/tworoom/results/tworoom_success_rate_latent_kmeanspp_kmeanspp_R50_outer0_trainseed0_evalseed3/run.log
8ee6fc5d8e11c9ef5d41ada4764842b727814ed53e46d59576e65d0be3965b03,22070,experiments/tworoom/results/tworoom_success_rate_latent_kmeanspp_kmeanspp_R50_outer0_trainseed0_evalseed4/run.log
b1708cc087a645cd91303c37406a361e43e44dd2a9d38616b8adce07c747c657,803,experiments/tworoom/results/tworoom_success_rate_latent_kmeanspp_kmeanspp_R50_outer0_trainseed0_master.log
4e99c7bd03a0d4848e4895c5287731eff12091394ab88fcd65932a8a3a6b4bad,22084,experiments/tworoom/results/tworoom_success_rate_latent_kmeanspp_kmeanspp_R50_outer0_trainseed625_evalseed0/run.log
fceb9838c3bfe4279ddb9214133a1f8a46f66ee8e09f3b8fce54291f9cf58738,22070,experiments/tworoom/results/tworoom_success_rate_latent_kmeanspp_kmeanspp_R50_outer0_trainseed625_evalseed1/run.log
7dadad6fa059816dc6d87c8561b0c1796eff45f5069218f796efb3de0eb622dc,22070,experiments/tworoom/results/tworoom_success_rate_latent_kmeanspp_kmeanspp_R50_outer0_trainseed625_evalseed2/run.log
18bc5976ce52ad592f97bafbdbc0eac5b3e9b181fba100eba23d6f467c8cda72,22070,experiments/tworoom/results/tworoom_success_rate_latent_kmeanspp_kmeanspp_R50_outer0_trainseed625_evalseed3/run.log
d9d8321a034b3d5e2ae6387b062c93b148d98392d962e4b1aaa8486e72a69049,22070,experiments/tworoom/results/tworoom_success_rate_latent_kmeanspp_kmeanspp_R50_outer0_trainseed625_evalseed4/run.log
9eb93a4398252582abac144ffb4040c872f9682bee8353b57c45aee6c8e2ec62,825,experiments/tworoom/results/tworoom_success_rate_latent_kmeanspp_kmeanspp_R50_outer0_trainseed625_master.log
93755f0d644327bb033342cd6057fc4df112bcb21da8e6448e1e157aa9bbd326,995,experiments/tworoom/results/tworoom_success_rate_latent_kmeanspp_kmeanspp_R50_outer1_5seed_master.log
b024298b5fe53358de7e11b28aee85e5eb9aca1378e0366560f6fee327b554ff,22070,experiments/tworoom/results/tworoom_success_rate_latent_kmeanspp_kmeanspp_R50_outer1_seed0/run.log
260b88c8791593551a4fdd239ae6e63ce74e2b8c6bdfe59ea39a735d459f1ef3,22071,experiments/tworoom/results/tworoom_success_rate_latent_kmeanspp_kmeanspp_R50_outer1_seed1/run.log
2a5723405572d89a119a8ed9c5f70982af93d12e530df5661998898ee161052d,22083,experiments/tworoom/results/tworoom_success_rate_latent_kmeanspp_kmeanspp_R50_outer1_seed2/run.log
7ede19e281a4a99d43331e9a7dd069cbb4619086ef3f0e851891c87e5355adb3,22083,experiments/tworoom/results/tworoom_success_rate_latent_kmeanspp_kmeanspp_R50_outer1_seed3/run.log
8d691f3d63ac293991dbcbd2269e5b9e4c6d36b5d7de9e0dd2a2181d193bedad,22070,experiments/tworoom/results/tworoom_success_rate_latent_kmeanspp_kmeanspp_R50_outer1_seed4/run.log
03b9df3d10fd605f045c6fff01feeb65d3cb14942b36a4f80261bbaaf5d63923,1025,experiments/tworoom/results/tworoom_success_rate_latent_kmeanspp_kmeanspp_R50_outer1_step_routing_5seed_master.log
2f6a848328a05625fa9a2a79fa2b0787d0072418f57c690557def3ac225b5ea8,22074,experiments/tworoom/results/tworoom_success_rate_latent_kmeanspp_kmeanspp_R50_outer1_step_routing_seed0/run.log
d9a10765a24e76b92f6bc9be258dfb598ee5b70d5e284235576d228c3fdbe4b7,22072,experiments/tworoom/results/tworoom_success_rate_latent_kmeanspp_kmeanspp_R50_outer1_step_routing_seed1/run.log
2ba307e767de792674fc8304258f4f348fb230f0d0c49d9ce9483ce4e5935072,22087,experiments/tworoom/results/tworoom_success_rate_latent_kmeanspp_kmeanspp_R50_outer1_step_routing_seed2/run.log
cb64954d2a3b22ca86f163b84cc6a1a00e1b62767eb8c01f152a229a4bfff151,22074,experiments/tworoom/results/tworoom_success_rate_latent_kmeanspp_kmeanspp_R50_outer1_step_routing_seed3/run.log
225aa679cd731544985e1774e43aedaa5503bc057215711daf5b500c0cec959d,22072,experiments/tworoom/results/tworoom_success_rate_latent_kmeanspp_kmeanspp_R50_outer1_step_routing_seed4/run.log
a5db6d43acc518001177278d2e8efc05a0be6153df41264c6469a7f6d89e879b,22071,experiments/tworoom/results/tworoom_success_rate_latent_kmeanspp_kmeanspp_R50_outer1_trainseed0_evalseed0/run.log
998a669ffe91a697e18935403cd48ac856ccc02c2fe90add77672f6e69fd9dbb,22070,experiments/tworoom/results/tworoom_success_rate_latent_kmeanspp_kmeanspp_R50_outer1_trainseed0_evalseed1/run.log
3e9a67cd8ef8a0c74e61448917689451b1d8a40a1f031d5bcce59164beeab08c,22083,experiments/tworoom/results/tworoom_success_rate_latent_kmeanspp_kmeanspp_R50_outer1_trainseed0_evalseed2/run.log
6af16215638b3202b270ac37917941946a0f93ec3df446df2c851d703ad3a28d,22070,experiments/tworoom/results/tworoom_success_rate_latent_kmeanspp_kmeanspp_R50_outer1_trainseed0_evalseed3/run.log
74f2277938257aadac7d3dfbeee313300bbc2feeda3d9358431baa65addf8093,22070,experiments/tworoom/results/tworoom_success_rate_latent_kmeanspp_kmeanspp_R50_outer1_trainseed0_evalseed4/run.log
9df6c7c58f092a986c005c02aee98e9ada2b333c0430c6bcde045935db0ba26b,803,experiments/tworoom/results/tworoom_success_rate_latent_kmeanspp_kmeanspp_R50_outer1_trainseed0_master.log
842ba409a9b4e743171fc5430067b86929f883a5ebead1ca6fdf0528188c12b4,22071,experiments/tworoom/results/tworoom_success_rate_latent_kmeanspp_kmeanspp_R50_outer1_trainseed625_evalseed0/run.log
980ca731d6a27a739030d78b9c456c7b43fee2dc29674f9b1aca9f665f20adc9,22070,experiments/tworoom/results/tworoom_success_rate_latent_kmeanspp_kmeanspp_R50_outer1_trainseed625_evalseed1/run.log
9d2e47fe79c6b3b5ba270b4e365b7379c21beef11b0cb05480231fe20bb09c21,22084,experiments/tworoom/results/tworoom_success_rate_latent_kmeanspp_kmeanspp_R50_outer1_trainseed625_evalseed2/run.log
9e62ef989307b66f90378a247fc45aaceeb1d8663f145b5da08e5be23c862224,22070,experiments/tworoom/results/tworoom_success_rate_latent_kmeanspp_kmeanspp_R50_outer1_trainseed625_evalseed3/run.log
c1fcb02590028acef18d44993f1511dac7081c14cb8fa593863f65aeb7baaf79,22083,experiments/tworoom/results/tworoom_success_rate_latent_kmeanspp_kmeanspp_R50_outer1_trainseed625_evalseed4/run.log
d73e051c7c0c6af1ae2b09d2ff113d0b8f0ac03fd3c5327e108226a206aa0e41,825,experiments/tworoom/results/tworoom_success_rate_latent_kmeanspp_kmeanspp_R50_outer1_trainseed625_master.log
1cc43f9577781d17f30df95cac5911af708994afca2ef91569c39eb4020b3b14,995,experiments/tworoom/results/tworoom_success_rate_latent_kmeanspp_kmeanspp_R50_outer2_5seed_master.log
1c6b75bfd7b39d99fba49a7886412affdabd2750cdaa854fc6c15edd72a8159d,22070,experiments/tworoom/results/tworoom_success_rate_latent_kmeanspp_kmeanspp_R50_outer2_seed0/run.log
438fc16704b2371b07f50c204c9481306747b54262ba42d7fcea05558b4c288d,22070,experiments/tworoom/results/tworoom_success_rate_latent_kmeanspp_kmeanspp_R50_outer2_seed1/run.log
8d9fbac3cdb8a800b83fba49bc6abb91a418358c08e77eba1915b4fc74375a42,22083,experiments/tworoom/results/tworoom_success_rate_latent_kmeanspp_kmeanspp_R50_outer2_seed2/run.log
c1f3d461eff0d61385764045aa0eaf3dea85cea48c6aa302db64160750fea5d1,22070,experiments/tworoom/results/tworoom_success_rate_latent_kmeanspp_kmeanspp_R50_outer2_seed3/run.log
72e927378a40ca23b6fb431f8397514c2a2da0e9ab0a5001ecc28c98e2144b0c,22083,experiments/tworoom/results/tworoom_success_rate_latent_kmeanspp_kmeanspp_R50_outer2_seed4/run.log
bb558b4e8df039ab02ee32f7da45df8d5f814b15d92310607e597f5f37265576,1025,experiments/tworoom/results/tworoom_success_rate_latent_kmeanspp_kmeanspp_R50_outer2_step_routing_5seed_master.log
e260993c9a86d3ee1a6c672cce2f6fafbcf68c32aa373327ef6de44b88afdb8f,22074,experiments/tworoom/results/tworoom_success_rate_latent_kmeanspp_kmeanspp_R50_outer2_step_routing_seed0/run.log
a2d6bbc65da313c2ef4156843f81a407afcc032c7deae40d902a2c96d7d685cc,22073,experiments/tworoom/results/tworoom_success_rate_latent_kmeanspp_kmeanspp_R50_outer2_step_routing_seed1/run.log
536130af8f4c4b7f3adeee536f6b29df47d441883e0a8c12b605b3be8cb51344,22086,experiments/tworoom/results/tworoom_success_rate_latent_kmeanspp_kmeanspp_R50_outer2_step_routing_seed2/run.log
3f32c3b235f8692cf51cb5e7b039c016bee2e83e4c8ff8294de97479a474ec0e,22074,experiments/tworoom/results/tworoom_success_rate_latent_kmeanspp_kmeanspp_R50_outer2_step_routing_seed3/run.log
881301d4d4ea4a29b7fa74960991b0fb40b9c0a8cb966bc06326fdcfb8d9d82c,22086,experiments/tworoom/results/tworoom_success_rate_latent_kmeanspp_kmeanspp_R50_outer2_step_routing_seed4/run.log
2132065e5bc0c1b4f5655ccf1a3096d044ed61baed0e55f4b31a044f2ed871d3,22084,experiments/tworoom/results/tworoom_success_rate_latent_kmeanspp_kmeanspp_R50_outer2_trainseed0_evalseed0/run.log
4b512ddefcedbcb56a5e6058017fe4b2fdb2a69ea252fd22d1cd805fcfb74f91,22083,experiments/tworoom/results/tworoom_success_rate_latent_kmeanspp_kmeanspp_R50_outer2_trainseed0_evalseed1/run.log
3d830e58c4649982e2846ac24ef3d13d3258448468231b30024c469250e05368,22083,experiments/tworoom/results/tworoom_success_rate_latent_kmeanspp_kmeanspp_R50_outer2_trainseed0_evalseed2/run.log
f632d02f6c3de62b2479ad5e6feeda46d1ec0ba016e0c7b07f6b3675495b6c79,22083,experiments/tworoom/results/tworoom_success_rate_latent_kmeanspp_kmeanspp_R50_outer2_trainseed0_evalseed3/run.log
d5ee35c20d439337ab4167fba7e2562930c1a27d146c8ebf3b2b895ffdc33188,22071,experiments/tworoom/results/tworoom_success_rate_latent_kmeanspp_kmeanspp_R50_outer2_trainseed0_evalseed4/run.log
f902164410e0783d95be101b962a86cab4734c35592a3725a26805b9c509c09f,803,experiments/tworoom/results/tworoom_success_rate_latent_kmeanspp_kmeanspp_R50_outer2_trainseed0_master.log
9c89f22f308e110b9003e05679c75a06f54fe93b4f0dcab9265627371f0565bf,22084,experiments/tworoom/results/tworoom_success_rate_latent_kmeanspp_kmeanspp_R50_outer2_trainseed625_evalseed0/run.log
fe1e546ddef9ea4668faee51878bc0ef24e1ae833643c42bb674abf66480b896,22070,experiments/tworoom/results/tworoom_success_rate_latent_kmeanspp_kmeanspp_R50_outer2_trainseed625_evalseed1/run.log
4ccce49add99c484abd455b3ad3ca6effcb20b796ea43444006e369e7a863d0a,22084,experiments/tworoom/results/tworoom_success_rate_latent_kmeanspp_kmeanspp_R50_outer2_trainseed625_evalseed2/run.log
73d64db2fea87dcee6d8ec38edc313eba1ff35f6655b8013ea332343a7f02413,22070,experiments/tworoom/results/tworoom_success_rate_latent_kmeanspp_kmeanspp_R50_outer2_trainseed625_evalseed3/run.log
f8015c24e37ee1fea662ae86a29a568f7d45c0db5b6258fc49f8fec6d963edeb,22069,experiments/tworoom/results/tworoom_success_rate_latent_kmeanspp_kmeanspp_R50_outer2_trainseed625_evalseed4/run.log
bc5a85bf6882d741aa5064d5cb78083f4a850a3bc8e1956e240dab48aa6a98e3,825,experiments/tworoom/results/tworoom_success_rate_latent_kmeanspp_kmeanspp_R50_outer2_trainseed625_master.log
9ebeab321e7f785486958f7409668a40206dd718b82a308373261471583fc437,22138,experiments/tworoom/results/tworoom_success_rate_latent_kmeanspp_R50_outer0_exp6_b100_seed0/run.log
2946217a522850635954a9534b50176a02b364cadc810d91441ed58c443a8a90,2308,experiments/tworoom/results/tworoom_success_rate_latent_kmeanspp_R50_outer0_step_routing_wrapper.log
55cc23be7b3831e8f8314be5c70035e61d491f90f25d3714c10ec454ae05ce73,2290,experiments/tworoom/results/tworoom_success_rate_latent_kmeanspp_R50_outer1_step_routing_wrapper.log
524a44cf8d1e7b442ea8dc97ebd3e62778a68e72bce72e25d2bec21469833059,2297,experiments/tworoom/results/tworoom_success_rate_latent_kmeanspp_R50_outer2_step_routing_wrapper.log
c709d661aacb901b382adcb61702fd10f07c3db73b818aa49c94caae9098f8e5,213,experiments/tworoom/results/tworoom_success_rate_latent_kmeanspp_trainseed_status/aggregate.log
5ca65b9bcd8509106d9834ec646832f7de0af8858f6fddc244fc129784aee711,1189,experiments/tworoom/results/tworoom_success_rate_latent_kmeanspp_trainseed_status/trainseed0_outer0.launcher.log
fbd14b3757930541a020d4c61b44dbda0e8b60308e9d4d5794b69d0070a9c41e,1176,experiments/tworoom/results/tworoom_success_rate_latent_kmeanspp_trainseed_status/trainseed0_outer1.launcher.log
12794f27eee8f3e874d99f2d3e34a1859d652a28e9386ff1426e3a17569c4506,1215,experiments/tworoom/results/tworoom_success_rate_latent_kmeanspp_trainseed_status/trainseed0_outer2.launcher.log
4b7e5ef4bdbf78589400ad65553a0a80369ab0e8b1cf21077142b34c3f97a3c0,1208,experiments/tworoom/results/tworoom_success_rate_latent_kmeanspp_trainseed_status/trainseed625_outer0.launcher.log
61bb777ea095e1f17a97e6a79f3d962ab1613e697eb2ad6677a3a7c50f0e5141,1221,experiments/tworoom/results/tworoom_success_rate_latent_kmeanspp_trainseed_status/trainseed625_outer1.launcher.log
eb7c5aebad6c58b0507e49830938a5f6c48f53502787c06854b496493de9120a,1221,experiments/tworoom/results/tworoom_success_rate_latent_kmeanspp_trainseed_status/trainseed625_outer2.launcher.log
d673fcce7abbe42d2cc56a80694668c7a30551903dedce9abc3295478064cda2,1314,experiments/tworoom/results/tworoom_success_rate_latent_spectral_spectral_M20000_k30_P16_seed0_trainseed0_mpc_5seed_master.log
66c49a7c2b402bc9ae56f2c08f982eca5bb964eabfbd5591ff303646789c4c02,22069,experiments/tworoom/results/tworoom_success_rate_latent_spectral_spectral_M20000_k30_P16_seed0_trainseed0_mpc_evalseed0/run.log
16ddb4b2fdd084ca0fd1918d6ea359163f89924081bcac69c24d376026c40388,22069,experiments/tworoom/results/tworoom_success_rate_latent_spectral_spectral_M20000_k30_P16_seed0_trainseed0_mpc_evalseed1/run.log
93619d359e13b4ef4d93f676df786efacf76ef69014e33289a56858008bbd4e3,22069,experiments/tworoom/results/tworoom_success_rate_latent_spectral_spectral_M20000_k30_P16_seed0_trainseed0_mpc_evalseed2/run.log
7951080e790ff780160013ee27041b5308c2d1c3151da615cd7dbffd3c34d748,22083,experiments/tworoom/results/tworoom_success_rate_latent_spectral_spectral_M20000_k30_P16_seed0_trainseed0_mpc_evalseed3/run.log
e71ae10d87027303aa68e3e4db144857128de8efd02d5e0f9c04ad5cba2c264c,22069,experiments/tworoom/results/tworoom_success_rate_latent_spectral_spectral_M20000_k30_P16_seed0_trainseed0_mpc_evalseed4/run.log
643ec491d266a4b1e83ddf696c0fe2b8ecf7524b7e00009e7d355a9a090910b9,1325,experiments/tworoom/results/tworoom_success_rate_latent_spectral_spectral_M20000_k30_P16_seed0_trainseed42_mpc_5seed_master.log
2d6bf2fa568d9940f62c36b800ce29413fa74cfa81c7199ca0e3ac13aeec0e3d,22070,experiments/tworoom/results/tworoom_success_rate_latent_spectral_spectral_M20000_k30_P16_seed0_trainseed42_mpc_evalseed0/run.log
e9217cafb073769250ff540c25f52cb7fd8b53059eb4d83f8dffad66ee7cfa5f,22070,experiments/tworoom/results/tworoom_success_rate_latent_spectral_spectral_M20000_k30_P16_seed0_trainseed42_mpc_evalseed1/run.log
ecb11e8ffc8b2e4d81cbd699a0835f3932281e5d5a57f5014e3afbaf8bad97dd,22069,experiments/tworoom/results/tworoom_success_rate_latent_spectral_spectral_M20000_k30_P16_seed0_trainseed42_mpc_evalseed2/run.log
be2fbc21bc3cf7bf049e72a884af61e1f3607ce735ccd6048fed39e2de916794,22082,experiments/tworoom/results/tworoom_success_rate_latent_spectral_spectral_M20000_k30_P16_seed0_trainseed42_mpc_evalseed3/run.log
351959828013f9d88656393f2d247cff53925e3421368f750f5ce1650207b855,22082,experiments/tworoom/results/tworoom_success_rate_latent_spectral_spectral_M20000_k30_P16_seed0_trainseed42_mpc_evalseed4/run.log
6f0cd4a7abb1611c535570bd4ea6a06fbffce7e23e0ac5637c234b54ffe6a87d,1215,experiments/tworoom/results/tworoom_success_rate_latent_spectral_spectral_M20000_k30_P16_seed0_trainseed625_mpc_5seed_master.log
347e9652975d952428b321a9f3f84be95b417801619bfbc9c0da7ecffaaf2a73,22069,experiments/tworoom/results/tworoom_success_rate_latent_spectral_spectral_M20000_k30_P16_seed0_trainseed625_mpc_evalseed0/run.log
817e5823599e882d84bf74e48b007a704504eacb16ba6648cccc9e77ddd219eb,22069,experiments/tworoom/results/tworoom_success_rate_latent_spectral_spectral_M20000_k30_P16_seed0_trainseed625_mpc_evalseed1/run.log
cacac64a3c3469e6a9203910d74cbcb5199093ae44fd5c31e0e9b73ab71afc32,22069,experiments/tworoom/results/tworoom_success_rate_latent_spectral_spectral_M20000_k30_P16_seed0_trainseed625_mpc_evalseed2/run.log
5c8dfabc3f0524eb5bd9e2d7bcba88e03883f505239a002937b01917aa6cc349,22069,experiments/tworoom/results/tworoom_success_rate_latent_spectral_spectral_M20000_k30_P16_seed0_trainseed625_mpc_evalseed3/run.log
df48fb51b4e5210d41ba62fb379513639c10e5f61fe2e8241407073f81371580,22082,experiments/tworoom/results/tworoom_success_rate_latent_spectral_spectral_M20000_k30_P16_seed0_trainseed625_mpc_evalseed4/run.log
a3d86141039d1f8b09b44cf1cfe82f58eb499148557c3c90cf50b7c69a799d80,1314,experiments/tworoom/results/tworoom_success_rate_latent_spectral_spectral_M20000_k30_P16_seed1_trainseed0_mpc_5seed_master.log
aa962632781244b271363bd74611d58f1342eba554645c140daf712443e881d2,22069,experiments/tworoom/results/tworoom_success_rate_latent_spectral_spectral_M20000_k30_P16_seed1_trainseed0_mpc_evalseed0/run.log
33c13c4a9bdbdc424c2e1b624ac5fb874753e5dff4cc1dc3fa9eed775da4cf72,22070,experiments/tworoom/results/tworoom_success_rate_latent_spectral_spectral_M20000_k30_P16_seed1_trainseed0_mpc_evalseed1/run.log
607ab5ff64e6f7195f7e1ecb875a4f14c2d5a78f686d69a116d967fc2be98b9a,22069,experiments/tworoom/results/tworoom_success_rate_latent_spectral_spectral_M20000_k30_P16_seed1_trainseed0_mpc_evalseed2/run.log
f50dc3d77831a35f11eaad503ba3263ab86ff8093f9b794872174f83be33ef34,22070,experiments/tworoom/results/tworoom_success_rate_latent_spectral_spectral_M20000_k30_P16_seed1_trainseed0_mpc_evalseed3/run.log
efcffe77540916c2bfd09a0dec6dddab73a2165291f7c8c56e1210f5a1a2fe19,22082,experiments/tworoom/results/tworoom_success_rate_latent_spectral_spectral_M20000_k30_P16_seed1_trainseed0_mpc_evalseed4/run.log
faa03d2467f5108ee280558871c85c439e88d8a9ba03117b930c5e8d4ddc4aba,1325,experiments/tworoom/results/tworoom_success_rate_latent_spectral_spectral_M20000_k30_P16_seed1_trainseed42_mpc_5seed_master.log
e9e8618239f6437966329c02ab56f7c2348d5eb47138d5ffd738108408233472,22069,experiments/tworoom/results/tworoom_success_rate_latent_spectral_spectral_M20000_k30_P16_seed1_trainseed42_mpc_evalseed0/run.log
1addba57b564b204cb25abc6bcdaa1010edcb8fd8e69916e09b3d09276d7cc60,22069,experiments/tworoom/results/tworoom_success_rate_latent_spectral_spectral_M20000_k30_P16_seed1_trainseed42_mpc_evalseed1/run.log
f0d2fd773dafdf9c49e11adc7ca1d1c29ae8a4f4926ca9ae09d3f1b5f061f037,22069,experiments/tworoom/results/tworoom_success_rate_latent_spectral_spectral_M20000_k30_P16_seed1_trainseed42_mpc_evalseed2/run.log
76c52b60f49c003fa333d5eac57b072affee2f014e4eaa1167722b8e64f2e824,22082,experiments/tworoom/results/tworoom_success_rate_latent_spectral_spectral_M20000_k30_P16_seed1_trainseed42_mpc_evalseed3/run.log
3782fd00317a8470b7ac5d5c7999cfb8bf0b7d9da8dd1e6e574e8ee237e450ee,22069,experiments/tworoom/results/tworoom_success_rate_latent_spectral_spectral_M20000_k30_P16_seed1_trainseed42_mpc_evalseed4/run.log
83e695a22481cde459b0f9ce78b3bec7eeb2233e3a1d4baad4f48156bc66b374,1215,experiments/tworoom/results/tworoom_success_rate_latent_spectral_spectral_M20000_k30_P16_seed1_trainseed625_mpc_5seed_master.log
048499ce6e55a35410b73ce6c77b1b9f282045a4dd280c23b3733c7c2355af31,22069,experiments/tworoom/results/tworoom_success_rate_latent_spectral_spectral_M20000_k30_P16_seed1_trainseed625_mpc_evalseed0/run.log
04a8d5e54537d6d971a16af46a239a170e4dd6c5979fa5796310bc2c1230fa8c,22070,experiments/tworoom/results/tworoom_success_rate_latent_spectral_spectral_M20000_k30_P16_seed1_trainseed625_mpc_evalseed1/run.log
fd4f217ebac0c22b895c3c80ab859d9c5a61b0e0e9b01ca26f3e6f02d863f3ae,22069,experiments/tworoom/results/tworoom_success_rate_latent_spectral_spectral_M20000_k30_P16_seed1_trainseed625_mpc_evalseed2/run.log
d2eabc37bfe4287544d9bedb5dccc995db0b6848002f8bd3ae2ed3f5b4194640,22070,experiments/tworoom/results/tworoom_success_rate_latent_spectral_spectral_M20000_k30_P16_seed1_trainseed625_mpc_evalseed3/run.log
18cbe19d5c323a05a1fd6ba003c4ab769ab691e21df3dee350fb44298be82409,22069,experiments/tworoom/results/tworoom_success_rate_latent_spectral_spectral_M20000_k30_P16_seed1_trainseed625_mpc_evalseed4/run.log
cf7099b3b3d86375a08d0fffd85927428fcf0ff902333bfb81561f22c5670835,1314,experiments/tworoom/results/tworoom_success_rate_latent_spectral_spectral_M20000_k30_P16_seed2_trainseed0_mpc_5seed_master.log
7c948bd93642cb1248486d97c50fc661fa656f09d323310211d3086edc02675b,22069,experiments/tworoom/results/tworoom_success_rate_latent_spectral_spectral_M20000_k30_P16_seed2_trainseed0_mpc_evalseed0/run.log
7e147a83867b32d4be5f8d05897b3200a5888cfe75fabd5787e44c59d641a6aa,22069,experiments/tworoom/results/tworoom_success_rate_latent_spectral_spectral_M20000_k30_P16_seed2_trainseed0_mpc_evalseed1/run.log
770d76931412e8bbebfa7224d4fb2cc39f4fae6b1dd51dd332e1be930e1df19e,22069,experiments/tworoom/results/tworoom_success_rate_latent_spectral_spectral_M20000_k30_P16_seed2_trainseed0_mpc_evalseed2/run.log
ad6db2197033e0e182a991fe667a21556381879115acd0db1f0cc6f4523c2653,22082,experiments/tworoom/results/tworoom_success_rate_latent_spectral_spectral_M20000_k30_P16_seed2_trainseed0_mpc_evalseed3/run.log
d09d8f79d80da3eb158079d432c9d620605577d68c2caf1a7fbbd25166200fbe,22083,experiments/tworoom/results/tworoom_success_rate_latent_spectral_spectral_M20000_k30_P16_seed2_trainseed0_mpc_evalseed4/run.log
27c2115f0fca1e6a775b0ad93a6b95cfde410f51583c57ee7bf0fc530d0d7d38,1325,experiments/tworoom/results/tworoom_success_rate_latent_spectral_spectral_M20000_k30_P16_seed2_trainseed42_mpc_5seed_master.log
334a4be40ff30a0cdc0fefe2cd3042c3a27ec94a0b168e5a486e2a20b800379d,22069,experiments/tworoom/results/tworoom_success_rate_latent_spectral_spectral_M20000_k30_P16_seed2_trainseed42_mpc_evalseed0/run.log
351723cc0635bd98b2dc9346db57f1015c3e473680006ca5d221cab46e1d9559,22070,experiments/tworoom/results/tworoom_success_rate_latent_spectral_spectral_M20000_k30_P16_seed2_trainseed42_mpc_evalseed1/run.log
4017f7e609b0d9ad7dff9a357604e5b8d430e7c10997b3150502f213f1ba71f6,22069,experiments/tworoom/results/tworoom_success_rate_latent_spectral_spectral_M20000_k30_P16_seed2_trainseed42_mpc_evalseed2/run.log
d2ee628919cc50ca1d5b293c434a3801b601ac7d1076bf3d550158af6065e844,22070,experiments/tworoom/results/tworoom_success_rate_latent_spectral_spectral_M20000_k30_P16_seed2_trainseed42_mpc_evalseed3/run.log
ce2571e6b88f67396212e0730277fb73d54e244c9bfbd094e5fcc7f829f5c740,22069,experiments/tworoom/results/tworoom_success_rate_latent_spectral_spectral_M20000_k30_P16_seed2_trainseed42_mpc_evalseed4/run.log
941accef55f973731ea95427aa1e88315a2845a74b5b991737a38456ea1a3dd5,1215,experiments/tworoom/results/tworoom_success_rate_latent_spectral_spectral_M20000_k30_P16_seed2_trainseed625_mpc_5seed_master.log
5f9c42ef436815d802315248fdeca4a9df782c471b5f7c8ab56ad98f6db97820,22069,experiments/tworoom/results/tworoom_success_rate_latent_spectral_spectral_M20000_k30_P16_seed2_trainseed625_mpc_evalseed0/run.log
6f51a41e590694a40d5668ba166a1812f6063d9fa9b67ac74d5bd5a0154b8614,22070,experiments/tworoom/results/tworoom_success_rate_latent_spectral_spectral_M20000_k30_P16_seed2_trainseed625_mpc_evalseed1/run.log
4bf3abb09a111707501d805b1de69695320bede9246303662f37a7753c26d247,22082,experiments/tworoom/results/tworoom_success_rate_latent_spectral_spectral_M20000_k30_P16_seed2_trainseed625_mpc_evalseed2/run.log
8b5a6d32a28d2cbd2d959535fb19eb88cb41ee7b0e7c344e3808ec1302d19b50,22069,experiments/tworoom/results/tworoom_success_rate_latent_spectral_spectral_M20000_k30_P16_seed2_trainseed625_mpc_evalseed3/run.log
4d93a908c1e2f8cee14d40d9015b4adfa104de04eff3a0392c03e011cfc59731,22082,experiments/tworoom/results/tworoom_success_rate_latent_spectral_spectral_M20000_k30_P16_seed2_trainseed625_mpc_evalseed4/run.log
4d30406dff912a31c0d98c91ea02f1e95b2a962b2b776a1056621b1426049c6f,22064,experiments/tworoom/results/tworoom_success_rate_priority5_30ep_seed0/run.log
3776a94bdfb333b93dda2242d69f10a2d59d5705571604d2a0baf6dd31244fb6,22064,experiments/tworoom/results/tworoom_success_rate_priority5_30ep_seed1/run.log
17cbcb964b4a5e0b94a618ea1371ba2e1f5cc03c759f7512c2b5ecd1532da88d,22064,experiments/tworoom/results/tworoom_success_rate_priority5_30ep_seed2/run.log
a0c920e8a76f22e976600b1e72c0b0e468798010b9e6cac9f60d4e0f2350dacb,22064,experiments/tworoom/results/tworoom_success_rate_priority5_30ep_seed3/run.log
7feecde62e80ec4e0a58112e1f6ae388416f62d2d4589ca7e662782a9562e6e4,22064,experiments/tworoom/results/tworoom_success_rate_priority5_30ep_seed4/run.log
ae4267a56f8577dbc5750b92037c2f2e3cc5ea4b30a9fdd874c7b2b697199ec5,22064,experiments/tworoom/results/tworoom_success_rate_priority5_50ep_seed0/run.log
cebe491d481606f76dc70a2c7906fbed25fd48f2e369454eaa47bbcf85dbeeba,22064,experiments/tworoom/results/tworoom_success_rate_priority5_50ep_seed1/run.log
3f60ba1bcf86052de43f1b3fe596e5ad7e79e1cd7fce6f748bfc550aed44e00f,22064,experiments/tworoom/results/tworoom_success_rate_priority5_50ep_seed2/run.log
42cac3262c9d1313651f18844a0d5f592fd6c7d9adc2637b87bb327aef8a6896,22064,experiments/tworoom/results/tworoom_success_rate_priority5_50ep_seed3/run.log
d6515611c762e7f822de4add7a668078899cf3832f2fa450960275ad1d7d54a9,22064,experiments/tworoom/results/tworoom_success_rate_priority5_50ep_seed4/run.log
c0c9cc82a3353e43e01521a4b4cf4ed2741fc828bd1258d6d28dc33d9d1041c6,22064,experiments/tworoom/results/tworoom_success_rate_priority5_exp5_seed0/run.log
aee540828c6a07ff78047f6bba4e2d76ab10db019ecd4351ef61c297270b8167,22064,experiments/tworoom/results/tworoom_success_rate_priority5_exp5_seed1/run.log
c97c50bc0f278c359db71c8b960ebf5ead24535d4d4f2448c8192ae065f0e3ed,22065,experiments/tworoom/results/tworoom_success_rate_priority5_exp5_seed2/run.log
8530e332b0ffab39998f27223b28a27e6bae4e1ca507ae951328a51ac7d3acb3,22064,experiments/tworoom/results/tworoom_success_rate_priority5_exp5_seed3/run.log
c9ce17c35dec663e309a1c5f2ac63a197963ed61dabbf4f9ecd0ee077d7ca685,22064,experiments/tworoom/results/tworoom_success_rate_priority5_exp5_seed4/run.log
ef8c7d35cdb72eba93320e94b26eab19c5fdce5003611029d0c845fbffa476ed,22070,experiments/tworoom/results/tworoom_success_rate_priority5_exp6_30ep_seed0/run.log
64e96e8241fe2910859068a7922aa488008415dfec377e1a0ad4f5e70eb9bef8,22070,experiments/tworoom/results/tworoom_success_rate_priority5_exp6_30ep_seed1/run.log
a574c5cec8a606c8e8463c53ec6e1413ae00278677b1476d6edb0d5eebbb5079,22083,experiments/tworoom/results/tworoom_success_rate_priority5_exp6_30ep_seed2/run.log
f2e6857beebcb23c6504d80e15748265213b5b3e4ef9037a0a952a1f25482ca8,22070,experiments/tworoom/results/tworoom_success_rate_priority5_exp6_30ep_seed3/run.log
482909f4d81e7362f451ba072f768caa97eb2159086d7dbfe6b6efc6acc21b98,22070,experiments/tworoom/results/tworoom_success_rate_priority5_exp6_30ep_seed4/run.log
d7b57a321df3a823661c17f833c3f269931b5f89d4750efff9be490c1d6f0db2,22070,experiments/tworoom/results/tworoom_success_rate_priority5_exp6_50ep_seed0/run.log
3f920cef01f95ce8127c52eb1bcab6e24a67f7c11cc21b2e59c27285bf96ab2b,22070,experiments/tworoom/results/tworoom_success_rate_priority5_exp6_50ep_seed1/run.log
4f49064e7d66e4fea99bea7b398149abef052137c57121feb18094885dcf9272,22083,experiments/tworoom/results/tworoom_success_rate_priority5_exp6_50ep_seed2/run.log
d8e3cdefc3a4fa174a58a5df53bcca8e659e6250a6b25781b22406626e98af1b,22083,experiments/tworoom/results/tworoom_success_rate_priority5_exp6_50ep_seed3/run.log
5238c426284e3c443d72bb4bb23a99ec0821f70227de1e3d581d036b61c24ef0,22083,experiments/tworoom/results/tworoom_success_rate_priority5_exp6_50ep_seed4/run.log
ad66f098fc1dbcddd74c51c017f73810325928c0bf5c85759158340d72998d32,22070,experiments/tworoom/results/tworoom_success_rate_priority5_exp6_seed0/run.log
ee71a3586221df604966fc02525da5e48a432a8be5da75151313fcaf85b25e6e,22070,experiments/tworoom/results/tworoom_success_rate_priority5_exp6_seed1/run.log
b24681cf51c3edcff7eb37456eb6deac74426ed3993451411f9a8ec5be9d30cf,22083,experiments/tworoom/results/tworoom_success_rate_priority5_exp6_seed2/run.log
1bcc4f351651740d29a007c7a56e82f6e17b1ca95f550187aa15289230d59950,22083,experiments/tworoom/results/tworoom_success_rate_priority5_exp6_seed3/run.log
e74bcddcd7c45c0289081545a522e9197baab4c2a971640786ce5ac619b57600,22083,experiments/tworoom/results/tworoom_success_rate_priority5_exp6_seed4/run.log
66f16c35032fe91d3b70d6de3f981638892d22794ad0c249b83036cc35a0603f,22090,experiments/tworoom/results/tworoom_success_rate_priority5_seed0/run.log
ad7b1c5759a7d4d050b7c4aa728899404cc0c02ee110379f29d7237768d0f516,22090,experiments/tworoom/results/tworoom_success_rate_priority5_seed1/run.log
2d14f56be6acbab1a653615e04a763f9fc44ca04effb5071a32991aea169d4bf,22090,experiments/tworoom/results/tworoom_success_rate_priority5_seed2/run.log
dc70ef309af6c03a9fd1dcae0f1fbf39a56b81b09bbf804754765cc058816a77,22090,experiments/tworoom/results/tworoom_success_rate_priority5_seed3/run.log
1baac9f524abbc8831450258b0ba07826129f6756446db2f4208567cbf612f7d,22065,experiments/tworoom/results/tworoom_success_rate_priority5_seed42/run.log
c3d1d6c30dd0866d3e294e1d2cad3a2621e6663cb327211fa1e7864d77feaa77,22090,experiments/tworoom/results/tworoom_success_rate_priority5_seed4/run.log
a16110cbd3c4d4b3f12bc34b3fdaf974244671aad2606a6cf3d5930e6d47e79f,244,experiments/tworoom/results/tworoom_success_rate_random_voronoi_k3_seed0_trainseed0_long_5eval_master.log
b56d28b2cc625f6889cd8626ea20f5275226a0395c4df34953ffa7f3bd01cee5,22083,experiments/tworoom/results/tworoom_success_rate_random_voronoi_k3_seed0_trainseed0_long_evalseed0/run.log
d213eee07351c1781e3d866117c12825c94181a6e8c90cd45a6a632d2f0fe91b,22070,experiments/tworoom/results/tworoom_success_rate_random_voronoi_k3_seed0_trainseed0_long_evalseed1/run.log
c65a0dbcfdb6623505b40d3c1f8ffc5339af5a574c73dde345be00e1e2075bf5,22083,experiments/tworoom/results/tworoom_success_rate_random_voronoi_k3_seed0_trainseed0_long_evalseed2/run.log
6feb837c4595bf4ec3def1ded2a363e37fc9dc821151822105bf3f1e3ffe3f0b,22070,experiments/tworoom/results/tworoom_success_rate_random_voronoi_k3_seed0_trainseed0_long_evalseed3/run.log
a2efa29176330491aebb1a39b19f20e7585b979c8417512139c65880900121c8,22083,experiments/tworoom/results/tworoom_success_rate_random_voronoi_k3_seed0_trainseed0_long_evalseed4/run.log
354d57fbcb2149b53cd258b6ac1dbe3760bafc68acaaa09416a64b8857aa9ab8,245,experiments/tworoom/results/tworoom_success_rate_random_voronoi_k3_seed0_trainseed42_long_5eval_master.log
0ead53e5988b919969a6bc58284b1ec9bdd1c352d26c4f007189ed5e33de6a53,22069,experiments/tworoom/results/tworoom_success_rate_random_voronoi_k3_seed0_trainseed42_long_evalseed0/run.log
a93ce4d9c8e78e54ae3e0e94b9fed1db3897ca99d020f182f459cd3df273624b,22070,experiments/tworoom/results/tworoom_success_rate_random_voronoi_k3_seed0_trainseed42_long_evalseed1/run.log
a566329693c560f82dc5c3e8165c0af3c9476cdb3635269b7c38a842b38a92f7,22069,experiments/tworoom/results/tworoom_success_rate_random_voronoi_k3_seed0_trainseed42_long_evalseed2/run.log
fc4b76a435a860ad308b5068d2267e778a4656a281d952e430965c9bb8ce61c4,22069,experiments/tworoom/results/tworoom_success_rate_random_voronoi_k3_seed0_trainseed42_long_evalseed3/run.log
a61a2d11269101ed6a455ac7cac638116fdb8ece492f7157c9b584ba1f03a2fe,22069,experiments/tworoom/results/tworoom_success_rate_random_voronoi_k3_seed0_trainseed42_long_evalseed4/run.log
7bdc16c10430c4d2c3e75638325c8cec9d3deed78054c86f57269685e145e738,246,experiments/tworoom/results/tworoom_success_rate_random_voronoi_k3_seed0_trainseed42_short_5eval_master.log
c48b72ea7bbf9bc2435497ed6797b44c5d3d24815a393f75bff3915ac7af087a,22063,experiments/tworoom/results/tworoom_success_rate_random_voronoi_k3_seed0_trainseed42_short_evalseed0/run.log
45db9e92f9ab5f8259a5b31d6a50fb2b9c0182c99d55131a40bac031cbeb76de,22063,experiments/tworoom/results/tworoom_success_rate_random_voronoi_k3_seed0_trainseed42_short_evalseed1/run.log
4db194a15fe53f741513693a45e59bdd8f9f5aea2d0d70c8cbaceec093022439,22063,experiments/tworoom/results/tworoom_success_rate_random_voronoi_k3_seed0_trainseed42_short_evalseed2/run.log
66e19dcb611cabef10c04e9fb2d96ea0d3ba6d9eae61eec2ab3d16ea6314aa2f,22063,experiments/tworoom/results/tworoom_success_rate_random_voronoi_k3_seed0_trainseed42_short_evalseed3/run.log
7f4e2538d34b4209704067e42dc6bb3573ec921af25c1ac209c476bed345db4b,22063,experiments/tworoom/results/tworoom_success_rate_random_voronoi_k3_seed0_trainseed42_short_evalseed4/run.log
b825cad4b27cdaeb579de6e0e31ddf5f8226a20bbbf458d0c720cfec7d731adb,246,experiments/tworoom/results/tworoom_success_rate_random_voronoi_k3_seed0_trainseed625_long_5eval_master.log
a8103e85a9904487e2833e97708a754610a891fc250478cad6a29e1e6278d748,22070,experiments/tworoom/results/tworoom_success_rate_random_voronoi_k3_seed0_trainseed625_long_evalseed0/run.log
33b7c898a3940257cc4752799afefdc7da552992c0f215f783580527b4b3971f,22070,experiments/tworoom/results/tworoom_success_rate_random_voronoi_k3_seed0_trainseed625_long_evalseed1/run.log
445ba0f463eb9bfeb0c49b1332f5ded7c96cab2bd5418a5fe7096ce1d6a0ef53,22070,experiments/tworoom/results/tworoom_success_rate_random_voronoi_k3_seed0_trainseed625_long_evalseed2/run.log
3bd49ff4bd9c089f9331ff73097649ab7984a718b37903c7054950f7416828be,22070,experiments/tworoom/results/tworoom_success_rate_random_voronoi_k3_seed0_trainseed625_long_evalseed3/run.log
898ed76d66eb02f6675cd61258a155a6c05e27891430bc6889e20c7c3e56a998,22070,experiments/tworoom/results/tworoom_success_rate_random_voronoi_k3_seed0_trainseed625_long_evalseed4/run.log
25d8bf8eb535de0baace2eb9ab013077802bc997dffc122c15c3bfa0f7bb3676,244,experiments/tworoom/results/tworoom_success_rate_random_voronoi_k3_seed1_trainseed0_long_5eval_master.log
0e91d552a45cd34a36b8676d7a465368034f757f325825ac10fedba93bdc3f69,22083,experiments/tworoom/results/tworoom_success_rate_random_voronoi_k3_seed1_trainseed0_long_evalseed0/run.log
1e21d26f2da82979d3eaad3c19715573c68190af8ac7e7915ebce4b71d6bc535,22070,experiments/tworoom/results/tworoom_success_rate_random_voronoi_k3_seed1_trainseed0_long_evalseed1/run.log
f97cb8ec3f7daf30382ccf9c24da8af9752508df4c3471990847ecc1437229c1,22083,experiments/tworoom/results/tworoom_success_rate_random_voronoi_k3_seed1_trainseed0_long_evalseed2/run.log
8e9df8b95c96aba032f05be74f7defaeb417059c28c93fef5c07c172eaae383b,22083,experiments/tworoom/results/tworoom_success_rate_random_voronoi_k3_seed1_trainseed0_long_evalseed3/run.log
7ac67634fe84c47a9978dda8b369c1c6c1abda9a11bb015df39041408ba2d80b,22083,experiments/tworoom/results/tworoom_success_rate_random_voronoi_k3_seed1_trainseed0_long_evalseed4/run.log
fee10bd92333c517a24636eb88a7bae5b7c42f00af280c1b4a9ece4e47caed0c,245,experiments/tworoom/results/tworoom_success_rate_random_voronoi_k3_seed1_trainseed42_long_5eval_master.log
d5e5e17676dbc6c24d36e234dd775769cc985ff47807f4d2c4e1c0a7e0b6bc8f,22069,experiments/tworoom/results/tworoom_success_rate_random_voronoi_k3_seed1_trainseed42_long_evalseed0/run.log
b7f08ef6246fb665d61b3b06b2dff7a5f559f27cd7afbc0f8671719be0be4624,22070,experiments/tworoom/results/tworoom_success_rate_random_voronoi_k3_seed1_trainseed42_long_evalseed1/run.log
e5da40b8374fc3cdcfc6c36dec4b22dd653044947369effda6e4dabd0b1727b9,22069,experiments/tworoom/results/tworoom_success_rate_random_voronoi_k3_seed1_trainseed42_long_evalseed2/run.log
1341d283a9880ba5ad06d59fdd426f89115c07c9b12f8399b86cfdb0c912909a,22082,experiments/tworoom/results/tworoom_success_rate_random_voronoi_k3_seed1_trainseed42_long_evalseed3/run.log
24ee983740b586e3d55fd240e2f4d561cd00624955ab3746d092aca1f8f8d635,22082,experiments/tworoom/results/tworoom_success_rate_random_voronoi_k3_seed1_trainseed42_long_evalseed4/run.log
b2d82c67afe8c56c44b3fac88423ce4614ec6b2f462c92c5ab4175fd717fe755,246,experiments/tworoom/results/tworoom_success_rate_random_voronoi_k3_seed1_trainseed42_short_5eval_master.log
f0fc7f2f3fb292f62db267bdd7fa6d98c55c7fad7b41106c12402b493ee307ba,22063,experiments/tworoom/results/tworoom_success_rate_random_voronoi_k3_seed1_trainseed42_short_evalseed0/run.log
b986460332529a10eacb402745a783f31fc2be010e906ba308cc2ebd562bd2f9,22063,experiments/tworoom/results/tworoom_success_rate_random_voronoi_k3_seed1_trainseed42_short_evalseed1/run.log
e23edd2a9ef515b2ae47c98578070a7a8a70826543e5d56a71df77ed026b201c,22063,experiments/tworoom/results/tworoom_success_rate_random_voronoi_k3_seed1_trainseed42_short_evalseed2/run.log
3f3fc123d13072b9a50814f7b67b2a776d2f5193f74e42080b8e0d44e6bd8e78,22063,experiments/tworoom/results/tworoom_success_rate_random_voronoi_k3_seed1_trainseed42_short_evalseed3/run.log
de361f86fcb5a397c201e0a66b9e0c7974fe91db227b50dc7f96cef5ec3c34c3,22063,experiments/tworoom/results/tworoom_success_rate_random_voronoi_k3_seed1_trainseed42_short_evalseed4/run.log
222aeeb174706a14c0ba773528571ede4a43bc1ee99ab934434719f1624f1fb8,246,experiments/tworoom/results/tworoom_success_rate_random_voronoi_k3_seed1_trainseed625_long_5eval_master.log
fabd2d41337ef5d9459d05bdbd71eb8c025e0e42c5583ad73a1f99a94da05c03,22083,experiments/tworoom/results/tworoom_success_rate_random_voronoi_k3_seed1_trainseed625_long_evalseed0/run.log
f58ffed3ebb638a5201e29bdcee27bf60e624826eb074da5b46b3cec8c743d72,22070,experiments/tworoom/results/tworoom_success_rate_random_voronoi_k3_seed1_trainseed625_long_evalseed1/run.log
6139fc0ca77a1f1786354f69029d55ab4d22fcd2e24df17db69967dac182178c,22083,experiments/tworoom/results/tworoom_success_rate_random_voronoi_k3_seed1_trainseed625_long_evalseed2/run.log
b666e40fa8147f17b1279a7094065123b444992ded4090d13dfcb859b54e400a,22083,experiments/tworoom/results/tworoom_success_rate_random_voronoi_k3_seed1_trainseed625_long_evalseed3/run.log
8f0b6c4fd15f7720a080bded0048114c8e448cb2f9c31d95a80b489dfed91c5c,22070,experiments/tworoom/results/tworoom_success_rate_random_voronoi_k3_seed1_trainseed625_long_evalseed4/run.log
cbbf0543ac518c9b78b7ff82fff57cd6d291289ab01d810728527876b7720e1d,244,experiments/tworoom/results/tworoom_success_rate_random_voronoi_k3_seed2_trainseed0_long_5eval_master.log
257090941abf8c43079727e96e220fb84188f5e621e2f02b470203a1e8ccbfa6,22069,experiments/tworoom/results/tworoom_success_rate_random_voronoi_k3_seed2_trainseed0_long_evalseed0/run.log
1ad2ac5c747720fe30c75b4dea76c3267c06134dddcaea9a169298ef7230fc0c,22070,experiments/tworoom/results/tworoom_success_rate_random_voronoi_k3_seed2_trainseed0_long_evalseed1/run.log
5158e5105372b6299c48b6daab6e3873ca93edda4fcda7f2934bae0a98ed3200,22070,experiments/tworoom/results/tworoom_success_rate_random_voronoi_k3_seed2_trainseed0_long_evalseed2/run.log
e16ba6637930b32fe57c5b352c0e0e09e69a0c21815508354549a0be9efd5334,22083,experiments/tworoom/results/tworoom_success_rate_random_voronoi_k3_seed2_trainseed0_long_evalseed3/run.log
24f8cc8af5cc77eb73365c3c839a557b7d5647244849d82b9f4c4b40a7ce35c9,22070,experiments/tworoom/results/tworoom_success_rate_random_voronoi_k3_seed2_trainseed0_long_evalseed4/run.log
7b21d0c46dbe6f05afec5227063c372b3f087c34d23ab5eeef55e198e0271fa1,245,experiments/tworoom/results/tworoom_success_rate_random_voronoi_k3_seed2_trainseed42_long_5eval_master.log
5c0d4829984829af56f13c083e8c43a568b85cac0ae5f20f8c7622edff8736ab,22069,experiments/tworoom/results/tworoom_success_rate_random_voronoi_k3_seed2_trainseed42_long_evalseed0/run.log
57b00a952c7b26d76cd85cfd0e0438aac1cdfa8c4f5d826b1e4666390e5b0424,22070,experiments/tworoom/results/tworoom_success_rate_random_voronoi_k3_seed2_trainseed42_long_evalseed1/run.log
242c924792c68f2d7a9e2ef298daa5312a0e7d5092f5ee2887060bfeaf831d4c,22082,experiments/tworoom/results/tworoom_success_rate_random_voronoi_k3_seed2_trainseed42_long_evalseed2/run.log
5f4dd91a981c18420f6bfb9996b1b0f71ab9ee32de64473342f2012b2fcc9a18,22083,experiments/tworoom/results/tworoom_success_rate_random_voronoi_k3_seed2_trainseed42_long_evalseed3/run.log
4a076819a4e9615ac9592b76b1db3ce849436ad2b89295af72de34a044683339,22069,experiments/tworoom/results/tworoom_success_rate_random_voronoi_k3_seed2_trainseed42_long_evalseed4/run.log
a14553e7e9e2fa3a42463d8b94c934b7a8e979f5908dccc783fb7dd315c8b6f1,246,experiments/tworoom/results/tworoom_success_rate_random_voronoi_k3_seed2_trainseed42_short_5eval_master.log
b7ed1a74e85d87ee32beb4d5050a8ecb0ef982540b317227b9fad25269b5ee07,22063,experiments/tworoom/results/tworoom_success_rate_random_voronoi_k3_seed2_trainseed42_short_evalseed0/run.log
8aeb1d2f3686402a03994a81539b32abcfaf934ed51d1432338c6a55d2935122,22063,experiments/tworoom/results/tworoom_success_rate_random_voronoi_k3_seed2_trainseed42_short_evalseed1/run.log
0130f429734dc02e4747e26fa5f18eb5bced2b3b5f1760153be0b29686ca07c6,22063,experiments/tworoom/results/tworoom_success_rate_random_voronoi_k3_seed2_trainseed42_short_evalseed2/run.log
2ff59e4e8568cc5e337d81464f7cc4a1ea817a380bc9bf3754e62619bc3aebcc,22063,experiments/tworoom/results/tworoom_success_rate_random_voronoi_k3_seed2_trainseed42_short_evalseed3/run.log
1ec194efe5956dd830b735debbe296998ba04d456cd558dcbe0a0c069b8f7699,22063,experiments/tworoom/results/tworoom_success_rate_random_voronoi_k3_seed2_trainseed42_short_evalseed4/run.log
ea2c57b3f17fcfae5bd75a34b25ea2e855fabc4273d6fc115b59eaa57ac7c51c,246,experiments/tworoom/results/tworoom_success_rate_random_voronoi_k3_seed2_trainseed625_long_5eval_master.log
4a6c81ce383840d782be8be6903b9034f0fc2add957f074f94df9d4ce144d209,22070,experiments/tworoom/results/tworoom_success_rate_random_voronoi_k3_seed2_trainseed625_long_evalseed0/run.log
69f8a509496ffe66ba803f1e86fa94b39eb328ceba753b8e58ab0711c372e7c0,22070,experiments/tworoom/results/tworoom_success_rate_random_voronoi_k3_seed2_trainseed625_long_evalseed1/run.log
16749c99708a35c69a428a790d0d31ff48e9198a2b039e493e9754a16cf20158,22070,experiments/tworoom/results/tworoom_success_rate_random_voronoi_k3_seed2_trainseed625_long_evalseed2/run.log
e0527f10a6e3da6eb524275d05d49c4b30cb72a09b24d27ae2d08e5b5466bc80,22070,experiments/tworoom/results/tworoom_success_rate_random_voronoi_k3_seed2_trainseed625_long_evalseed3/run.log
1d0a1c51dfb147fb752bb5022056ec17c4c5dd784279f3333f4b4a10de835d54,22070,experiments/tworoom/results/tworoom_success_rate_random_voronoi_k3_seed2_trainseed625_long_evalseed4/run.log
585987591ac5d4d6aa0ad3193bb0fc32d1feec421c96e0d9e04ee1d93424c1d2,22064,experiments/tworoom/results/tworoom_success_rate_rooms3_30ep_seed0/run.log
a682b13e93eca05652d4043523cd1b4a4d43b9935faaeb9b505106c91aac892c,22064,experiments/tworoom/results/tworoom_success_rate_rooms3_30ep_seed1/run.log
0cb0315da11cd85113440fbc75162773139c391eafed84cdfdd874fc3cf95be4,22064,experiments/tworoom/results/tworoom_success_rate_rooms3_30ep_seed2/run.log
7f3737587a6031f30fa72f362dbc3976aac3764395b1ff3e9073beb6b261d016,22064,experiments/tworoom/results/tworoom_success_rate_rooms3_30ep_seed3/run.log
93e17831dea4ab21e87421ee4d28e18a21c01a5c8421a4dc5edc913518ab59b5,22064,experiments/tworoom/results/tworoom_success_rate_rooms3_30ep_seed4/run.log
e401be6d16a743bd3bb9c71b14f2170cb5fa4c62b0186f486d26f4d0116540f4,22064,experiments/tworoom/results/tworoom_success_rate_rooms3_50ep_seed0/run.log
750438b6fe532e1da59777f6ea51e65ae14dfcb99d1c2dc6e3a39fe748cb7c05,22064,experiments/tworoom/results/tworoom_success_rate_rooms3_50ep_seed1/run.log
c13e5b92617efd0aeefc64a449dc15656eeaada67e25db7e109bf8f629dd9117,22064,experiments/tworoom/results/tworoom_success_rate_rooms3_50ep_seed2/run.log
1587508494e62d875a9f4d480cd061ed4f6e73987330e5f5fb1e99a2301f64f9,22064,experiments/tworoom/results/tworoom_success_rate_rooms3_50ep_seed3/run.log
288ab4df718d89ba79e1a36e054eaee532aeefff82e566f8a0bdc6feb09cfc9d,22064,experiments/tworoom/results/tworoom_success_rate_rooms3_50ep_seed4/run.log
a2e1f93f559aafacf4bdefdec5b81a52a3671e70600740fa13be11982d614d13,22064,experiments/tworoom/results/tworoom_success_rate_rooms3_exp5_seed0/run.log
f2f1326807f0596fc3edc6a613165ad004bf05407785ca20395c917a1ca16615,1354,experiments/tworoom/results/tworoom_success_rate_rooms3_exp5_seed1/run.log
260a3e20815cab46aa4fcbb7711c682e8ce08ebeae2e89495a5a88a4e83fd441,22065,experiments/tworoom/results/tworoom_success_rate_rooms3_exp5_seed2/run.log
d478a37adc5f5e86f163a84c74093fb0928033f38b9b20ce1a06f5daba03c9a9,22064,experiments/tworoom/results/tworoom_success_rate_rooms3_exp5_seed3/run.log
48f4cc2f109d212a52a54f50537f9e07e8f90f0c1b6a325d5d75400a5207aa3d,22064,experiments/tworoom/results/tworoom_success_rate_rooms3_exp5_seed4/run.log
4daa6eb3e706102bb35e7294b03cce32bc095354340f76e6a897a9e6606ebe8d,22070,experiments/tworoom/results/tworoom_success_rate_rooms3_exp6_30ep_seed0/run.log
3c24c76b6d00e33e6db359c0503432e363c0c7102b3bbd7cc3162bd890f47621,22070,experiments/tworoom/results/tworoom_success_rate_rooms3_exp6_30ep_seed1/run.log
c8fa9ae46df41479137373a34e5ae672169ba4544124f1e7b346b78ff8ba7abe,22083,experiments/tworoom/results/tworoom_success_rate_rooms3_exp6_30ep_seed2/run.log
e9d797b8001ffad2ad0d9f16284c29a69e0c283d7bb53a2fb9dbe781b839bcd2,22083,experiments/tworoom/results/tworoom_success_rate_rooms3_exp6_30ep_seed3/run.log
dfe3f5da2c4fada18108841360116d3fb5d4c6c93960514571b2c67b56850927,22083,experiments/tworoom/results/tworoom_success_rate_rooms3_exp6_30ep_seed4/run.log
7d9d5de77a6b547edf8db2b9ee974f0d6089f369b3733f2e0b2cd1e72971478e,22070,experiments/tworoom/results/tworoom_success_rate_rooms3_exp6_50ep_seed0/run.log
7dfb1e48fde3192a0cfce504ebb79be769f07453000498ea8c8e4cd46f290cb5,22070,experiments/tworoom/results/tworoom_success_rate_rooms3_exp6_50ep_seed1/run.log
d5f811b69c51cb56beb07272e6b64cb9cef864c836f98ff327f97617f7dfcb92,22070,experiments/tworoom/results/tworoom_success_rate_rooms3_exp6_50ep_seed2/run.log
034219dd1a36ea502510bfe6d112e3003ccdee0485d5f2a1d9f4706f9174321f,22070,experiments/tworoom/results/tworoom_success_rate_rooms3_exp6_50ep_seed3/run.log
ada4fb3e2b7a48d189b6e2bf39361253ac9f04be3eacb42400bb9eabc13625ac,22083,experiments/tworoom/results/tworoom_success_rate_rooms3_exp6_50ep_seed4/run.log
cbcdab249e09c87d93aa83333f7d310cdb42723cc32d25a165013b223697a03d,22137,experiments/tworoom/results/tworoom_success_rate_rooms3_exp6_b100_seed0/run.log
bab24e527c82e4c06d0589c0cef03241ec0c0555b3dad29fde68f7e979401d2c,22070,experiments/tworoom/results/tworoom_success_rate_rooms3_exp6_seed0/run.log
ea7de32c354357f7c2adde20dc785f6573982641077d37f15076da8b0d5f74ab,22070,experiments/tworoom/results/tworoom_success_rate_rooms3_exp6_seed1/run.log
742c961270c32885ce3b7217181841a5214d9502e6861faa06ce6013be220668,22070,experiments/tworoom/results/tworoom_success_rate_rooms3_exp6_seed2/run.log
785c7d08df8c9d265171c1b5a5536c9b8fe5bf12524ec887006d6096505193af,22083,experiments/tworoom/results/tworoom_success_rate_rooms3_exp6_seed3/run.log
f1f39f71dc02a5fca45ea2f8fe8581b662e6ca6db967703714c1e93541f1fefe,22083,experiments/tworoom/results/tworoom_success_rate_rooms3_exp6_seed4/run.log
26f1478853ce35f30f7efc569ae98ce83ed839cefd9f4b5e743a9fd8416e9ac7,22090,experiments/tworoom/results/tworoom_success_rate_rooms3_seed0/run.log
7479efc78ed4dec37d004dd383848b9ddd81dd4c911dde0fff93b66e8ca04041,22090,experiments/tworoom/results/tworoom_success_rate_rooms3_seed1/run.log
0349a762cb99b738a559059c5a066a49f1d1a7caa90275b59cac79e20487231a,22090,experiments/tworoom/results/tworoom_success_rate_rooms3_seed2/run.log
d45691afa0ff4115725babc7145123c79ed551746b430e7ad4b98e8a6ce4a0a5,22090,experiments/tworoom/results/tworoom_success_rate_rooms3_seed3/run.log
18afcfa6f0d72c7bc38ca69f3c9d4e38ce20889672021698aced241e37ce46f2,147,experiments/tworoom/results/tworoom_success_rate_rooms3_seed42/nohup.log
67d24b70063d137a692334a7a762ce02ba271ca3ecb3f97fd2bfceee6cc1e43c,22065,experiments/tworoom/results/tworoom_success_rate_rooms3_seed42/run.log
5c4065c55e2bc1e73be22addbd0e85cf14da72baea62611110fc1fef9053e8db,22090,experiments/tworoom/results/tworoom_success_rate_rooms3_seed4/run.log
f77902382668d8dd478159cf0fb21f2df410344c9d89d49185041240ac392332,22082,experiments/tworoom/results/tworoom_success_rate_trainseed0_global_ft_65ep_long_evalseed0/run.log
1f1ef7ffb9a17b358704250cc536a00a78dc047d419c6395bf0f9fcd63a7b918,22069,experiments/tworoom/results/tworoom_success_rate_trainseed0_global_ft_65ep_long_evalseed1/run.log
4fdae5fcf24120b68f29ca2d2d57545c2cef5c9bf00690e48825aa704d503490,22082,experiments/tworoom/results/tworoom_success_rate_trainseed0_global_ft_65ep_long_evalseed2/run.log
15cab6dc4a3f3bea33e635e39f997fb2067ddd1e4e1feb8a8c91d91bf540f7b1,22069,experiments/tworoom/results/tworoom_success_rate_trainseed0_global_ft_65ep_long_evalseed3/run.log
c9c6902d1229a87cc6a0d0897928232409232de7d40c9b8fa75b91e995c4896d,22083,experiments/tworoom/results/tworoom_success_rate_trainseed0_global_ft_65ep_long_evalseed4/run.log
75422dac1cdcfe9fa767046c2139d20a303611fcce1b68093f78fefecec0e3fd,22063,experiments/tworoom/results/tworoom_success_rate_trainseed0_global_ft_65ep_short_evalseed0/run.log
6252f38e6a1ae9af43ee9b442f9f04dac6cc28d6e322a91f93ed9b2df996ce31,22063,experiments/tworoom/results/tworoom_success_rate_trainseed0_global_ft_65ep_short_evalseed1/run.log
53d6e99e6e01807bdf57bfe5f571b39146a40c04306e84722b710681e1b80b23,22063,experiments/tworoom/results/tworoom_success_rate_trainseed0_global_ft_65ep_short_evalseed2/run.log
4685b053321145b7de68565f3c2be09286d055aa3f1da2102dcca3e104a514e4,22063,experiments/tworoom/results/tworoom_success_rate_trainseed0_global_ft_65ep_short_evalseed3/run.log
83390649fbe2b151d8251ae0f4dee85b27061fac8d343de467aba85d533c4295,22063,experiments/tworoom/results/tworoom_success_rate_trainseed0_global_ft_65ep_short_evalseed4/run.log
d72efa9a3ff649b0a28e371ce81faf9299f816d96faec564d576475f1e751171,22069,experiments/tworoom/results/tworoom_success_rate_trainseed0_priority5_30ep_long_evalseed0/run.log
4b252b78648c01bf5ca7962b6c8965180c39f6bd160dc5a396d4c872fe6929d2,22069,experiments/tworoom/results/tworoom_success_rate_trainseed0_priority5_30ep_long_evalseed1/run.log
7322fb1750be84931f4c744eceee4aee30ff01ee180f5d1c11f49869b0cf1763,22069,experiments/tworoom/results/tworoom_success_rate_trainseed0_priority5_30ep_long_evalseed2/run.log
cd2caa1e67d7923c708295a7c7921bf1ef4439b2cc7a38ab21260f48beb24494,22082,experiments/tworoom/results/tworoom_success_rate_trainseed0_priority5_30ep_long_evalseed3/run.log
e689b699fb6c25ef710921bc0208a344964288d7dd94b2838b504748feed3e4a,22069,experiments/tworoom/results/tworoom_success_rate_trainseed0_priority5_30ep_long_evalseed4/run.log
5d635c78abc4c32f2f683495b4832b83e52ad9686da9c70979af13af42936cb3,22063,experiments/tworoom/results/tworoom_success_rate_trainseed0_priority5_30ep_short_evalseed0/run.log
7e925b4abd84401336c710d5cae449f76b03c1c3e92e32535b3161be5f559171,22063,experiments/tworoom/results/tworoom_success_rate_trainseed0_priority5_30ep_short_evalseed1/run.log
82b96656f7942550865c6788f991dc29ee9616dbf1893d6525314e0c56804bd2,22063,experiments/tworoom/results/tworoom_success_rate_trainseed0_priority5_30ep_short_evalseed2/run.log
75ac8e70ba1c7778dcd1e92e6c8fa05a6f88665c4e5a2dce209ea1c9c2819501,22063,experiments/tworoom/results/tworoom_success_rate_trainseed0_priority5_30ep_short_evalseed3/run.log
8fafc9fdf2b3f2e7f0fb59cb8886f0ae14afc316107fc3529cb0502090102938,22063,experiments/tworoom/results/tworoom_success_rate_trainseed0_priority5_30ep_short_evalseed4/run.log
51a41ff102ccf5c5c0114f54b829d54376770d78e89b8f5d41e97a2fcec4a893,22069,experiments/tworoom/results/tworoom_success_rate_trainseed0_priority5_50ep_long_evalseed0/run.log
63a658b904b3c3bb05cd4b2d320b48afd4cd5add752a686e1337377bbcc74d16,22069,experiments/tworoom/results/tworoom_success_rate_trainseed0_priority5_50ep_long_evalseed1/run.log
97fc3d2251c25766ad6792c972f44f3761da65b554a90bd3bb8f7098de290801,22082,experiments/tworoom/results/tworoom_success_rate_trainseed0_priority5_50ep_long_evalseed2/run.log
ba36c5cb6f1a47b6e9356d639d6b9d610b13f6c56e4d40e7345d8642a920bf56,22069,experiments/tworoom/results/tworoom_success_rate_trainseed0_priority5_50ep_long_evalseed3/run.log
e9e4d10cca19f4de34a5cba20f205d84d6ab03c78b794687b4c8feabb610abde,22069,experiments/tworoom/results/tworoom_success_rate_trainseed0_priority5_50ep_long_evalseed4/run.log
c7db3b654e903f7fce7e826fa3763f95a0795a73aac263e1fada0903968d843b,22063,experiments/tworoom/results/tworoom_success_rate_trainseed0_priority5_50ep_short_evalseed0/run.log
bd0fee70076243114e18960d7595911393a21cdc8cc1c6d45a3cdc0e497478c7,22063,experiments/tworoom/results/tworoom_success_rate_trainseed0_priority5_50ep_short_evalseed1/run.log
8bbf5768bf1781ab019e088532a733184af9e599a2c5101bd3be68ba481f10f1,22063,experiments/tworoom/results/tworoom_success_rate_trainseed0_priority5_50ep_short_evalseed2/run.log
871d744f8098e091ee4af8f84269a2cf6a9c6f270887506862090572b2903290,22063,experiments/tworoom/results/tworoom_success_rate_trainseed0_priority5_50ep_short_evalseed3/run.log
5cca7100b46cb7890d23c8e110f4ac6935d219392aa0a38f2d165a496b0bf27f,22063,experiments/tworoom/results/tworoom_success_rate_trainseed0_priority5_50ep_short_evalseed4/run.log
d9cad46cfbc2b5a9f6b815640ab4d9fc63c9ec994e32be4757d38be00873f5b8,22069,experiments/tworoom/results/tworoom_success_rate_trainseed0_priority5_doorway80_long_evalseed0/run.log
f774426c45fb9e69f228ce1c55a9236470393f3523c0be9ab5bbbe1cd2bfc073,22069,experiments/tworoom/results/tworoom_success_rate_trainseed0_priority5_doorway80_long_evalseed1/run.log
e7fa9547a850f8dd7b56fd03b2b702bfb3e2d367fca84327232ab7d7267ababb,22069,experiments/tworoom/results/tworoom_success_rate_trainseed0_priority5_doorway80_long_evalseed2/run.log
edd835ce9748a4556c8d6abe87391695ffde241d51a8d48952799bd2ed3f2742,22069,experiments/tworoom/results/tworoom_success_rate_trainseed0_priority5_doorway80_long_evalseed3/run.log
4f823537363e3ee82b8afcf6e21ea91b42e079fb95d1c36e054dfb7b0b337de8,22069,experiments/tworoom/results/tworoom_success_rate_trainseed0_priority5_doorway80_long_evalseed4/run.log
3ef16b29b83f6f1d985bdcc63ce94ebf919c42f1aadb5545a6f7d27bb6436644,22063,experiments/tworoom/results/tworoom_success_rate_trainseed0_priority5_doorway80_short_evalseed0/run.log
9dd6390295f1805a47685cc387a2bf9b86b84a2dec5194cbf24f366a91ff1551,22063,experiments/tworoom/results/tworoom_success_rate_trainseed0_priority5_doorway80_short_evalseed1/run.log
bbab3997420cefaac9fa1366e7b8d43708b1902b19a8b095a445da304fa6a33b,22063,experiments/tworoom/results/tworoom_success_rate_trainseed0_priority5_doorway80_short_evalseed2/run.log
a19c77bae51f5e9d3aa4bc9f7f4f22d46e95eb76a129ae58feff039137195f92,22063,experiments/tworoom/results/tworoom_success_rate_trainseed0_priority5_doorway80_short_evalseed3/run.log
ca5cff5b627908fec95a1ee2021de25a28ab8b547fbac250f6ffae6364125688,22063,experiments/tworoom/results/tworoom_success_rate_trainseed0_priority5_doorway80_short_evalseed4/run.log
0f1ae8f74880abad81da8a801819cd02e4eddc5a948ef59fc8777d38e834f839,22069,experiments/tworoom/results/tworoom_success_rate_trainseed0_rooms3_30ep_long_evalseed0/run.log
94d754107bb671036c7d86f6577a52c8d08cdc9934f085f05f125fd448cf8ed9,22069,experiments/tworoom/results/tworoom_success_rate_trainseed0_rooms3_30ep_long_evalseed1/run.log
3f140d5720b842c68a3dfa5c75006e16a9a7d859f51003e04cd3e345c5d81a3a,22069,experiments/tworoom/results/tworoom_success_rate_trainseed0_rooms3_30ep_long_evalseed2/run.log
eb7c4c9dd327bb183039c786bd20b828c3de780e76afa6f7ffb7c39ee9b6131b,22069,experiments/tworoom/results/tworoom_success_rate_trainseed0_rooms3_30ep_long_evalseed3/run.log
e6afdebc314d7243316859b412e0bc7e87ff36cbf97e8b0c37845e2067d9f74b,22069,experiments/tworoom/results/tworoom_success_rate_trainseed0_rooms3_30ep_long_evalseed4/run.log
73d7778a7586ca1d98e542be69b9834e896670c7336e9b93f88acf9a04be1857,22063,experiments/tworoom/results/tworoom_success_rate_trainseed0_rooms3_30ep_short_evalseed0/run.log
0c89b661eb27ebfbefb727d4cd0f21bbd2db5e0d203028a28b1a97f84411b996,22063,experiments/tworoom/results/tworoom_success_rate_trainseed0_rooms3_30ep_short_evalseed1/run.log
373009f03935541b9259c83c38782f53d87fd621fcb5b67e71b9da7da00446c0,22063,experiments/tworoom/results/tworoom_success_rate_trainseed0_rooms3_30ep_short_evalseed2/run.log
e755afd79c109c2de384a6b105e7852939af9665a4e8845c300b9ad0dca4dc32,22063,experiments/tworoom/results/tworoom_success_rate_trainseed0_rooms3_30ep_short_evalseed3/run.log
ac308a50cff34c36bb82773f499b5a14affcd1160289bf94093eec7ca3c4ab6d,22063,experiments/tworoom/results/tworoom_success_rate_trainseed0_rooms3_30ep_short_evalseed4/run.log
a6f613d6141e7893d5496c44eb9d7e2df7c6777587cc9b1d5a3454009f7c40fb,22069,experiments/tworoom/results/tworoom_success_rate_trainseed0_rooms3_50ep_long_evalseed0/run.log
c9da251e6bb67935cc179e78f76c228cb7c657ea7881cfc0c2802765437f465f,22069,experiments/tworoom/results/tworoom_success_rate_trainseed0_rooms3_50ep_long_evalseed1/run.log
9ddc0cf29f71036b7d46299d3d3aa905d7e4bfa37643d0e0ec1d410400cc8f29,22082,experiments/tworoom/results/tworoom_success_rate_trainseed0_rooms3_50ep_long_evalseed2/run.log
93b5889d7247472d6c6c68eb3c4ee5e79295791e9ed44cab1ade9f122e2e7639,22069,experiments/tworoom/results/tworoom_success_rate_trainseed0_rooms3_50ep_long_evalseed3/run.log
67f345f8946d88eef175e66084e0d4afc2424228ac037ae156912ed689da0f8b,22082,experiments/tworoom/results/tworoom_success_rate_trainseed0_rooms3_50ep_long_evalseed4/run.log
adafe490d5327e1c40c66232b027b82eb576f600fb6055bd9d2e0019482ce5bb,22063,experiments/tworoom/results/tworoom_success_rate_trainseed0_rooms3_50ep_short_evalseed0/run.log
bf5ef1af45989b2e3f835ccc4b53f4c5b450fd440ad1d7dfb2cffde598131fd2,22063,experiments/tworoom/results/tworoom_success_rate_trainseed0_rooms3_50ep_short_evalseed1/run.log
9b845ff4f975a6522af261558e83686b7a99ccfc358d2678d71f40e09da179df,22063,experiments/tworoom/results/tworoom_success_rate_trainseed0_rooms3_50ep_short_evalseed2/run.log
a4473acaccf3d09f1cc039a6b92815d5e709ac60ceb65e870500ec313aff981a,22063,experiments/tworoom/results/tworoom_success_rate_trainseed0_rooms3_50ep_short_evalseed3/run.log
b5778d5fb804be101a47b8680a2156b95dedb01992458ada0e2cbe8737f03c21,22063,experiments/tworoom/results/tworoom_success_rate_trainseed0_rooms3_50ep_short_evalseed4/run.log
ce7cb862dc6a4623bdc83509ff60df701a0d5e4a0603f7c8d9a77b533b499038,22070,experiments/tworoom/results/tworoom_success_rate_trainseed0_rooms3_doorway80_long_evalseed0/run.log
2087c559be7118f067a942ca311a3f4bb0a72148ee22362b272cbb9d86932633,22069,experiments/tworoom/results/tworoom_success_rate_trainseed0_rooms3_doorway80_long_evalseed1/run.log
0ed6e5a01d701202a8e5bf1b4231ce2bb409858f86fba7ac8b0a13cbe2a02761,22082,experiments/tworoom/results/tworoom_success_rate_trainseed0_rooms3_doorway80_long_evalseed2/run.log
a5e0ca778f3a3456d0d9d1ea3efd93f911c01714c8d74f67b3181c5726f5dacc,22069,experiments/tworoom/results/tworoom_success_rate_trainseed0_rooms3_doorway80_long_evalseed3/run.log
3a7e954faac434f98dc0d763aadfcbfa80efb0b6d2fcc6f5118f9850c843488c,22082,experiments/tworoom/results/tworoom_success_rate_trainseed0_rooms3_doorway80_long_evalseed4/run.log
f6d169511d4682d6e57097a0d0f0ecc74f7146e13405e08af6cd40ee7fdcfdc2,22063,experiments/tworoom/results/tworoom_success_rate_trainseed0_rooms3_doorway80_short_evalseed0/run.log
d91306611324991f1b7c2f134a0a3727420e0b734ee845e5000b8331db37ea9a,22063,experiments/tworoom/results/tworoom_success_rate_trainseed0_rooms3_doorway80_short_evalseed1/run.log
96b57eff4382032eb3d7ebc784b6bf7077b32f5095aa00a0cb9b13ef294a29d1,22063,experiments/tworoom/results/tworoom_success_rate_trainseed0_rooms3_doorway80_short_evalseed2/run.log
c5ce048a4f063154dc57c78dbdab67ca9fdbc20543cfaf665fbb9ec70aae3c7d,22063,experiments/tworoom/results/tworoom_success_rate_trainseed0_rooms3_doorway80_short_evalseed3/run.log
35c1406d0ba6d03d8684b3b6fccc1368ca595d2a3c9c17ad6bc73d275c0be282,22063,experiments/tworoom/results/tworoom_success_rate_trainseed0_rooms3_doorway80_short_evalseed4/run.log
5b8bd1f3ff38f4528ca14509b3df650930d07454e5f3b36468d8ba1d130edb66,22069,experiments/tworoom/results/tworoom_success_rate_trainseed625_global_ft_65ep_long_evalseed0/run.log
7a82488dff1386fb8a649809eb0fcf27260e6895fe3346a028bb30ff7e8200b9,22069,experiments/tworoom/results/tworoom_success_rate_trainseed625_global_ft_65ep_long_evalseed1/run.log
03614cc6a983302bdad8e6641dfc7153af0e9da45aa28180e2d3c20f4c030c27,22082,experiments/tworoom/results/tworoom_success_rate_trainseed625_global_ft_65ep_long_evalseed2/run.log
ac0fe7bc1887caa46a5ac084f817a465ca38f071f043af19a9f50395ece0dfbf,22069,experiments/tworoom/results/tworoom_success_rate_trainseed625_global_ft_65ep_long_evalseed3/run.log
59d3d4038789f4e1b586c6a9d46a1488192f723b06096654abe2ef128ca0f751,22082,experiments/tworoom/results/tworoom_success_rate_trainseed625_global_ft_65ep_long_evalseed4/run.log
e28e5e23b8800648fc39e2031ff2f7160ab707028736391de93d417282ec8c54,22063,experiments/tworoom/results/tworoom_success_rate_trainseed625_global_ft_65ep_short_evalseed0/run.log
de84567649ebfe0412ab51aa891258eb3714f4ad4869374db1d27c56a71c5d58,22063,experiments/tworoom/results/tworoom_success_rate_trainseed625_global_ft_65ep_short_evalseed1/run.log
e8bfa6e34301ed54131b7654bac46169e375eb56bab87963dc30b3c5af8af8f6,22063,experiments/tworoom/results/tworoom_success_rate_trainseed625_global_ft_65ep_short_evalseed2/run.log
3afe2fd07815dae880765419d3ee6483a85d82c8d4a6abc52b77c1209e6885c4,22063,experiments/tworoom/results/tworoom_success_rate_trainseed625_global_ft_65ep_short_evalseed3/run.log
ec46961098a3859be55e8b08659d8e4f4f805e2a1b00f95e0e22e197d502405f,22063,experiments/tworoom/results/tworoom_success_rate_trainseed625_global_ft_65ep_short_evalseed4/run.log
ae55a4ef9e798ec6ff62b97e8b7c60c5181b5201febae956fe22f934adf3e02e,22082,experiments/tworoom/results/tworoom_success_rate_trainseed625_priority5_30ep_long_evalseed0/run.log
f54d7a58e2daf6a2767afa0b88f150a9012aab98b8587fb0207274b955f77925,22069,experiments/tworoom/results/tworoom_success_rate_trainseed625_priority5_30ep_long_evalseed1/run.log
7d91fe0fb9bbd37b767871758ab9a959dc044957d56de41b216179f1900b5ac7,22069,experiments/tworoom/results/tworoom_success_rate_trainseed625_priority5_30ep_long_evalseed2/run.log
d50d5ebd120b511ea1c32a4ee0bb531f3798bba42adc36cc20cf733010f9bd0b,22082,experiments/tworoom/results/tworoom_success_rate_trainseed625_priority5_30ep_long_evalseed3/run.log
68af3b4093f0b1ad518ecd7006946bb0e393b8c2a84a27d8f719a8f99beda4b3,22070,experiments/tworoom/results/tworoom_success_rate_trainseed625_priority5_30ep_long_evalseed4/run.log
9ce699ac44fae25d17ca1236e9ce3dcdd59296d9adbac7c6e7575c60d001765d,22063,experiments/tworoom/results/tworoom_success_rate_trainseed625_priority5_30ep_short_evalseed0/run.log
8bd8a50600c80245c57bd32f14a2d686788ab39bac470d429057bf03e05dea3d,22063,experiments/tworoom/results/tworoom_success_rate_trainseed625_priority5_30ep_short_evalseed1/run.log
d9239f4c5174fa24b006a65099eea49acfb8478522a152ada8daeff2f6894d25,22063,experiments/tworoom/results/tworoom_success_rate_trainseed625_priority5_30ep_short_evalseed2/run.log
eb4688f7231a0f5ba21d95cea392bb210eeb6dc52d4f4833d4c9c6c3497956a2,22063,experiments/tworoom/results/tworoom_success_rate_trainseed625_priority5_30ep_short_evalseed3/run.log
37e14657204333eb1d34ca66ee5941f79a94abecbc8b1f9eaed1230c6470efdd,22063,experiments/tworoom/results/tworoom_success_rate_trainseed625_priority5_30ep_short_evalseed4/run.log
7fa17a11dfe5be72c4a74faf8a87ac3cc65404acd1223f96bf629754144f1944,22082,experiments/tworoom/results/tworoom_success_rate_trainseed625_priority5_50ep_long_evalseed0/run.log
5803b286b0d5d814e79ceec0513ef6405569af59371be5ae94a87e9a1c620a7c,22069,experiments/tworoom/results/tworoom_success_rate_trainseed625_priority5_50ep_long_evalseed1/run.log
6f4776646018223a958fb6676533143383ba9386d35309aa7aec3b19c555d4d4,22069,experiments/tworoom/results/tworoom_success_rate_trainseed625_priority5_50ep_long_evalseed2/run.log
490276abf9a443ddf9f9e91bddb2fd13f102304c7658484d73eed83d05c679ea,22069,experiments/tworoom/results/tworoom_success_rate_trainseed625_priority5_50ep_long_evalseed3/run.log
ae0c6484a07cf615e82b6c9bd32201e96ed5ca867bdd29843e0a084b4ccde584,22069,experiments/tworoom/results/tworoom_success_rate_trainseed625_priority5_50ep_long_evalseed4/run.log
8f4faf1092e6620ffd20ca55619fe97428b8de32b12731e899b43ebec1e42830,22063,experiments/tworoom/results/tworoom_success_rate_trainseed625_priority5_50ep_short_evalseed0/run.log
c29eb9ed7d538ac7931678613f91ceac766fae910810702b040d7de24980dcb6,22063,experiments/tworoom/results/tworoom_success_rate_trainseed625_priority5_50ep_short_evalseed1/run.log
c37a148294a3143fd7169630bc4db02a163d22a2d44737ee96cfff128e8c8bbc,22063,experiments/tworoom/results/tworoom_success_rate_trainseed625_priority5_50ep_short_evalseed2/run.log
1ba69f1ce7ca4df60dcce56f6f0afdbd51e1dedc066a2c50d6a6d6b5a2073f1b,22063,experiments/tworoom/results/tworoom_success_rate_trainseed625_priority5_50ep_short_evalseed3/run.log
c33fdd8e4d27fc4fe068b634ce1c744272cbd0952b466de8025d1bbf5fca57c3,22063,experiments/tworoom/results/tworoom_success_rate_trainseed625_priority5_50ep_short_evalseed4/run.log
6ebc2386b79dd9b3d149acd4e7c69c2848c495cddc4b7a968825f4eee980298e,22083,experiments/tworoom/results/tworoom_success_rate_trainseed625_priority5_doorway80_long_evalseed0/run.log
c943961ff2e4c7d6f878fdb99dcb23f8fa5d505212f8417eadb1b9bfaefc93b1,22070,experiments/tworoom/results/tworoom_success_rate_trainseed625_priority5_doorway80_long_evalseed1/run.log
31766f31de45081def356dd3776796490d386b7e87c5e3756f888c97a378e1c8,22069,experiments/tworoom/results/tworoom_success_rate_trainseed625_priority5_doorway80_long_evalseed2/run.log
42893098845cd5aec60552c5319ace50d8d7082653b843230870a7e2928cd301,22069,experiments/tworoom/results/tworoom_success_rate_trainseed625_priority5_doorway80_long_evalseed3/run.log
c1ef0ab2e213282318f65137782d31145d679b18ef87614f85eccdf43242087b,22069,experiments/tworoom/results/tworoom_success_rate_trainseed625_priority5_doorway80_long_evalseed4/run.log
f46d5882d0225d31f098149ea4ad1b5815dbf491c6756a557f67b28d627a5a3b,22063,experiments/tworoom/results/tworoom_success_rate_trainseed625_priority5_doorway80_short_evalseed0/run.log
f4dfbfa3114ea5ca791a906fa1594583b4d654fa2fb14f9fe0e530fb25dcf399,22063,experiments/tworoom/results/tworoom_success_rate_trainseed625_priority5_doorway80_short_evalseed1/run.log
e50ac50759549382d7b50da5e668af0a0a4a54b4ec89aa94ceec021795d818ec,22063,experiments/tworoom/results/tworoom_success_rate_trainseed625_priority5_doorway80_short_evalseed2/run.log
d7cc533973a13b8e2f3d008a8d66ac002667f54aedccc4743016df24b6bb6bf2,22063,experiments/tworoom/results/tworoom_success_rate_trainseed625_priority5_doorway80_short_evalseed3/run.log
50163d52d22e71cbeef57635711c58add732b302f101340e2a694a339dbffc9e,22063,experiments/tworoom/results/tworoom_success_rate_trainseed625_priority5_doorway80_short_evalseed4/run.log
68d086c9cdb1e7bb16ae91df750ad619f5466ee471a9ac70ebd9c2d86f1875b4,22069,experiments/tworoom/results/tworoom_success_rate_trainseed625_rooms3_30ep_long_evalseed0/run.log
1fdc6e7a56c2bb125a82bbd19b8d7b85d0c7a2290ead626b65624afc17392404,22070,experiments/tworoom/results/tworoom_success_rate_trainseed625_rooms3_30ep_long_evalseed1/run.log
e8e891551b0d838098d5557d0140756be0877c51a8124063a1fba587edb95bad,22069,experiments/tworoom/results/tworoom_success_rate_trainseed625_rooms3_30ep_long_evalseed2/run.log
8944f5c220f88a410a4c24bb2fa8e922d99dffcace1c02e2140c9e61aa380f31,22082,experiments/tworoom/results/tworoom_success_rate_trainseed625_rooms3_30ep_long_evalseed3/run.log
8c537c1913fde5665a55718d35b456e89debceeb73b6e7a6e6d75031d31f92ae,22069,experiments/tworoom/results/tworoom_success_rate_trainseed625_rooms3_30ep_long_evalseed4/run.log
2f25e04089cdadc81451f8057fc97b26280be822bb30a39b2f4de51a14985869,22063,experiments/tworoom/results/tworoom_success_rate_trainseed625_rooms3_30ep_short_evalseed0/run.log
8338532447adb8b233c6ccaee9f451e2ea6f24be6ac7cacdf09c848d55f5f0f4,22063,experiments/tworoom/results/tworoom_success_rate_trainseed625_rooms3_30ep_short_evalseed1/run.log
12d8d38a9bafaeb0d48f78b2a1c3634b8884caa3033c356eafbfcf676e579f9f,22063,experiments/tworoom/results/tworoom_success_rate_trainseed625_rooms3_30ep_short_evalseed2/run.log
06c315043c3081d374c2d158a8d07e7bd7597bc68d055cec5c7b7f5b67a5c890,22063,experiments/tworoom/results/tworoom_success_rate_trainseed625_rooms3_30ep_short_evalseed3/run.log
ead26177fc0ad12e02ce132b902379ad6363de5fc05389a0d87b1cb91c32d02e,22063,experiments/tworoom/results/tworoom_success_rate_trainseed625_rooms3_30ep_short_evalseed4/run.log
ab33917ba415679dbedfd0e91c51d131a8db150adfecd646e5f98eb56f7b1cea,22082,experiments/tworoom/results/tworoom_success_rate_trainseed625_rooms3_50ep_long_evalseed0/run.log
92f4a784e9e146f6654edffe624dc659a799337d8e1ba6649f4e4ea4bc0907f5,22069,experiments/tworoom/results/tworoom_success_rate_trainseed625_rooms3_50ep_long_evalseed1/run.log
f5400d6288bbca63f238cb993cb5ff986e211db8df0c0fd6838b9df4d84200f3,22069,experiments/tworoom/results/tworoom_success_rate_trainseed625_rooms3_50ep_long_evalseed2/run.log
1447ded99c46d6c58f3bd2db4e70522fdeeb17475f70f364563b98e1cadd2825,22069,experiments/tworoom/results/tworoom_success_rate_trainseed625_rooms3_50ep_long_evalseed3/run.log
c60fff3aae0f90b7e98be86620663c71ef4f31c52a1c5a01747feee126a5c6d0,22069,experiments/tworoom/results/tworoom_success_rate_trainseed625_rooms3_50ep_long_evalseed4/run.log
d02ebf8023d2a60dc203ba240db8b635be42fbbbcdcef3a68da8c2d963483faa,22063,experiments/tworoom/results/tworoom_success_rate_trainseed625_rooms3_50ep_short_evalseed0/run.log
32453931486570ddd4d9ed8264f7386f8498b1bf817b8ce9f8ac19306c930cb3,22063,experiments/tworoom/results/tworoom_success_rate_trainseed625_rooms3_50ep_short_evalseed1/run.log
ff4b825b9ba363df1d71bd726eb7812aa883d3008bf0fd359d595578a45f5fa7,22063,experiments/tworoom/results/tworoom_success_rate_trainseed625_rooms3_50ep_short_evalseed2/run.log
66f28175df3455eac031f9c8a06febf528f3a1fe4dd77d06cd5d07f5d04faeba,22063,experiments/tworoom/results/tworoom_success_rate_trainseed625_rooms3_50ep_short_evalseed3/run.log
154d99541365d436929f88f85aee8731b027588556d2d7f801af3c7e70ac80d5,22063,experiments/tworoom/results/tworoom_success_rate_trainseed625_rooms3_50ep_short_evalseed4/run.log
049de8f1912f8866fd7458047cbf813d153095b6c1e7485d74cf5962fe2c2d32,22082,experiments/tworoom/results/tworoom_success_rate_trainseed625_rooms3_doorway80_long_evalseed0/run.log
cc466b16275bd76a7284dd14e7fb84979401b0e45501ff7c6458675a2d4263d8,22069,experiments/tworoom/results/tworoom_success_rate_trainseed625_rooms3_doorway80_long_evalseed1/run.log
54e88cf72930dc8579214fd535293053f6c0f0a3a8d1e98753c8cb23c4b31003,22082,experiments/tworoom/results/tworoom_success_rate_trainseed625_rooms3_doorway80_long_evalseed2/run.log
f65b3c18fc0c9f4a8f1f82667087549c8e8439eb0f8c8e73216c2e6b15a4f908,22069,experiments/tworoom/results/tworoom_success_rate_trainseed625_rooms3_doorway80_long_evalseed3/run.log
5569d582b74862eb28befb66e1aed3e198d27aff937b9cc93e73b334d525d40c,22069,experiments/tworoom/results/tworoom_success_rate_trainseed625_rooms3_doorway80_long_evalseed4/run.log
0ec2ae95aee16f988d387f6063877815133594cbc9ede1c129ec5534f983cb86,22063,experiments/tworoom/results/tworoom_success_rate_trainseed625_rooms3_doorway80_short_evalseed0/run.log
c52e9dcfa6ec1752cf4fbcc27ce5441cea65436febd4bd76c2dc19cec3be983e,22063,experiments/tworoom/results/tworoom_success_rate_trainseed625_rooms3_doorway80_short_evalseed1/run.log
eb92864862e69e214819d2f65a65be2d8a4611b8579aa7d818005ac02aadce5e,22063,experiments/tworoom/results/tworoom_success_rate_trainseed625_rooms3_doorway80_short_evalseed2/run.log
5ecb22b5fc54714ad79e4579614b4289694813c8c716491822475cf3ba5febb4,22063,experiments/tworoom/results/tworoom_success_rate_trainseed625_rooms3_doorway80_short_evalseed3/run.log
e9a12f8e56267a38809c851d66c4487745c0a47507ac43f7afe5779bd790a580,22063,experiments/tworoom/results/tworoom_success_rate_trainseed625_rooms3_doorway80_short_evalseed4/run.log
2e27968a30de0035108dec74e965b0e16d0c0bded76faaea5fd711a9c7e58197,2075,experiments/tworoom/results/tworoom_trajectory_deviation_common_vs_train/run_full_test.log
8c2cf585228c22e4913a42ecc4c5a4ab2bd72f4e97fae7a33566b1fe90b2438e,1150,experiments/tworoom/results/tworoom_trajectory_switch_rollout_4way/run_full_test.log
