preprocess,seed_a,seed_b,ari,nmi,label_agreement,centroid_cosine
raw_l2,0,1,0.09398158527170018,0.08453517711552633,0.4930808608774319,0.6398250063260397
raw_l2,0,2,0.1330936026364226,0.12261407606788692,0.5060639337468658,0.6702025731404623
raw_l2,0,3,0.09940176602473343,0.09761655465417317,0.5100354723360847,0.6777002215385437
raw_l2,0,4,0.20404662900904671,0.18911805420202593,0.6020832715013251,0.7626002828280131
raw_l2,0,5,0.11236407042652274,0.10881274166581509,0.48801118582249764,0.6601094206174215
raw_l2,0,6,0.06357874131422746,0.05489608201009625,0.4802923527271488,0.6440280775229136
raw_l2,0,7,0.03199277860624415,0.032480015037168505,0.4186098405778462,0.5813991030057272
raw_l2,0,8,0.04991198015321404,0.0515186036505577,0.42161295251411696,0.5999235113461813
raw_l2,0,9,0.08460378932713075,0.08562643273463533,0.4481287161036931,0.6243613560994467
raw_l2,0,10,0.11462718378745579,0.10329374221279189,0.5150435901917397,0.6776237090428671
raw_l2,0,11,0.16355578059253106,0.14573571822487716,0.5551898764788842,0.6990680495897929
raw_l2,0,12,0.10738254741511825,0.10649608988775373,0.5202671582448724,0.6897046566009521
raw_l2,0,13,0.14036329416896492,0.1431992822361656,0.4599158205299855,0.6152510046958923
raw_l2,0,14,0.1793380371472014,0.16232218866185652,0.5746595392223787,0.7052931984265646
raw_l2,0,15,0.14021034475219007,0.13378425608415517,0.5093858240365474,0.665746827920278
raw_l2,0,16,0.13420583913002598,0.12080723084041373,0.5056879951369813,0.6750530004501343
raw_l2,0,17,0.20762861018455556,0.1866322554984225,0.6273865781122385,0.785929799079895
raw_l2,0,18,0.08922992283223115,0.07469440065950024,0.4834438614831108,0.6337262392044067
raw_l2,0,19,0.1632730803316124,0.156528670746744,0.5424948033632215,0.7107746799786886
raw_l2,1,2,0.17609137472898145,0.1660729513203447,0.5897564423456371,0.729997456073761
raw_l2,1,3,0.1430539707984163,0.13763303396092522,0.5505631934116209,0.6981110572814941
raw_l2,1,4,0.08477443945675128,0.07756244334846218,0.5050966063296191,0.647551953792572
raw_l2,1,5,0.07039731693262011,0.07778006825127397,0.4358403601975546,0.5992945631345113
raw_l2,1,6,0.18416164371501048,0.1600997562946791,0.590768838426642,0.7279508113861084
raw_l2,1,7,0.22521402854796888,0.2051482807804659,0.5669527977197455,0.6792050202687582
raw_l2,1,8,0.06765697411562081,0.05985777712662603,0.5039061340649846,0.6596575180689493
raw_l2,1,9,0.10533286276362393,0.10449508662198065,0.48434853246537685,0.6427258849143982
raw_l2,1,10,0.157874415489783,0.14796517995553746,0.5659327069888307,0.6973956028620402
raw_l2,1,11,0.23865116567572184,0.2229046824230963,0.6451293415688072,0.7775402863820394
raw_l2,1,12,0.21016423902131082,0.18659932461281445,0.6182563263762706,0.7575450340906779
raw_l2,1,13,0.13197419947990718,0.1110166694340615,0.558562331610831,0.7071996132532755
raw_l2,1,14,0.12878126943373827,0.12986043191514512,0.5359499539969859,0.6942618489265442
raw_l2,1,15,0.1020947817619655,0.10154650074642192,0.4723162984776685,0.6115508079528809
raw_l2,1,16,0.09325699837473093,0.08681700335400548,0.4678193252231723,0.616400937239329
raw_l2,1,17,0.09354725226142607,0.0985594600618544,0.46150201764712995,0.6211090385913849
raw_l2,1,18,0.12128062649852415,0.1151120382060147,0.5291357918839031,0.6631513436635336
raw_l2,1,19,0.0796287234679043,0.07998418966093243,0.46250122289971785,0.6110863188902537
raw_l2,2,3,0.18406209486479344,0.1799376136083211,0.586488414605325,0.7342356046040853
raw_l2,2,4,0.1087865649982774,0.10577919605578662,0.4960048278432006,0.6551685531934103
raw_l2,2,5,0.1429809760976543,0.13160643173360528,0.5675892551908658,0.7413617571194967
raw_l2,2,6,0.12788527835963098,0.10966298398691383,0.546895043875993,0.6850680708885193
raw_l2,2,7,0.04958550831644868,0.053647702406238604,0.4071799877545143,0.5653067032496134
raw_l2,2,8,0.02954375690670078,0.026513265196710455,0.43104219636087027,0.5882225831349691
raw_l2,2,9,0.1867467984450052,0.1716200053285395,0.6035034840275556,0.7696713805198669
raw_l2,2,10,0.3958820186778797,0.3447718950357705,0.7482794213183573,0.8707781235376993
raw_l2,2,11,0.3057452400537805,0.26774216759837777,0.6826902254862194,0.818681538105011
raw_l2,2,12,0.24816653902564592,0.22988555052191398,0.637944737024347,0.7836050987243652
raw_l2,2,13,0.1730151563063588,0.17729079161054812,0.49706009411656077,0.6450548768043518
raw_l2,2,14,0.11014166378515243,0.09601384012117889,0.4910967404363746,0.6348662873109182
raw_l2,2,15,0.26232031159346486,0.22692352695043866,0.6663665753201798,0.8090904951095581
raw_l2,2,16,0.24486033623104037,0.21758279953088408,0.6340908166551796,0.7887600064277649
raw_l2,2,17,0.18969076891840259,0.17564425317502397,0.6063570999084337,0.7686062057813009
raw_l2,2,18,0.33845189373746176,0.3007134390109893,0.6854273223827473,0.8025601307551066
raw_l2,2,19,0.13718353486167656,0.1288527572291007,0.536894197464503,0.6966049472490946
raw_l2,3,4,0.10387933095542273,0.10978463608669119,0.4818829467870989,0.6451647480328878
raw_l2,3,5,0.10517376237370797,0.11187711348994943,0.4993849776250573,0.667251189549764
raw_l2,3,6,0.12137234350462418,0.10957290411568628,0.5269746944949177,0.6853515108426412
raw_l2,3,7,0.041127209859278716,0.04233627222671303,0.4655603958567608,0.6256709098815918
raw_l2,3,8,0.07787670644013597,0.07613311258929296,0.46202415460530294,0.6254973212877909
raw_l2,3,9,0.13709931881977536,0.1435710561786056,0.49868036754044914,0.6688095132509867
raw_l2,3,10,0.1805868052571788,0.2082950618130732,0.5445261909394398,0.692446211973826
raw_l2,3,11,0.18544204473957177,0.16941305463430012,0.5941786675724369,0.7267472346623739
raw_l2,3,12,0.13979848602829864,0.1451872546756483,0.5505653918830238,0.7116813460985819
raw_l2,3,13,0.203818917584764,0.1997831911903397,0.5772207584066799,0.7313982446988424
raw_l2,3,14,0.08617332872642336,0.0772117573712843,0.4951529201746026,0.6491840779781342
raw_l2,3,15,0.13730144473862463,0.15686421069756415,0.5197021510943441,0.6769720713297526
raw_l2,3,16,0.16841149537200834,0.18423034977887728,0.4997114506283781,0.6484994093577067
raw_l2,3,17,0.12986901795242234,0.15380514671954343,0.478499499298138,0.641834557056427
raw_l2,3,18,0.19130303318863454,0.17920974085235722,0.5999254718194439,0.7306068738301595
raw_l2,3,19,0.12219700268068162,0.1241551092463851,0.5349903212296491,0.7063452204068502
raw_l2,4,5,0.11990165847476758,0.1095185708289147,0.552873786855999,0.7324548562367758
raw_l2,4,6,0.11320252893306641,0.09753712392195149,0.5347056191829821,0.6787392695744833
raw_l2,4,7,0.030224767304256918,0.03767049780698601,0.404362646651783,0.5504971742630005
raw_l2,4,8,0.07782577659265119,0.06336116304064088,0.49653575868698496,0.652053952217102
raw_l2,4,9,0.08891676991299677,0.08683458850598509,0.5053769114334803,0.6935412287712097
raw_l2,4,10,0.142538134374122,0.14319425945362727,0.5331589945510886,0.7018070816993713
raw_l2,4,11,0.14662021887265272,0.14087180110536712,0.5288543875443404,0.6701515714327494
raw_l2,4,12,0.051280462738569635,0.05458680743470096,0.43995589866365914,0.6019010146458944
raw_l2,4,13,0.1401458378452476,0.1456398199344867,0.4553375038335845,0.6034302910168966
raw_l2,4,14,0.09116549785981655,0.08194437188222974,0.525656710888919,0.6753689646720886
raw_l2,4,15,0.20893822119257754,0.19712554167918903,0.6134823457250174,0.7748744487762451
raw_l2,4,16,0.12274298725442237,0.12190568906028434,0.5116722342954944,0.6834854284922282
raw_l2,4,17,0.19275472936351945,0.16893061709027343,0.6141891542810284,0.7773555119832357
raw_l2,4,18,0.10083645979793165,0.08963761316205483,0.473617793548146,0.598827580610911
raw_l2,4,19,0.1714240847556369,0.16369511081585394,0.5508918648863446,0.7073313991228739
raw_l2,5,6,0.1356745482381165,0.13384840053404615,0.4996334048935775,0.6381157239278158
raw_l2,5,7,0.0492974533294887,0.05792955063063498,0.4588022947644503,0.6171025633811951
raw_l2,5,8,0.18917762451729664,0.16709742118397325,0.5977248019452075,0.7477035721143087
raw_l2,5,9,0.6084895794890691,0.5555464284314325,0.8495179301831437,0.9441016912460327
raw_l2,5,10,0.3355224721392246,0.29247190034918025,0.7185571871877484,0.8560916384061178
raw_l2,5,11,0.11319716877004588,0.11557788261715239,0.48204123672810295,0.6457727551460266
raw_l2,5,12,0.13013857305902873,0.12866554457997464,0.5574037371815377,0.7230344414710999
raw_l2,5,13,0.16326843950218928,0.17359115152828172,0.5045140114078681,0.669122556845347
raw_l2,5,14,0.05597525616747558,0.052526165257042894,0.4441670706357869,0.5787434776624044
raw_l2,5,15,0.4033722249434569,0.3516057001535317,0.756013643713526,0.883216400941213
raw_l2,5,16,0.36217582544826094,0.3154203042362984,0.7326142133374665,0.8726639747619629
raw_l2,5,17,0.33588693457524454,0.3116203645815759,0.7072141739848283,0.8425443371136984
raw_l2,5,18,0.08252269451789755,0.07512483020026625,0.49185301459894937,0.6544244289398193
raw_l2,5,19,0.20771715164235421,0.20938125255503456,0.5670253472760389,0.722547709941864
raw_l2,6,7,0.12969686365237917,0.11949533091667532,0.5320245833072265,0.7044532299041748
raw_l2,6,8,0.210857885261673,0.18142906599169703,0.6134526663610791,0.7568882902463278
raw_l2,6,9,0.09281633569642454,0.08812007516676662,0.48338889969803994,0.6213156878948212
raw_l2,6,10,0.08881157839792118,0.07615064922613796,0.4965269648013736,0.635726402203242
raw_l2,6,11,0.10875811342683307,0.10572212860787061,0.5305669967671478,0.6768309076627096
raw_l2,6,12,0.14918331311918137,0.13338329224045323,0.5181709157622705,0.6502803166707357
raw_l2,6,13,0.1935837401574644,0.18207868603930127,0.6020832715013251,0.7602332234382629
raw_l2,6,14,0.12038859627253118,0.10907542934063283,0.5533112826651629,0.7050870656967163
raw_l2,6,15,0.11958661973902515,0.10466432917436229,0.5326313614144086,0.6633625825246176
raw_l2,6,16,0.08714440565929854,0.07354426995625932,0.46747306597722604,0.5978747010231018
raw_l2,6,17,0.12930138003030273,0.11862690107552568,0.5162923219485491,0.6535520851612091
raw_l2,6,18,0.187464363064736,0.15788825645967672,0.5948030334508416,0.7087596853574117
raw_l2,6,19,0.09598722460310684,0.10129112854578738,0.48824971996970506,0.6389515598615011
raw_l2,7,8,0.07225322709570699,0.07750078827829793,0.48437161641510657,0.6619746287663778
raw_l2,7,9,0.04807218550689199,0.053971119456351496,0.45937609580058986,0.6086910963058472
raw_l2,7,10,0.03808552044731692,0.04395342851824339,0.40399770039891264,0.5595800280570984
raw_l2,7,11,0.170079550764661,0.16981230804938488,0.514174094751919,0.6545670827229818
raw_l2,7,12,0.03330551930159794,0.023367815848367834,0.41954858786685617,0.533639669418335
raw_l2,7,13,0.05906211298140344,0.06614942849276932,0.4566499912610762,0.6424320737520853
raw_l2,7,14,0.16127753708971432,0.1394108749183711,0.5253709096065505,0.6302774349848429
raw_l2,7,15,0.06213714463903358,0.07475909191535347,0.42635065838722336,0.5713956554730734
raw_l2,7,16,0.04065458152565091,0.04940688636458637,0.43399694192627863,0.5966106255849203
raw_l2,7,17,0.0672343210252448,0.07926015144690941,0.48120361912362336,0.6391752163569132
raw_l2,7,18,0.0589398553031849,0.049605603176445655,0.47174579514863313,0.591937800248464
raw_l2,7,19,0.09914433414564731,0.10584927819633184,0.5120888446263313,0.6569810708363851
raw_l2,8,9,0.18882161734821926,0.1727760815629479,0.5822145861982164,0.7163657943407694
raw_l2,8,10,0.044192303827704504,0.03663829105157086,0.45395796302830643,0.6093944410483042
raw_l2,8,11,0.069255381654136,0.06582210357519354,0.43368805669418053,0.558425654967626
raw_l2,8,12,0.019694017439041606,0.02171841833397803,0.3788647753217188,0.5283349851767222
raw_l2,8,13,0.12988035048483015,0.12441294715635333,0.5353475728326095,0.692821741104126
raw_l2,8,14,0.05226173795441295,0.051433853549471296,0.43363199567340827,0.5823685725529989
raw_l2,8,15,0.11222717532179519,0.09710398104392515,0.5195757389886811,0.665018747250239
raw_l2,8,16,0.0485820552230811,0.04476026569315034,0.44488707002021494,0.6119874715805054
raw_l2,8,17,0.13609580116166253,0.1231431431929132,0.5250642228458553,0.6625959873199463
raw_l2,8,18,0.01159193657601784,0.013244434527831559,0.38160846763245515,0.521500031153361
raw_l2,8,19,0.11180537272771943,0.11151333865998568,0.4853620277820831,0.6277443567911783
raw_l2,9,10,0.40662005386404976,0.3708726923006728,0.7523334025851826,0.8803014159202576
raw_l2,9,11,0.15349687713021784,0.14215424063751383,0.5386156005729217,0.6850551168123881
raw_l2,9,12,0.1817795042337281,0.1714356646258367,0.6020129204164345,0.7694716254870096
raw_l2,9,13,0.15384535360698648,0.1458918509751596,0.5363050071285436,0.7013694445292155
raw_l2,9,14,0.05451272397066367,0.04836601405640694,0.4325734316929439,0.5864784816900889
raw_l2,9,15,0.43315286002743625,0.3979733643312247,0.7667696650518894,0.8941766818364462
raw_l2,9,16,0.3763359437624083,0.3248491758916264,0.7396031539270745,0.8722361922264099
raw_l2,9,17,0.32572206646752205,0.29917138538783533,0.7033019941234859,0.8472616871198019
raw_l2,9,18,0.10773041771953551,0.10317454661721413,0.5304801571467359,0.6931169430414835
raw_l2,9,19,0.18871829858364494,0.1951659367617296,0.5401380420193839,0.6972866257031759
raw_l2,10,11,0.3121424701860652,0.279997055818874,0.6504518408350674,0.7672799030939738
raw_l2,10,12,0.3293441401698104,0.2872761266658082,0.7120585057209722,0.8468756079673767
raw_l2,10,13,0.19089753765794998,0.19602933519930096,0.5063013686583718,0.63735431432724
raw_l2,10,14,0.05401418325282998,0.04680540569005513,0.4800626124655527,0.6186615029970804
raw_l2,10,15,0.4531960148462571,0.39511025676176,0.7817698354334232,0.9003200729688009
raw_l2,10,16,0.440383675043424,0.38397619626022766,0.7645986745415912,0.8890877763430277
raw_l2,10,17,0.267586417022917,0.2542365259156599,0.6632689291135874,0.8156838019688925
raw_l2,10,18,0.28343687117780775,0.2421053702575232,0.673922721531719,0.7995407183965048
raw_l2,10,19,0.16884885766107208,0.16267318390167237,0.540948178731328,0.6844052275021871
raw_l2,11,12,0.2164636400881611,0.18697591010117806,0.5998342352562264,0.7347421050071716
raw_l2,11,13,0.19628970856994804,0.173550391594767,0.5676277284404154,0.6806368827819824
raw_l2,11,14,0.1485434364854794,0.1628704160527305,0.5404843012653302,0.6861386100451151
raw_l2,11,15,0.20964968984421675,0.19775084616676367,0.560094666178606,0.7030908068021139
raw_l2,11,16,0.20669424919076615,0.1774151866246788,0.5802920229564383,0.7194335659344991
raw_l2,11,17,0.1512949404201075,0.14414755187487094,0.5515195284718535,0.716347336769104
raw_l2,11,18,0.23267540314854135,0.20113541284300937,0.6120599347273841,0.7257641752560934
raw_l2,11,19,0.24143558741528268,0.21670941188888748,0.6278064861501798,0.752446194489797
raw_l2,12,13,0.18087090393670763,0.17501254704038005,0.5788322379449569,0.7206471761067709
raw_l2,12,14,0.08394915035966288,0.06887930725727055,0.49247847971305553,0.6360066334406534
raw_l2,12,15,0.1571099702166261,0.14805433878967267,0.5877910089115038,0.7472682992617289
raw_l2,12,16,0.2218341624251315,0.19675403118769116,0.6303083466066044,0.7843679587046305
raw_l2,12,17,0.10691968020763265,0.11385945820381868,0.4923080981793359,0.6846978465716044
raw_l2,12,18,0.3226819181972946,0.2886077265351727,0.6672349715242991,0.7860859036445618
raw_l2,12,19,0.077149282583531,0.08202398180039032,0.4574546317945133,0.6227287252744039
raw_l2,13,14,0.04734154310152557,0.04192380308375232,0.4660143802014459,0.6209064722061157
raw_l2,13,15,0.1696693356591606,0.17916037330436108,0.46543508298679925,0.6365535259246826
raw_l2,13,16,0.2597651085764295,0.2622349184146477,0.5657810124620352,0.6846530040105184
raw_l2,13,17,0.23740370205969846,0.26704412152362517,0.5752948974577976,0.7362940708796183
raw_l2,13,18,0.20309469250860748,0.18759092931776222,0.552267008748817,0.6486630837122599
raw_l2,13,19,0.17496306083937058,0.17385846895347445,0.51928773923491,0.6784386535485586
raw_l2,14,15,0.05943322299570922,0.0529094819981127,0.4470316788736791,0.5846622188886007
raw_l2,14,16,0.05061390256489995,0.041000818187350005,0.46443917544131563,0.6060652931531271
raw_l2,14,17,0.0700059285636961,0.06398348786831233,0.43762112203384984,0.5748527348041534
raw_l2,14,18,0.09745882463850002,0.0787288771291443,0.4803066427912672,0.5866388479868571
raw_l2,14,19,0.07443218851444212,0.07189312294290126,0.48804746060064436,0.6394198735555013
raw_l2,15,16,0.3040377541771337,0.27368461131502186,0.6884018541907811,0.8326326012611389
raw_l2,15,17,0.38337355242415294,0.3385512736345067,0.7334144569280979,0.8566307226816813
raw_l2,15,18,0.22482842789945087,0.19056072790515588,0.6355956703304193,0.7633442878723145
raw_l2,15,19,0.3128308919823828,0.3200714706363856,0.6196699434882926,0.7453183134396871
raw_l2,16,17,0.23032811670270095,0.22703552426765686,0.608446746976827,0.7668883403142294
raw_l2,16,18,0.20002955188266652,0.17826928212926516,0.5372041819323025,0.6790332198143005
raw_l2,16,19,0.16016854821554935,0.15069687326649486,0.5186446863495812,0.6826774676640829
raw_l2,17,18,0.11714921988390128,0.10553628030754003,0.5431983142121283,0.7051575382550558
raw_l2,17,19,0.2578483585628619,0.24871896920465214,0.5820771817355392,0.7263437708218893
raw_l2,18,19,0.09574222848790954,0.08424670606128389,0.4611634530510936,0.587918778260549
center_l2,0,1,0.09244616198538906,0.09286815976350013,0.4798493607394778,0.2757384131352107
center_l2,0,2,0.1397820171708684,0.16583883698755916,0.46338061146085124,0.2579036056995392
center_l2,0,3,0.019252754237679328,0.018211710076325573,0.38452693841971675,0.12925738344589868
center_l2,0,4,0.06355917263697759,0.06614189460021232,0.42631768131618086,0.23389322062333426
center_l2,0,5,0.051570919720768604,0.048186069324195675,0.4386829837214185,0.24047818717857203
center_l2,0,6,0.1326397153821959,0.1214046500728664,0.5262535958747883,0.40126902361710864
center_l2,0,7,0.09732825589610593,0.09484403579148397,0.47217559630788714,0.2982590099175771
center_l2,0,8,0.1296708954655368,0.1327421003521612,0.4995773438728052,0.3412844041983287
center_l2,0,9,0.0960286093596161,0.10815897039324683,0.46441169454878023,0.2996470481157303
center_l2,0,10,0.03706670027737835,0.036671577918536216,0.43036616640449893,0.23433173075318336
center_l2,0,11,0.05461155423620915,0.05400303216233293,0.44401207840188717,0.23396246631940207
center_l2,0,12,0.07469389937960111,0.07487941959894359,0.44307552958428004,0.2367191587885221
center_l2,0,13,0.0993015690780298,0.09956307858042553,0.4550484048441119,0.2838536463677883
center_l2,0,14,0.12420457685245445,0.12205387418079085,0.5130407827437583,0.36954336365063983
center_l2,0,15,0.05037971754900658,0.05098750794162708,0.40575867599258236,0.16939290861288706
center_l2,0,16,0.05182597874426522,0.04692928448824177,0.4597344466392517,0.2745469907919566
center_l2,0,17,0.0774252999412044,0.07666722401792174,0.4897468789950348,0.3335456798473994
center_l2,0,18,0.10608389138557961,0.10521948141466028,0.4769693632017658,0.3014078413446744
center_l2,0,19,0.03769399937456832,0.03583733096306787,0.4183075507599566,0.20974346001942953
center_l2,1,2,0.128749871744338,0.1159185270769122,0.5645157921697044,0.44858455657958984
center_l2,1,3,0.10267846677031496,0.10141647689608843,0.499613618650952,0.3347727209329605
center_l2,1,4,0.16078180924316435,0.14041835425408555,0.5956615365336482,0.5040264030297598
center_l2,1,5,0.08597403023440642,0.08162296158195562,0.4593123401299077,0.23603199422359467
center_l2,1,6,0.07863888917671596,0.07489953859494429,0.4569006170009992,0.2829087550441424
center_l2,1,7,0.1754641922578133,0.16782375317324666,0.563834266034826,0.46671444674332935
center_l2,1,8,0.10206300801106338,0.10557784034287342,0.46515038094013234,0.2889546751976013
center_l2,1,9,0.11326700119206504,0.0971270868373464,0.5519680166380315,0.42559754848480225
center_l2,1,10,0.08019865026600065,0.07331336180207819,0.49252025066970934,0.30222930759191513
center_l2,1,11,0.24555158560764348,0.2237063075655393,0.6501979173880401,0.5971524318059286
center_l2,1,12,0.12496419609001343,0.11071713728532208,0.5597033382689016,0.4680611689885457
center_l2,1,13,0.20036469875710416,0.17748588066347848,0.6147112912392014,0.5453605055809021
center_l2,1,14,0.06565794528945088,0.062143407650696314,0.4632124283985345,0.28957749903202057
center_l2,1,15,0.10297111767976778,0.10120720177321813,0.46978805636440985,0.2742668439944585
center_l2,1,16,0.04300480787667398,0.03732830713939765,0.4400394405769668,0.22799652069807053
center_l2,1,17,0.07261111194060273,0.06400408270324776,0.47614823413280744,0.2841825820505619
center_l2,1,18,0.11519637238460052,0.10637394661825111,0.5383297992905532,0.3949386974175771
center_l2,1,19,0.08718489968487494,0.08691939428390916,0.47651318038567786,0.3059901495774587
center_l2,2,3,0.06665481702849395,0.0685958757928212,0.43723309183124975,0.2459444006284078
center_l2,2,4,0.35806834337685023,0.34639979466260806,0.7152693732048107,0.7242898344993591
center_l2,2,5,0.24330031666633758,0.2235353327781327,0.6346085566705469,0.6076643466949463
center_l2,2,6,0.15650085784371853,0.14944064242660987,0.5766744382630756,0.5134751001993815
center_l2,2,7,0.17008035181783082,0.17382480866278266,0.5573267906824385,0.4497151772181193
center_l2,2,8,0.23619966552894112,0.2251037919433714,0.6400420787426503,0.6072760820388794
center_l2,2,9,0.16855332469016188,0.1671947239581196,0.5371151438404878,0.4111996293067932
center_l2,2,10,0.2547691368665376,0.2346156208615577,0.6459625622304811,0.5992966790994009
center_l2,2,11,0.34798796745922145,0.31440278074848366,0.7128499554259923,0.711454431215922
center_l2,2,12,0.0399964400441415,0.03983521603540778,0.4137182417065414,0.1585680153220892
center_l2,2,13,0.1749075639977714,0.18134619645203964,0.5723841213204459,0.47908274332682294
center_l2,2,14,0.20234016074572375,0.20272581746050003,0.5543203810390636,0.475961168607076
center_l2,2,15,0.3338076166585423,0.3011655948770262,0.6969605033620124,0.6819701393445333
center_l2,2,16,0.19345241757655549,0.18215226527468828,0.5466697005572025,0.42949173351128894
center_l2,2,17,0.23262575472060631,0.21863195261797824,0.61042756971078,0.5472261210282644
center_l2,2,18,0.26442130342365194,0.24752084784404682,0.6305644685250346,0.5592710971832275
center_l2,2,19,0.2388463222286944,0.2322780248723942,0.6273700895767174,0.5853483577569326
center_l2,3,4,0.20994688062610184,0.19475807062540818,0.624977053454733,0.5567111869653066
center_l2,3,5,0.09015072771796334,0.0886054582225049,0.46826451568224614,0.3084387481212616
center_l2,3,6,0.07479968436962171,0.07430102077463664,0.45891661527739763,0.273200087249279
center_l2,3,7,0.12044322433225686,0.13712328671915086,0.4400471352268768,0.25614472726980847
center_l2,3,8,0.07566433156889261,0.07387922660440584,0.4747961742200648,0.28162094453970593
center_l2,3,9,0.08757560358870012,0.08215996820927046,0.48388135729227466,0.307816078265508
center_l2,3,10,0.08311219068514253,0.08168336214430044,0.4559091063983213,0.22434191902478537
center_l2,3,11,0.1510447114108496,0.14035305697503897,0.5693799101484738,0.4535073935985565
center_l2,3,12,0.040223359189679245,0.04008269017537379,0.4116154038097311,0.16071526209513345
center_l2,3,13,0.12760602250981823,0.11613133229728131,0.552755069400246,0.4568922718365987
center_l2,3,14,0.08507315024403717,0.07865603472691414,0.5054043923260158,0.38023575146993
center_l2,3,15,0.10625649731444796,0.10522048727075368,0.5016384108129618,0.34797986845175427
center_l2,3,16,0.0739205045030771,0.07014344471335877,0.4879837049299622,0.33476347227891284
center_l2,3,17,0.0963574575997816,0.09636965087887607,0.4957366143320549,0.35045918822288513
center_l2,3,18,0.10528731689426972,0.09892995324204147,0.5263547255593186,0.3814296672741572
center_l2,3,19,0.1551322646405811,0.1348147188260207,0.5902170221045308,0.5177877346674601
center_l2,4,5,0.3297046451510175,0.3029785014410777,0.7037153067472186,0.7005695501963297
center_l2,4,6,0.17392492699570045,0.15365489989502276,0.601463302565726,0.563230057557424
center_l2,4,7,0.14679885872012569,0.17305213783123335,0.4623308413659982,0.2724630484978358
center_l2,4,8,0.16820439581170157,0.16698367573725154,0.5683741094816774,0.4859580496946971
center_l2,4,9,0.134134958292056,0.14178704899116623,0.49219707537349283,0.3382769425710042
center_l2,4,10,0.2729726166147498,0.2564649285458237,0.6521985263646187,0.6132946610450745
center_l2,4,11,0.455097287710266,0.424961048974308,0.7645733921204586,0.7589720487594604
center_l2,4,12,0.03895763593850826,0.04013299742847225,0.4236267523191125,0.1800495684146881
center_l2,4,13,0.2713903755583188,0.2669287717312949,0.6557116836663468,0.6306268572807312
center_l2,4,14,0.25688608210261904,0.2323823428398055,0.657690307928897,0.6343706250190735
center_l2,4,15,0.2927838188907635,0.2992497468872597,0.6482159954183856,0.5982540448506674
center_l2,4,16,0.23061056508767117,0.22928399970473265,0.6065890386414327,0.5476706027984619
center_l2,4,17,0.27625854491792157,0.2677627024295411,0.656891163573967,0.6143837372461954
center_l2,4,18,0.18094851543493146,0.1787960324667885,0.5542445337756657,0.4122539460659027
center_l2,4,19,0.31790267276903167,0.28286886566790587,0.7015223315228921,0.6907165050506592
center_l2,5,6,0.13962060172479257,0.12232233153682506,0.5772251553494855,0.5239524046579996
center_l2,5,7,0.17567312495008272,0.1871027231460178,0.5145137585836568,0.36328738927841187
center_l2,5,8,0.16873251115098847,0.15502399939261438,0.5823135174113439,0.5390980442365011
center_l2,5,9,0.226444586112331,0.20427274504926873,0.6192302492077258,0.5667824943860372
center_l2,5,10,0.5585256505821361,0.48742873222943944,0.830619870004386,0.8761535286903381
center_l2,5,11,0.21064871092043083,0.20470172097826847,0.5667780192432202,0.459421048561732
center_l2,5,12,0.0840228482663653,0.0869146004267337,0.46935056055524593,0.24703491230805716
center_l2,5,13,0.19404958407099437,0.2160841418677316,0.5271923431637983,0.4182179768880208
center_l2,5,14,0.19704487829834344,0.17375737356053048,0.6161413968867446,0.5750602185726166
center_l2,5,15,0.2487964985281443,0.23078260983499202,0.6025383550817117,0.5499428113301595
center_l2,5,16,0.3981363649229492,0.37259634830789784,0.7399120391591726,0.7571930885314941
center_l2,5,17,0.3856375144178278,0.35330548925878336,0.7273345842635616,0.7215501070022583
center_l2,5,18,0.21319515565544367,0.187850684897396,0.6253474958861104,0.5952604909737905
center_l2,5,19,0.22328962551959472,0.20676151063863238,0.6033990566359211,0.556684156258901
center_l2,6,7,0.13466871667800184,0.12803247960086986,0.5304098060618452,0.39029958844184875
center_l2,6,8,0.18820761886528883,0.16928369235141172,0.6088149909368017,0.5647006829579672
center_l2,6,9,0.15591462938746986,0.15289638583385134,0.5747529742569991,0.5077462395032247
center_l2,6,10,0.18532770173334598,0.16108107427215715,0.6154257944451224,0.5813512603441874
center_l2,6,11,0.10208545924694087,0.09522121025521069,0.48384398327842654,0.3289188543955485
center_l2,6,12,0.05406910857293165,0.05052534804118789,0.4661111129431706,0.2554338077704112
center_l2,6,13,0.1375466852741948,0.12789121872938614,0.5590569876764685,0.473738173643748
center_l2,6,14,0.308311712588876,0.2732781163940016,0.6980421512922065,0.6907197634379069
center_l2,6,15,0.1203840043464689,0.10489462193413882,0.5608003754989156,0.4857354660828908
center_l2,6,16,0.09843677059292714,0.10317984957180253,0.45603332003258135,0.3078702340523402
center_l2,6,17,0.1591848752599378,0.13965762527196052,0.5923385470082652,0.5493575831254324
center_l2,6,18,0.2635136858175878,0.24615336444867256,0.6556347371672476,0.6386082172393799
center_l2,6,19,0.10532409194128874,0.09701629965753807,0.5208530508737275,0.4217753012975057
center_l2,7,8,0.22481801002732724,0.2032017086752334,0.6166547399593063,0.5505500634511312
center_l2,7,9,0.09374155052127563,0.09247863380762845,0.46043575901675565,0.24804602563381195
center_l2,7,10,0.14581971308752675,0.1565310083631576,0.4863359506135384,0.31725252730151016
center_l2,7,11,0.13814191759282798,0.14794880728099252,0.4826535110137921,0.29499223828315735
center_l2,7,12,0.07972419603058045,0.07367021606230556,0.48745827026468497,0.3107587496439616
center_l2,7,13,0.24278826054902622,0.23294234853068133,0.6182321431908394,0.5602813561757406
center_l2,7,14,0.09417175593029087,0.09921438411115205,0.4496621499071696,0.2556758187711239
center_l2,7,15,0.1872589158267523,0.18055976788965042,0.5655358829006192,0.45325517654418945
center_l2,7,16,0.25080208048391817,0.24250237350626402,0.6257663046883502,0.5765262246131897
center_l2,7,17,0.1660553298402818,0.16785748547221552,0.5429806655432478,0.42333456377188367
center_l2,7,18,0.111885240872577,0.11323824728791207,0.48285137344004714,0.3141566514968872
center_l2,7,19,0.17178018371412265,0.1937919757198081,0.5331908723864297,0.4054689407348633
center_l2,8,9,0.1337252558431903,0.1419204976723773,0.5120965392762412,0.40974174936612445
center_l2,8,10,0.19086994754307193,0.18252022621482078,0.5968816881622208,0.5501974821090698
center_l2,8,11,0.1368230001756795,0.1402147197764539,0.4917628772714332,0.32046086713671684
center_l2,8,12,0.1862900390678747,0.1737713276184056,0.5908523803399496,0.51167165239652
center_l2,8,13,0.1753522895628682,0.17899845216160318,0.5192382736283462,0.3798777175446351
center_l2,8,14,0.09915751606019699,0.09686711021036773,0.4928577160300443,0.3675296405951182
center_l2,8,15,0.28364057912964546,0.2507262276686658,0.6733676075025035,0.66205362478892
center_l2,8,16,0.133551684483821,0.13333329630136057,0.4811651458740738,0.34455562631289166
center_l2,8,17,0.21854913208523663,0.21413798381118654,0.5703065658447681,0.4993374894062678
center_l2,8,18,0.21109511904574077,0.20687505396459885,0.6118203013444752,0.5857460101445516
center_l2,8,19,0.13705893632979577,0.13775856607673212,0.5085086339468168,0.3932253544529279
center_l2,9,10,0.33551670479208257,0.29296999957528136,0.7044583900813765,0.7107724944750468
center_l2,9,11,0.19987566891107486,0.19042856558067328,0.6086039376821296,0.5514102578163147
center_l2,9,12,0.1547409630010611,0.1385651542033342,0.5545050526369015,0.4152629574139913
center_l2,9,13,0.12590865867701034,0.12362041459179271,0.5104388918385047,0.36003886101146537
center_l2,9,14,0.18761786285101678,0.1821443137406736,0.5733316624950672,0.5075201590855917
center_l2,9,15,0.14149829438786407,0.14445832879322734,0.4819983665357477,0.3316861813267072
center_l2,9,16,0.13707829767748853,0.12285362905043153,0.5541137247271972,0.4767463604609172
center_l2,9,17,0.176642831318458,0.16151662854781085,0.5879756805093419,0.5389233430226644
center_l2,9,18,0.45090688536700074,0.40516459514848097,0.7767122519712044,0.8135363260904948
center_l2,9,19,0.13550546145995718,0.14156557494479916,0.49536617190067744,0.35490346141159534
center_l2,10,11,0.23568864793172803,0.22348374581596311,0.596191368141731,0.5006899734338125
center_l2,10,12,0.12775878968754228,0.1234523882570416,0.5384375243892922,0.37484532594680786
center_l2,10,13,0.17133570259807834,0.1845257224406624,0.5102135485197142,0.38312457998593646
center_l2,10,14,0.24333929097368404,0.23360785433714623,0.6243340005694041,0.587501714626948
center_l2,10,15,0.22538087283168448,0.21036466848457486,0.567698079525306,0.4894252419471741
center_l2,10,16,0.35075952937789784,0.3259967312058116,0.7033976276295092,0.7043056686719259
center_l2,10,17,0.4166537048681601,0.375521182193358,0.7500700762759653,0.7579231063524882
center_l2,10,18,0.3412962508389751,0.2929241699095277,0.7200576439201823,0.7317861914634705
center_l2,10,19,0.252386292895345,0.24642423139859648,0.6086841818883331,0.5499255955219269
center_l2,11,12,0.0675967091521802,0.060147443300000165,0.4998455573839509,0.3247947891553243
center_l2,11,13,0.22822342563754777,0.20685215068336996,0.6351933500637007,0.5775808294614156
center_l2,11,14,0.17553394631491562,0.16621202202360305,0.5671495609102991,0.4619499246279399
center_l2,11,15,0.2671138483019407,0.2611242543949966,0.6054040625553053,0.510658860206604
center_l2,11,16,0.1993118318299112,0.1879050599230418,0.5637320371145942,0.47106539209683734
center_l2,11,17,0.18377452696591057,0.17309019777272627,0.5702318178170718,0.47720324993133545
center_l2,11,18,0.22566701434907846,0.19917918312391095,0.6303314305563342,0.5712368289629618
center_l2,11,19,0.2473455559211018,0.2268511584028218,0.6412820166138484,0.5943224132061005
center_l2,12,13,0.05215441404197372,0.04659145863007069,0.4796372082491044,0.29058846831321716
center_l2,12,14,0.026401119579811335,0.02485475598556073,0.42241979151895687,0.17625972628593445
center_l2,12,15,0.06793599663103132,0.06371544185000115,0.4837604413651188,0.31037903825442
center_l2,12,16,0.06219522634900558,0.059650864244361855,0.46587807497447026,0.25161853432655334
center_l2,12,17,0.07057881352313858,0.06491416561722516,0.4717787722196757,0.2774568771322568
center_l2,12,18,0.10599577529788126,0.1023565691696514,0.5028728525056528,0.33991535007953644
center_l2,12,19,0.03905295115008524,0.04016094299856751,0.4058455156129943,0.18456859638293585
center_l2,13,14,0.1625336451797374,0.16997335941074954,0.5479437147351447,0.44081048170725506
center_l2,13,15,0.12041019934943918,0.12127642221449135,0.47760032449437906,0.3194899708032608
center_l2,13,16,0.21520725337407606,0.22079707491716724,0.5475128143401893,0.3984145522117615
center_l2,13,17,0.16908969353304806,0.19408473888555097,0.4637081836998735,0.31204285224278766
center_l2,13,18,0.12665183223675613,0.12875280440979986,0.48100355822596547,0.3311680480837822
center_l2,13,19,0.24765764350044642,0.23829413028172744,0.6415139553468473,0.6141281326611837
center_l2,14,15,0.1314833167366552,0.12138745752624983,0.5198439524998268,0.4200303802887599
center_l2,14,16,0.1571789022767473,0.14787628756142907,0.5528056342425112,0.4646066029866536
center_l2,14,17,0.2467015613053921,0.21929501859496092,0.6517797175623788,0.6260280013084412
center_l2,14,18,0.3330737071913841,0.3315903311958686,0.6605900917092346,0.6265681783358256
center_l2,14,19,0.21235705796738755,0.19410711599061672,0.6155708935577093,0.5739383300145467
center_l2,15,16,0.22992987818416602,0.2043502186313905,0.6091370669973167,0.5502050618330637
center_l2,15,17,0.3175945795006356,0.2976313921649323,0.6607406870003286,0.6027759810288748
center_l2,15,18,0.19065147134079122,0.17660155457410565,0.5763600568524705,0.493429034948349
center_l2,15,19,0.25472292531324203,0.26631193780973966,0.5772768194274521,0.49265654881795246
center_l2,16,17,0.26914643528097587,0.24715811823051445,0.6469650651901733,0.6180574198563894
center_l2,16,18,0.1455114628674554,0.13122288890248782,0.5407547132478787,0.4557804862658183
center_l2,16,19,0.19633512470546996,0.1999138891510314,0.5254126805632044,0.3807758154968421
center_l2,17,18,0.23772417597536505,0.21131360910615038,0.643143022656347,0.6215168833732605
center_l2,17,19,0.2851123222556404,0.282313686723659,0.6486545904632509,0.6306569576263428
center_l2,18,19,0.2040374154218814,0.20746973224625975,0.5623909695588657,0.46361153324445087
zscore_l2,0,1,0.12818651074607249,0.11521097638888908,0.5561088375252686,0.4917025963465373
zscore_l2,0,2,0.1050349786670279,0.11035318603307821,0.5034829283199391,0.38355542222658795
zscore_l2,0,3,0.09274903193488217,0.08314401366433795,0.5267944198398853,0.41498329242070514
zscore_l2,0,4,0.23428634494954603,0.21734605666755996,0.6238217567325438,0.58818452556928
zscore_l2,0,5,0.21654923022723419,0.2046304854516261,0.5968432149126712,0.5447408556938171
zscore_l2,0,6,0.08182316896442997,0.07043405891199138,0.5199154028204189,0.4164909025033315
zscore_l2,0,7,0.1799828329860399,0.18464226272613146,0.5789311691580844,0.503962238629659
zscore_l2,0,8,0.1543325403847465,0.16739518739215561,0.5199967462623238,0.40108121124406654
zscore_l2,0,9,0.21378574721112423,0.20365783283127079,0.6194413024623979,0.5873788992563883
zscore_l2,0,10,0.2096764424609282,0.1884028739014076,0.6218618194769177,0.5798890690008799
zscore_l2,0,11,0.2213662757943319,0.21634622338999293,0.5818430445311376,0.4912562370300293
zscore_l2,0,12,0.08236258784781388,0.07769966410895557,0.4803638030477409,0.33414773643016815
zscore_l2,0,13,0.15591360467579019,0.17645250378013616,0.5089714121771133,0.4042210678259532
zscore_l2,0,14,0.2360313856727521,0.20560283581007732,0.6519116258465489,0.6484872102737427
zscore_l2,0,15,0.14205765868984538,0.1360350399355624,0.5106257619077456,0.3984740177790324
zscore_l2,0,16,0.21811160127109563,0.21349852082135637,0.5693799101484738,0.47306904196739197
zscore_l2,0,17,0.33539979216333105,0.3106828278532652,0.7078902039411997,0.7152130802472433
zscore_l2,0,18,0.1288974044962914,0.12728647732882015,0.5265833665852133,0.40085288882255554
zscore_l2,0,19,0.22108096816191963,0.20657705323895412,0.6210264003438409,0.5997457901636759
zscore_l2,1,2,0.18521425763894633,0.18381793829358467,0.5746012797302036,0.506790300210317
zscore_l2,1,3,0.21880424238979262,0.19455762657663414,0.637435790894591,0.62037726243337
zscore_l2,1,4,0.1460303414623202,0.12920076723472387,0.572753464516122,0.5230089028676351
zscore_l2,1,5,0.13915551408690913,0.1264826636705485,0.5583512783561589,0.48114128907521564
zscore_l2,1,6,0.12594098108508325,0.11724211587751206,0.5359510532326873,0.41079094012578327
zscore_l2,1,7,0.1785069622180838,0.16467366557077456,0.5898333888447362,0.5218896369139353
zscore_l2,1,8,0.15207404118628606,0.14633792875169432,0.5658216841829876,0.48001083731651306
zscore_l2,1,9,0.16196392156602737,0.14530317550649086,0.578843230301971,0.5120149254798889
zscore_l2,1,10,0.18273674395905298,0.16195589553150136,0.6028714234992409,0.5518888831138611
zscore_l2,1,11,0.1579220090585017,0.13597397212761464,0.5933311568466445,0.5372979640960693
zscore_l2,1,12,0.12132912444676873,0.11659457261934855,0.506953215429312,0.3646906663974126
zscore_l2,1,13,0.14740216140254392,0.161551608691917,0.5131045384144405,0.40750940640767414
zscore_l2,1,14,0.2767984231975343,0.2491628508368838,0.6752615906160446,0.6757534941037496
zscore_l2,1,15,0.1183037057350735,0.10731770647934508,0.5165506423383821,0.38670435051123303
zscore_l2,1,16,0.10428700485720577,0.1003128883913076,0.49511664539645583,0.36711756388346356
zscore_l2,1,17,0.25520596193553424,0.22215084328397697,0.6660939648662285,0.6681955059369405
zscore_l2,1,18,0.22562379976722413,0.20880246388130116,0.6218508271199036,0.5668253401915232
zscore_l2,1,19,0.25261167434138965,0.21921695361267088,0.6649441643225465,0.6668235460917155
zscore_l2,2,3,0.1165989464460132,0.11585054958276984,0.4899128635859487,0.33846838648120564
zscore_l2,2,4,0.22759356832360855,0.20806733752936601,0.6326947873143803,0.6015851298967997
zscore_l2,2,5,0.24211563483280582,0.22823698027199313,0.6277196465297679,0.5882693827152252
zscore_l2,2,6,0.09907204180356209,0.0951275942268393,0.5099541288941799,0.38809984425703686
zscore_l2,2,7,0.06607752715984301,0.06114399199886033,0.46436882435642496,0.29121074080467224
zscore_l2,2,8,0.17591778883923054,0.1710517219290342,0.5761105303482489,0.49920786420504254
zscore_l2,2,9,0.27891302795634354,0.25939577014724535,0.6545849670723946,0.6160884996255239
zscore_l2,2,10,0.2137161581886056,0.2078176845600722,0.5956065747485774,0.5319035847981771
zscore_l2,2,11,0.15959681435434658,0.14996271903063405,0.5634957014387896,0.4847423533598582
zscore_l2,2,12,0.16294306364612013,0.14930728900732573,0.5597418115184513,0.47443877657254535
zscore_l2,2,13,0.08222111709732301,0.0844155450938488,0.4370857942472599,0.24727454315871
zscore_l2,2,14,0.15179897941579779,0.16550658809922036,0.5111863721154681,0.3777915382136901
zscore_l2,2,15,0.2215036044454479,0.2170215142656525,0.5687632389199789,0.45606729388237
zscore_l2,2,16,0.1414192951706914,0.13039032654172428,0.5233186365520054,0.3963719954093297
zscore_l2,2,17,0.18249595159295,0.17385802982519105,0.5609850470967537,0.4728013873100281
zscore_l2,2,18,0.21123728317639626,0.19957360612470323,0.61216546135472,0.56390380859375
zscore_l2,2,19,0.18298910714016517,0.18888459445548741,0.5232537816456218,0.408211766431729
zscore_l2,3,4,0.12425803530919766,0.12155131079813962,0.5341021387829042,0.4035193622112274
zscore_l2,3,5,0.11883477043277471,0.12351682702957642,0.5078831688327106,0.36118533213933307
zscore_l2,3,6,0.03156035604103556,0.02874257881842801,0.42868873272413693,0.22588387628396353
zscore_l2,3,7,0.22571296122601794,0.21746270326182307,0.6188103411697846,0.5309127569198608
zscore_l2,3,8,0.08127535045446324,0.08406123912012699,0.4577448300196873,0.28048092126846313
zscore_l2,3,9,0.11329594644945559,0.11619939089000156,0.4598630572163175,0.2467516710360845
zscore_l2,3,10,0.10422791920452962,0.10649064490820145,0.4826139385285411,0.33004626631736755
zscore_l2,3,11,0.195184292262888,0.17788741586695245,0.6146563294541305,0.5465149879455566
zscore_l2,3,12,0.08762678991941089,0.09090785675303541,0.4459379393507694,0.24283302451173464
zscore_l2,3,13,0.15678670132991476,0.1525879601912377,0.5544962587512903,0.4470512866973877
zscore_l2,3,14,0.2598097307739587,0.23625168549794628,0.6606934198651677,0.6140441298484802
zscore_l2,3,15,0.1277117687519884,0.13118884606872874,0.47789272119095594,0.29378386959433556
zscore_l2,3,16,0.09918312515833871,0.10245657641830247,0.473604602719729,0.3073025345802307
zscore_l2,3,17,0.1933994311212195,0.19122925169251387,0.5972400390008827,0.5256798466046652
zscore_l2,3,18,0.1574847963637696,0.1531588437499162,0.5610301157605118,0.4364571770032247
zscore_l2,3,19,0.24573310796437772,0.21907537817623474,0.6554654548692295,0.6087232828140259
zscore_l2,4,5,0.5224773366322613,0.4512493213405335,0.8137718844087706,0.8602930903434753
zscore_l2,4,6,0.04785819811875653,0.04344977745441296,0.46719056240196194,0.3347927729288737
zscore_l2,4,7,0.17900436541606857,0.16546512699126875,0.5960264827865185,0.5014276107152303
zscore_l2,4,8,0.22423748583504197,0.22520022157317784,0.6071441526706481,0.5494351983070374
zscore_l2,4,9,0.3906754598417752,0.358249034190225,0.7314149471872208,0.7487989068031311
zscore_l2,4,10,0.3424996800654044,0.3069874439084877,0.7071119450645966,0.7146468957265218
zscore_l2,4,11,0.27953430085841363,0.2677984072917047,0.6106166382514238,0.5150595406691233
zscore_l2,4,12,0.1829579818484334,0.17291715627489498,0.5823091204685382,0.5303415854771932
zscore_l2,4,13,0.15783437955789792,0.16892238825571307,0.4868415990361901,0.3380214472611745
zscore_l2,4,14,0.3009155353691251,0.2881756532471854,0.6466352944797482,0.5864419539769491
zscore_l2,4,15,0.2937545152274263,0.279395647807423,0.6456426846413689,0.6073599457740784
zscore_l2,4,16,0.3286838735789979,0.3074612232637468,0.6822032640704918,0.6680364807446798
zscore_l2,4,17,0.32842152807594943,0.29682123371070085,0.6989589138671881,0.6839601794878641
zscore_l2,4,18,0.167081363195457,0.1651301935293216,0.5184193430307907,0.3994304910302162
zscore_l2,4,19,0.25890522957416096,0.24815589067869848,0.596813535548733,0.5198109944661459
zscore_l2,5,6,0.07617578747632062,0.0713051724505428,0.487933140087697,0.36561285456021625
zscore_l2,5,7,0.1801607894304558,0.16030950309747308,0.5927067909682397,0.5049250821272532
zscore_l2,5,8,0.17793664268545215,0.18076322692923244,0.5686884908922826,0.49831889073054
zscore_l2,5,9,0.49078829614299097,0.4330957705949575,0.7929193831528938,0.8239733974138895
zscore_l2,5,10,0.5206477212159514,0.460036243639687,0.8095969872147896,0.8475059270858765
zscore_l2,5,11,0.2820621413612618,0.2787007352843202,0.6182849065045074,0.5334141055742899
zscore_l2,5,12,0.3263617004791417,0.29496217030257427,0.7030766508046955,0.7238132953643799
zscore_l2,5,13,0.15982810783191503,0.1727956676916594,0.5032070201588835,0.3389220138390859
zscore_l2,5,14,0.2223496420710753,0.2158290449069294,0.5899455108862808,0.5066592792669932
zscore_l2,5,15,0.37274076819377183,0.33071834361854346,0.7211557803858977,0.724401851495107
zscore_l2,5,16,0.3805953903106447,0.342995065736011,0.7304937876694334,0.7579562862714132
zscore_l2,5,17,0.3344317929539086,0.31908448857954297,0.6909213024184284,0.6678178906440735
zscore_l2,5,18,0.21214719643946064,0.19926431142427134,0.5866961701528927,0.5128959814707438
zscore_l2,5,19,0.29331359646565996,0.2816370828259779,0.6179221587230399,0.5432756841182709
zscore_l2,6,7,0.06076205591140945,0.05282018722690036,0.4642841832074159,0.29258203009764355
zscore_l2,6,8,0.22686564154546082,0.20094523975846665,0.6405938950647615,0.6335904399553934
zscore_l2,6,9,0.11379505836127829,0.1068046679950785,0.5435555658150888,0.4612213174502055
zscore_l2,6,10,0.14145126099000727,0.1257410500781786,0.5769228655315959,0.5052747130393982
zscore_l2,6,11,0.13564739464415584,0.11848900803137638,0.5488033170536526,0.43688273429870605
zscore_l2,6,12,0.14618919705047664,0.14580098487312632,0.5531760766738887,0.46803643306096393
zscore_l2,6,13,0.08999486569568248,0.08634520698916871,0.4663111738408285,0.282615814357996
zscore_l2,6,14,0.0540444841797752,0.050491385571813034,0.45033708062783945,0.27872273325920105
zscore_l2,6,15,0.08636316771470497,0.08289267964537714,0.5076116576144607,0.42292360464731854
zscore_l2,6,16,0.052481890188171745,0.05026136444192381,0.42273856987236774,0.1973888874053955
zscore_l2,6,17,0.1011906823419125,0.09455185373586056,0.5101157165422882,0.3859155575434367
zscore_l2,6,18,0.09358031546382417,0.0883175327811333,0.5047679348548954,0.39058740933736164
zscore_l2,6,19,0.08633797898100053,0.07788454606197691,0.5138069500276458,0.3884001473585765
zscore_l2,7,8,0.14984346434664306,0.14327775447332908,0.5658843406179683,0.4816544751326243
zscore_l2,7,9,0.12540811123653217,0.11283221521664491,0.5254566499912611,0.39366377393404645
zscore_l2,7,10,0.13076987412959074,0.11931264283452028,0.5392905312935916,0.41292161246140796
zscore_l2,7,11,0.3623669618302184,0.3070418319441836,0.7292670406266523,0.7285563349723816
zscore_l2,7,12,0.0728897833858509,0.06949710490325417,0.4606127359646838,0.269782026608785
zscore_l2,7,13,0.14714376246693386,0.156942829308819,0.5193833727409333,0.3774574398994446
zscore_l2,7,14,0.23240379628996982,0.22542472589053397,0.6331168938237244,0.577580471833547
zscore_l2,7,15,0.1456070723342725,0.1341342125505471,0.5332007655077424,0.3969314992427826
zscore_l2,7,16,0.19187894503381123,0.17506901855778187,0.5960088950152959,0.5344206690788269
zscore_l2,7,17,0.17443102516695158,0.1506042382874373,0.6060614055047525,0.5520922044912974
zscore_l2,7,18,0.16085004558716395,0.15610438939623447,0.5592361630957995,0.4375426073869069
zscore_l2,7,19,0.3022216694462107,0.2731173213100198,0.6917951948010548,0.6872338056564331
zscore_l2,8,9,0.23313042614724458,0.24057799022598295,0.596937749182993,0.543951412041982
zscore_l2,8,10,0.16569016533621483,0.17415689810083945,0.5438215808548317,0.4577397306760152
zscore_l2,8,11,0.23542743137349884,0.2195428578681163,0.6330036725464784,0.6097221970558167
zscore_l2,8,12,0.1312307040316098,0.14349401377078477,0.45441084813729016,0.2983131955067317
zscore_l2,8,13,0.1833905245457369,0.17223179756233423,0.5469148301186185,0.41966763138771057
zscore_l2,8,14,0.15408084701762595,0.17067198718157214,0.50940341180777,0.37510429819424945
zscore_l2,8,15,0.2382606277001162,0.2525353441588648,0.5865290863262773,0.5211660861968994
zscore_l2,8,16,0.13829579692954402,0.14343042951913076,0.4602840644899601,0.28634003301461536
zscore_l2,8,17,0.23702335993157148,0.2438410938975125,0.5854375452747704,0.49058527251084644
zscore_l2,8,18,0.14636911503850655,0.16558806039449836,0.4793041398315751,0.35341719289620716
zscore_l2,8,19,0.21013072950176379,0.2273018675101512,0.5638947239984039,0.4910074472427368
zscore_l2,9,10,0.6073969317977536,0.5436877550088801,0.8522385385441502,0.8934535185496012
zscore_l2,9,11,0.23533607952337118,0.22378451702396832,0.5737647613614254,0.46132172147432965
zscore_l2,9,12,0.305286526822482,0.26305393092752133,0.6893362045369854,0.6913479169209799
zscore_l2,9,13,0.11615243305368371,0.1155424711916664,0.4715204518298427,0.272788646320502
zscore_l2,9,14,0.24149719684406673,0.23933569357088222,0.5982315496035606,0.5286738276481628
zscore_l2,9,15,0.4624177764034007,0.4190151777006681,0.7594355644520365,0.7666451533635458
zscore_l2,9,16,0.32936571036427437,0.28124763393958613,0.7002812944159925,0.698976993560791
zscore_l2,9,17,0.3955281148178788,0.36683221386589093,0.72907907132171,0.7222376863161722
zscore_l2,9,18,0.2031358530095232,0.18740037604797802,0.5943996139484217,0.5290853381156921
zscore_l2,9,19,0.308233751081967,0.298363316038199,0.5976379623247956,0.4819742391506831
zscore_l2,10,11,0.2714627496485113,0.270410841354128,0.585457331517396,0.4788000484307607
zscore_l2,10,12,0.39564365095387766,0.3664765694904771,0.7396064516341787,0.7680021921793619
zscore_l2,10,13,0.15971779540544323,0.16948545056584283,0.501298746981224,0.3234446197748184
zscore_l2,10,14,0.25759669412603226,0.2431597558782678,0.6276492954448771,0.5706831912199656
zscore_l2,10,15,0.34790490738151847,0.30704149528463437,0.7097391183909828,0.7164133787155151
zscore_l2,10,16,0.294879974078475,0.2643670674917931,0.6788681829523932,0.6650585333506266
zscore_l2,10,17,0.3300801288950244,0.3063117057883408,0.6965087174887301,0.6765857537587484
zscore_l2,10,18,0.23762705427367772,0.2203469065250101,0.6298433699049051,0.5784318049748739
zscore_l2,10,19,0.24814280743116515,0.2343171837624151,0.5731074184119781,0.48699740568796795
zscore_l2,11,12,0.13993649609765582,0.13156915707391026,0.522431553340962,0.39577603836854297
zscore_l2,11,13,0.19210180310909564,0.19701143192972673,0.5502960791361766,0.42604820678631466
zscore_l2,11,14,0.28101431310535674,0.2632135351385883,0.6608198319708307,0.6146148343880972
zscore_l2,11,15,0.23319987706118328,0.21878448254611788,0.5611884057015157,0.4441770662864049
zscore_l2,11,16,0.30944333949871683,0.2830400829891677,0.6754253767355558,0.6471574008464813
zscore_l2,11,17,0.26116494619869257,0.24963095155376874,0.6436047016509421,0.6022291382153829
zscore_l2,11,18,0.17786722687294293,0.17189710326082694,0.5485252104211942,0.43472867210706073
zscore_l2,11,19,0.3225006721302439,0.30475722638467684,0.6905629515797665,0.6930395762125651
zscore_l2,12,13,0.14306496450741366,0.128083938561224,0.5496277438297152,0.43758609890937805
zscore_l2,12,14,0.12272535339952823,0.12302386744710664,0.4816587027040099,0.31529197096824646
zscore_l2,12,15,0.38406634382909566,0.33112008322398057,0.7389227270278975,0.7588997483253479
zscore_l2,12,16,0.2621173899134955,0.22044953449686233,0.6632579367565732,0.6449815233548483
zscore_l2,12,17,0.18236800033130462,0.17237183437765113,0.5633132283123544,0.4808536817630132
zscore_l2,12,18,0.2625406091359751,0.2393380033278358,0.6571351938996816,0.6344628433386484
zscore_l2,12,19,0.137211794468142,0.13590921495635144,0.5038522715156152,0.3553912105659644
zscore_l2,13,14,0.1979206558738639,0.19575045086561757,0.5917042880085477,0.5339519182840983
zscore_l2,13,15,0.13192448155126146,0.12207890244252372,0.5258106038871173,0.3811011537909508
zscore_l2,13,16,0.16593106855597126,0.15632130151191156,0.5391542260666159,0.4102286621928215
zscore_l2,13,17,0.1579557720506578,0.18168197774615255,0.4782444766154093,0.2951857273777326
zscore_l2,13,18,0.15980129836013704,0.15828164889116714,0.5513579408237452,0.43114331861337024
zscore_l2,13,19,0.17600569922687573,0.18666455000195217,0.5496750109648761,0.45128952463467914
zscore_l2,14,15,0.25768105415860426,0.24911218010039698,0.6245593438881946,0.5304305851459503
zscore_l2,14,16,0.1835020968169002,0.18381818610421788,0.5532860002440303,0.45532233516375226
zscore_l2,14,17,0.2517828453075917,0.24367629381700617,0.6425582292631933,0.6060335636138916
zscore_l2,14,18,0.20832427795206604,0.20286815074793776,0.6094569445864291,0.5417432387669882
zscore_l2,14,19,0.3938337919969154,0.34881750287574365,0.7463953313261289,0.7587794264157613
zscore_l2,15,16,0.27311195998557347,0.23262776230068388,0.6631776925503697,0.6440061132113138
zscore_l2,15,17,0.26226355731755924,0.25204599007054806,0.6266094184713369,0.5809628764788309
zscore_l2,15,18,0.322369004801883,0.28267115477982174,0.7021741782938323,0.699586808681488
zscore_l2,15,19,0.3121090342169628,0.30153531382960846,0.6468793248054627,0.5762198766072592
zscore_l2,16,17,0.22676999201732206,0.21899134159083816,0.603538659570001,0.5383227268854777
zscore_l2,16,18,0.19432459128498017,0.1848389588921524,0.5795423442080722,0.5009866605202357
zscore_l2,16,19,0.18563620471893247,0.19203070357710192,0.5166253903660785,0.39866873621940613
zscore_l2,17,18,0.16134102877441078,0.16047816465448458,0.5281926476520875,0.4251598169406255
zscore_l2,17,19,0.31813408709353547,0.30916188861267474,0.6622719223324023,0.6373014450073242
zscore_l2,18,19,0.2665959080411824,0.2475991011648467,0.6570109802654215,0.6253398259480795
pca64_l2,0,1,0.036536699435072297,0.03594476769045566,0.42703658146490747,0.21691514551639557
pca64_l2,0,2,0.12842831053009607,0.12639769066825052,0.5389431728119438,0.45636000235875446
pca64_l2,0,3,0.0797061265869319,0.08194864808561843,0.45399863474925883,0.3248281379540761
pca64_l2,0,4,0.12060342245861058,0.10798106851595048,0.5560846543398376,0.45363765954971313
pca64_l2,0,5,0.13366017605888728,0.12964681676248274,0.5519757112879415,0.4377886950969696
pca64_l2,0,6,0.1812366649260862,0.17213577714516085,0.5988899917887093,0.5253713528315226
pca64_l2,0,7,0.0904010088159519,0.0832870833934047,0.4886861165431675,0.3292568822701772
pca64_l2,0,8,0.2067055916513117,0.19485454661144266,0.6112333094799186,0.5496446192264557
pca64_l2,0,9,0.030723896533989725,0.027526223698582923,0.44555540532667637,0.25144848227500916
pca64_l2,0,10,0.07134329707904065,0.06486728271739191,0.49839896320088645,0.4047679305076599
pca64_l2,0,11,0.09228231871431218,0.09676830633534322,0.4429205373503803,0.22004416584968567
pca64_l2,0,12,0.0943957918040158,0.10115650477612029,0.43809159491405625,0.2562694400548935
pca64_l2,0,13,0.1763094773096999,0.16418559833138163,0.5817419148466072,0.5362043976783752
pca64_l2,0,14,0.16682986639116706,0.1556850490422766,0.5843251187449366,0.5481207569440206
pca64_l2,0,15,0.08661549970825448,0.08505149510500694,0.4819906718858378,0.3406710922718048
pca64_l2,0,16,0.06642903331078066,0.06254216371800725,0.4662540135843548,0.3480624854564667
pca64_l2,0,17,0.10593896587631046,0.11814406973415763,0.4917870604568643,0.34182033439477283
pca64_l2,0,18,0.0744413098965296,0.07735368432532262,0.44966874532137807,0.2571155329545339
pca64_l2,0,19,0.16147804968443555,0.14902476043336152,0.5805437479320629,0.4814739227294922
pca64_l2,1,2,0.06972463953609574,0.06895589893704485,0.4907889544399779,0.34984305997689563
pca64_l2,1,3,0.07833957008461817,0.07996450398036407,0.48122450460195026,0.34906272093455
pca64_l2,1,4,0.12929219929225794,0.1098600989393644,0.5726644264243071,0.5284782747427622
pca64_l2,1,5,0.04062285547516161,0.035434175591358766,0.44305684257735595,0.2875172644853592
pca64_l2,1,6,0.1018210912982928,0.08651805343292424,0.532566506508025,0.42879049479961395
pca64_l2,1,7,0.016368801952834987,0.015032439103384186,0.4038712882932497,0.18478183448314667
pca64_l2,1,8,0.0908669419483412,0.07861532894556231,0.5330864449947951,0.4667846163113912
pca64_l2,1,9,0.16914421720335518,0.15526953511235006,0.5883230389909896,0.5515121320883433
pca64_l2,1,10,0.06778135257263039,0.0684441191566404,0.4368945272352134,0.25261207421620685
pca64_l2,1,11,0.04451986488230463,0.045021774059912985,0.44062203549871776,0.22468091050783792
pca64_l2,1,12,0.27996203834370476,0.24328032071608313,0.6836058888254997,0.6593056519826254
pca64_l2,1,13,0.05364124946064459,0.05327697161961446,0.41879121446858,0.1849727729956309
pca64_l2,1,14,0.059876162037092256,0.06288761926906204,0.4366285121954705,0.24460716545581818
pca64_l2,1,15,0.0451298223368993,0.0409840744705305,0.46858109556425415,0.3511551121870677
pca64_l2,1,16,0.09043223907982816,0.09289858746960274,0.4915254423599271,0.32993394136428833
pca64_l2,1,17,0.12878059151834703,0.11819825575743832,0.5616094129751583,0.5176713069279989
pca64_l2,1,18,0.15919988131385981,0.14052393382463285,0.5901433733125357,0.5876343250274658
pca64_l2,1,19,0.07058229834755299,0.06435245754265904,0.491712312429168,0.38741205135981244
pca64_l2,2,3,0.18536349002358957,0.19313542905100559,0.5800941605301834,0.45046253750721615
pca64_l2,2,4,0.2639283648835949,0.24567540866512855,0.6658587284261254,0.6824094653129578
pca64_l2,2,5,0.19692611033819815,0.16877695080870322,0.620960446201756,0.6157289147377014
pca64_l2,2,6,0.16609076849953844,0.14648453754454,0.5998902962769986,0.6006426811218262
pca64_l2,2,7,0.1321104783278727,0.12567194176766758,0.5189260906891439,0.42382075389226276
pca64_l2,2,8,0.1969425918003632,0.18597087791418113,0.6103978903468419,0.6106861233711243
pca64_l2,2,9,0.10032043191630564,0.10716543070799062,0.48277552617664937,0.3663877968986829
pca64_l2,2,10,0.3043018287710494,0.28418609705304765,0.6866628633111398,0.6966420213381449
pca64_l2,2,11,0.2587632696671738,0.24297031670985605,0.6535703725199868,0.6073978145917257
pca64_l2,2,12,0.17674616020250636,0.15623734978985795,0.6002849218938072,0.5870720942815145
pca64_l2,2,13,0.12998134049811566,0.13243076393389058,0.4983143220518773,0.4113094098865986
pca64_l2,2,14,0.31583133707656713,0.2884141170453552,0.697803617144999,0.7085117896397909
pca64_l2,2,15,0.11406817923314265,0.12032092541244437,0.4972997274994696,0.3190218061208725
pca64_l2,2,16,0.166814255532942,0.1687212811662902,0.5671275761962707,0.4557664096355438
pca64_l2,2,17,0.38162172748895573,0.32698079425347565,0.7442507224726648,0.7878567179044088
pca64_l2,2,18,0.19615199921103996,0.19917218832640735,0.5880185507016971,0.5351729691028595
pca64_l2,2,19,0.2608119359304677,0.23429951185580314,0.6654443165666912,0.6947134931882223
pca64_l2,3,4,0.14490990433109746,0.14610163413794316,0.5400325153920479,0.42619994282722473
pca64_l2,3,5,0.07072468840476372,0.06443015388584646,0.4551583284142536,0.26101675629615784
pca64_l2,3,6,0.07781182464068177,0.08038830326592589,0.4426116521182822,0.24099492033322653
pca64_l2,3,7,0.09932816637993472,0.10681165125543222,0.45006337093818666,0.2574257254600525
pca64_l2,3,8,0.11216094944094072,0.11356585632362426,0.5029805776043916,0.35674019654591876
pca64_l2,3,9,0.12905593052245973,0.14525224800442724,0.45963881313322846,0.31082021196683246
pca64_l2,3,10,0.31078784502202517,0.3140628453121679,0.6142474137732035,0.5423034032185873
pca64_l2,3,11,0.4088771847701553,0.3852654377036614,0.7441495927881344,0.7706765333811442
pca64_l2,3,12,0.09926281157874976,0.10507853104766261,0.46881633200435735,0.31593044102191925
pca64_l2,3,13,0.1820094444845856,0.18470252960342565,0.5225359807325967,0.4067351271708806
pca64_l2,3,14,0.3162769250924198,0.31029107444777265,0.6442983193785361,0.5344769259293874
pca64_l2,3,15,0.1556050001659163,0.143970206668458,0.5677090718823202,0.4883362551530202
pca64_l2,3,16,0.34128244105225,0.32304538925775694,0.6939980631466941,0.7044356862703959
pca64_l2,3,17,0.21540762534276942,0.21229833760673006,0.6050490094237476,0.5090862661600113
pca64_l2,3,18,0.2431182108469199,0.24225392421208308,0.5998771054485816,0.5194523533185323
pca64_l2,3,19,0.14164610476175094,0.13063701499748762,0.5469456087182581,0.4167049725850423
pca64_l2,4,5,0.1476439051926951,0.1304965111571472,0.5771723920358175,0.5598899523417155
pca64_l2,4,6,0.34735228618486913,0.3012288235429889,0.7137920004221066,0.7505241831143697
pca64_l2,4,7,0.09219645129952027,0.08866616441832359,0.4582658677421589,0.31523531178633374
pca64_l2,4,8,0.35960125604849813,0.314055906627872,0.7259693335224019,0.7771196365356445
pca64_l2,4,9,0.15462498875646621,0.14449210741034466,0.5774263154828447,0.4978494644165039
pca64_l2,4,10,0.1982261025419595,0.17789581131722357,0.6163843279767578,0.6176509459813436
pca64_l2,4,11,0.16653267416522738,0.16083646829335585,0.5816506782833896,0.5306118627389272
pca64_l2,4,12,0.13441228184608658,0.1339121372339875,0.5068498872733789,0.36736784875392914
pca64_l2,4,13,0.14528541885127,0.140093337176209,0.5099717166654025,0.4321006586154302
pca64_l2,4,14,0.22392275855069438,0.19603131939103505,0.643506869673516,0.6468514601389567
pca64_l2,4,15,0.14306536032501632,0.13636126372452292,0.5552415405568508,0.43965930740038556
pca64_l2,4,16,0.10022926212142765,0.09825017154992122,0.47655934828513735,0.2974206209182739
pca64_l2,4,17,0.1738860498105553,0.1766846939281193,0.5461783421986692,0.4758305052916209
pca64_l2,4,18,0.2944102324050153,0.25641160068096663,0.6912433784789436,0.7276332775751749
pca64_l2,4,19,0.2776617417630602,0.24179822277053367,0.6798915713904122,0.715009609858195
pca64_l2,5,6,0.24557337061450754,0.21622837475193893,0.6582245364797856,0.6903650959332784
pca64_l2,5,7,0.102031288761074,0.09847873082534049,0.515503070714932,0.4453002413113912
pca64_l2,5,8,0.21425752088595176,0.19076801417558753,0.630360010684571,0.6448010007540385
pca64_l2,5,9,0.08449055068486293,0.0950494748513328,0.4181558562331611,0.16014693677425385
pca64_l2,5,10,0.061951725452452,0.05869253996278124,0.469851812035092,0.366713414589564
pca64_l2,5,11,0.058582226108693736,0.050378241249352515,0.4598234847310665,0.31692978243033093
pca64_l2,5,12,0.06414043073267889,0.0577334324409922,0.48830358251907446,0.3834509551525116
pca64_l2,5,13,0.08025322063964488,0.07546420577806172,0.45183533888887056,0.2340859261651834
pca64_l2,5,14,0.0737055941409205,0.06612580850038055,0.4951957903669579,0.376851350069046
pca64_l2,5,15,0.09943808043834429,0.0975576110006379,0.5057253691508294,0.3596874574820201
pca64_l2,5,16,0.05597205855502224,0.04931326705282868,0.4710686659565604,0.31343058745066327
pca64_l2,5,17,0.18336985173164505,0.15870805923114806,0.6159523283461009,0.605792780717214
pca64_l2,5,18,0.09206778866265647,0.08182648932841541,0.5080337641238047,0.41130905350049335
pca64_l2,5,19,0.22142409045488126,0.19208137388140228,0.6409577420819305,0.6624283393224081
pca64_l2,6,7,0.08605643145903769,0.0760196681053499,0.5060749261038799,0.421436404188474
pca64_l2,6,8,0.3701777522482058,0.3200512155945806,0.7378487737476133,0.7965323328971863
pca64_l2,6,9,0.06459826363685747,0.062111317297527266,0.4553627862547171,0.276005569845438
pca64_l2,6,10,0.10074627570933667,0.08594334495582108,0.543089489877688,0.5092227955659231
pca64_l2,6,11,0.08832605960997732,0.0856973514848441,0.4636510234433998,0.33081168433030445
pca64_l2,6,12,0.0940947749617887,0.08830805405617034,0.473789274317567,0.2861289009451866
pca64_l2,6,13,0.12367902076667418,0.11397546479729088,0.5006436025031795,0.412058691183726
pca64_l2,6,14,0.14149690542546817,0.11991266797205885,0.5819881436437245,0.5483881632486979
pca64_l2,6,15,0.11819538801180604,0.13140588305532402,0.45026343183584455,0.2866656730572383
pca64_l2,6,16,0.042813477136201296,0.03974878582308277,0.443096415062607,0.2848052382469177
pca64_l2,6,17,0.10085229193701749,0.09293430890258453,0.5194559222972267,0.4601215620835622
pca64_l2,6,18,0.14516844045483224,0.13455452162758044,0.5570739664711126,0.5176529089609782
pca64_l2,6,19,0.31815072531928135,0.2733536256269377,0.707403242525472,0.7613233129183451
pca64_l2,7,8,0.13291857726101344,0.12411415542298815,0.5455616709701744,0.46751686930656433
pca64_l2,7,9,0.08081177120055527,0.07786319761462632,0.4928840976868783,0.4024312496185303
pca64_l2,7,10,0.08605098908006063,0.07960093428866935,0.4626364288909921,0.3211216926574707
pca64_l2,7,11,0.17890398951228845,0.17810773199150182,0.5720059842391585,0.5072816212972006
pca64_l2,7,12,0.08895176274238117,0.08026259819455683,0.49760971196726916,0.3883313834667206
pca64_l2,7,13,0.10195931138977697,0.08703045989686956,0.5312232404808936,0.4519575238227844
pca64_l2,7,14,0.06440979757130726,0.061409451194356125,0.45677750260244054,0.2937638958295186
pca64_l2,7,15,0.0978332586729574,0.10381116705238705,0.4697122091010121,0.29252734283606213
pca64_l2,7,16,0.08151191275995677,0.07940107885059901,0.48047262738218116,0.32326952119668323
pca64_l2,7,17,0.0814861852254328,0.07091663182005695,0.5061090024106238,0.3904300034046173
pca64_l2,7,18,0.10696406324873746,0.10293005173020109,0.4927532886384097,0.3602813556790352
pca64_l2,7,19,0.142814654255686,0.1307379253401595,0.5531551911955618,0.4798781176408132
pca64_l2,8,9,0.10957834042803266,0.10066406157861425,0.5396433859537464,0.44272580742836
pca64_l2,8,10,0.14417638185613074,0.13071569451648588,0.5681223845060529,0.5418577194213867
pca64_l2,8,11,0.12736934265710975,0.1320067526158916,0.5197252350440739,0.42751344045003253
pca64_l2,8,12,0.12037010701737658,0.1172717605407355,0.5012009150037978,0.4149232357740402
pca64_l2,8,13,0.15917777551297632,0.15212775878892076,0.5595362544422863,0.39967069029808044
pca64_l2,8,14,0.2248251391062769,0.19475133319813262,0.6456591731768901,0.6600640416145325
pca64_l2,8,15,0.12465145488997287,0.14211516859769033,0.4774002635967212,0.3292451351881027
pca64_l2,8,16,0.08792481768368303,0.08630331486894374,0.4616680022380439,0.29777605334917706
pca64_l2,8,17,0.13875260879882081,0.1388674406577337,0.5464608457739334,0.49796300133069354
pca64_l2,8,18,0.271917869090597,0.25464407805022915,0.664396744943241,0.6893176833788554
pca64_l2,8,19,0.3909903434149324,0.33760774473853067,0.7482948106181772,0.8060942888259888
pca64_l2,9,10,0.11947589499381595,0.1125043406147959,0.4834713423756462,0.34697968885302544
pca64_l2,9,11,0.12109687218959003,0.13376875314798772,0.47037944517177205,0.3207535892724991
pca64_l2,9,12,0.11571882897853311,0.10647471053100452,0.5348144435174224,0.46085698405901593
pca64_l2,9,13,0.05787927340629662,0.0500142669007019,0.4716116883930603,0.30862054725488025
pca64_l2,9,14,0.08069185617522519,0.08333857836537553,0.431481890641437,0.2438984364271164
pca64_l2,9,15,0.11305355092242199,0.10111401102427318,0.5404952936223444,0.46392284830411273
pca64_l2,9,16,0.16056895359213688,0.16263305560418145,0.555576807445783,0.4514048993587494
pca64_l2,9,17,0.19772367017920203,0.18500646050213193,0.5787750776884832,0.5318833589553833
pca64_l2,9,18,0.1401621833733118,0.12722501291110563,0.5667736223004145,0.4974430898825328
pca64_l2,9,19,0.07276665593358295,0.07180116894626447,0.4871526827396911,0.3224146117766698
pca64_l2,10,11,0.31644468469801684,0.3064429098127276,0.6750901098466237,0.6649319728215536
pca64_l2,10,12,0.12434067607386454,0.11849955718432809,0.5245585744232035,0.43440696100393933
pca64_l2,10,13,0.17563747002554594,0.15821904648425109,0.5596978420903945,0.4902878900369008
pca64_l2,10,14,0.37989092061994506,0.3692348657290228,0.7001317983605999,0.7141144871711731
pca64_l2,10,15,0.1662919888485583,0.1573563691839938,0.5519438334526005,0.43533432483673096
pca64_l2,10,16,0.2894854100899655,0.27089634815292724,0.6550015774032315,0.6126111447811127
pca64_l2,10,17,0.20499128836811642,0.19604924854767414,0.6023251033556368,0.5734531184037527
pca64_l2,10,18,0.2511970709669919,0.24431103245407912,0.5796137945286642,0.5164684057235718
pca64_l2,10,19,0.1409812132831261,0.12593456174551573,0.5541093277843915,0.5194618801275889
pca64_l2,11,12,0.14462923132759292,0.13547212859768004,0.5258435809581598,0.39105144639809925
pca64_l2,11,13,0.20170645802348766,0.20411410301636293,0.5646674866964999,0.49714994927247363
pca64_l2,11,14,0.2797351303785409,0.27249572750324963,0.6517148626559953,0.5928127467632294
pca64_l2,11,15,0.15918599760083124,0.15476206961320005,0.5590569876764685,0.45177120963732403
pca64_l2,11,16,0.4429511439918147,0.4170000375397255,0.763200446729389,0.7924317717552185
pca64_l2,11,17,0.1854988567612716,0.17579703081931913,0.5910656320660245,0.5139532585938772
pca64_l2,11,18,0.23044731824128437,0.2360689437182553,0.6062779549379317,0.5611621737480164
pca64_l2,11,19,0.1921628095933083,0.18323356360476187,0.593179462319849,0.5574590166409811
pca64_l2,12,13,0.16511021466462442,0.1693106542957285,0.5039632943214583,0.37694141268730164
pca64_l2,12,14,0.1389509672071014,0.13761370871795914,0.549643133129535,0.4918137788772583
pca64_l2,12,15,0.07423469573346304,0.0713843957534047,0.4699122699986699,0.3641333431005478
pca64_l2,12,16,0.13972398761697005,0.14464210294821786,0.524274971612238,0.3979697823524475
pca64_l2,12,17,0.327987514258442,0.2832289039444984,0.7105294688603014,0.746409555276235
pca64_l2,12,18,0.11687779953422346,0.11820681870042461,0.512958340066152,0.40171284476915997
pca64_l2,12,19,0.09413682443581192,0.0982384203289195,0.4363306193203865,0.29623177523414296
pca64_l2,13,14,0.14338466464736185,0.13500719025186247,0.5151062466267204,0.37248284618059796
pca64_l2,13,15,0.13567614146880125,0.13370349829879874,0.49739316253409005,0.33206014335155487
pca64_l2,13,16,0.21259381497746735,0.18698821777167923,0.6155401149580697,0.5970965425173441
pca64_l2,13,17,0.15696724141881205,0.16234610953357098,0.48357137282447515,0.3314461608727773
pca64_l2,13,18,0.17552831757172332,0.16454084017655068,0.5658194857115847,0.5088609457015991
pca64_l2,13,19,0.2180698782866093,0.19862836816665097,0.572481953297872,0.5476468602816263
pca64_l2,14,15,0.14598902293255062,0.1371829904926826,0.5553426702413812,0.41527002056439716
pca64_l2,14,16,0.23956647256956184,0.23306486464769471,0.5883010542769612,0.5071435272693634
pca64_l2,14,17,0.19619661473295386,0.19384445663383398,0.5938543930405189,0.5531088610490164
pca64_l2,14,18,0.2782769977692499,0.2702157550421008,0.6377018059343339,0.6038337846597036
pca64_l2,14,19,0.1801359770583424,0.15679221704494503,0.6079597855610994,0.5871116518974304
pca64_l2,15,16,0.1231878205315744,0.1208026045281459,0.5291324941767989,0.3624301850795746
pca64_l2,15,17,0.10101483470925793,0.09706664225278631,0.49014370308324623,0.37178052465120953
pca64_l2,15,18,0.2610691831024042,0.23599847672026786,0.6615112512270218,0.62967449426651
pca64_l2,15,19,0.14580554823373984,0.15829458205213554,0.4832152204572161,0.30682772397994995
pca64_l2,16,17,0.22593928185997558,0.22393843710663555,0.5862861552362643,0.46908967196941376
pca64_l2,16,18,0.20587413870072388,0.21335971270666468,0.5653182342317387,0.41977425664663315
pca64_l2,16,19,0.15106912057513783,0.13496503035276136,0.5484306761508723,0.46947814027468365
pca64_l2,17,18,0.18648962727491017,0.18733232980439948,0.5502938806647738,0.4748365432024002
pca64_l2,17,19,0.11912284032182582,0.10776653717649792,0.5464399602956065,0.4892427325248718
pca64_l2,18,19,0.30628860192459934,0.27055325504961475,0.6923755912514029,0.7151856422424316
pca128_l2,0,1,0.09240655621039917,0.09283513555745804,0.4797746127117815,0.27555795510609943
pca128_l2,0,2,0.13977976033671635,0.1658302692271965,0.46334653515410734,0.25782201687494916
pca128_l2,0,3,0.01925277620248443,0.018212827314683204,0.38447417510604875,0.12917756413420042
pca128_l2,0,4,0.06358865715134854,0.06617738298315796,0.4263924293438772,0.23406325777371725
pca128_l2,0,5,0.051597488021439,0.04821251942627166,0.43887534996916644,0.24068108201026917
pca128_l2,0,6,0.13262230658731766,0.12138701465676759,0.5263008630099492,0.40144158403078717
pca128_l2,0,7,0.09716611615848894,0.09466595221792196,0.47215910777236586,0.29824021955331165
pca128_l2,0,8,0.12985067336769857,0.1329147929845536,0.49806809325476,0.3407939871152242
pca128_l2,0,9,0.095033518252797,0.10582662540744366,0.4729659467772058,0.31299778322378796
pca128_l2,0,10,0.037050909323201486,0.036658194087754135,0.43032659391924794,0.2342083752155304
pca128_l2,0,11,0.054610245403413325,0.05400205351263156,0.4439999868091716,0.23392203450202942
pca128_l2,0,12,0.07682284581744325,0.07740493095122326,0.4626683067263332,0.26835543910662335
pca128_l2,0,13,0.09855043037573231,0.09868335658472675,0.4540557950057325,0.28081362694501877
pca128_l2,0,14,0.12384707959599683,0.12177283514602892,0.512939653059228,0.36971475680669147
pca128_l2,0,15,0.050367237193719876,0.05097290962692774,0.40573119510004696,0.1693517118692398
pca128_l2,0,16,0.05183037819391392,0.04693338958151015,0.4597597290603843,0.2745937655369441
pca128_l2,0,17,0.07758267125103926,0.07680102076520848,0.4899260544143657,0.3337421963612239
pca128_l2,0,18,0.10607363581151119,0.10521012774176026,0.4768825235813539,0.3012120723724365
pca128_l2,0,19,0.03771855171782563,0.03586368563004822,0.4183647110164303,0.2099248319864273
pca128_l2,1,2,0.12872683763988305,0.11590286043933296,0.564488311277169,0.448529710372289
pca128_l2,1,3,0.10268623319944106,0.1014183550692366,0.4996465957219945,0.33480607469876605
pca128_l2,1,4,0.1608173909709987,0.14044848027728757,0.5956967120760935,0.5040717124938965
pca128_l2,1,5,0.08591891842306684,0.081590881189671,0.4589957602478996,0.23549802601337433
pca128_l2,1,6,0.078634550333949,0.07489576698733165,0.4568995177652978,0.28291202957431477
pca128_l2,1,7,0.17574881991473829,0.16833431981456862,0.5636913653936418,0.466378649075826
pca128_l2,1,8,0.10194552365439172,0.10541881566831428,0.463648824971997,0.28855599959691364
pca128_l2,1,9,0.12291832231212134,0.10551986385403136,0.5565496310415369,0.4386986196041107
pca128_l2,1,10,0.08016782959890276,0.07328510425736431,0.49248727359866684,0.30218515545129776
pca128_l2,1,11,0.24547275864191326,0.2236348406878079,0.6501407571315664,0.5970425009727478
pca128_l2,1,12,0.1121915066758802,0.0967387625861195,0.5489583092875524,0.4567716221014659
pca128_l2,1,13,0.1994292769155765,0.17629233007883505,0.6140517498183513,0.5448057055473328
pca128_l2,1,14,0.06573061641465237,0.06217773628926212,0.4639335270186639,0.2911929339170456
pca128_l2,1,15,0.10297454946881195,0.10120220684988807,0.46979794948572257,0.27425350745519
pca128_l2,1,16,0.04299250324930178,0.037318419082977256,0.4400130589201328,0.22793786724408469
pca128_l2,1,17,0.07270023621812133,0.06405464296745421,0.4765439589853175,0.28484103083610535
pca128_l2,1,18,0.11523545387517106,0.1064051236051735,0.5383957534326382,0.3949997027715047
pca128_l2,1,19,0.08719840300536064,0.08693306480384216,0.47653516509970617,0.30601174136002857
pca128_l2,2,3,0.06667375741246491,0.06862178509018628,0.4372561757809795,0.24596357345581055
pca128_l2,2,4,0.3580697844390382,0.3463932720563417,0.7152759686190192,0.7243047753969828
pca128_l2,2,5,0.24341794416696388,0.2236611032401203,0.6346942970552575,0.6077972451845804
pca128_l2,2,6,0.15649930559517705,0.14943485901538728,0.5766821329129856,0.5134868423144022
pca128_l2,2,7,0.1705535828189108,0.17444104589839285,0.5576147904362097,0.4499630182981491
pca128_l2,2,8,0.23795032523137277,0.22633953498159115,0.6413018028564739,0.6075777212778727
pca128_l2,2,9,0.15543047219900966,0.15872489241215762,0.5124076229797422,0.3584604288140933
pca128_l2,2,10,0.2547268303391623,0.23458030466857208,0.6459372798093486,0.5993073880672455
pca128_l2,2,11,0.3480329859521217,0.31445230892137094,0.7128686424329164,0.7114217082659403
pca128_l2,2,12,0.041577775398089406,0.040922612501380816,0.42200757813092554,0.18186752249797186
pca128_l2,2,13,0.17226244798058885,0.17934615057237516,0.5690457424952431,0.4735702872276306
pca128_l2,2,14,0.20259536384038168,0.20309698884401442,0.5545072511083043,0.4764014979203542
pca128_l2,2,15,0.333839959210059,0.3011967015392453,0.6969758926618322,0.6819813450177511
pca128_l2,2,16,0.19348717077956526,0.1821894770246126,0.5466806929142167,0.429475540916125
pca128_l2,2,17,0.23264512956344968,0.2186568556262177,0.6103594170972922,0.5473242402076721
pca128_l2,2,18,0.26437418773211385,0.2474789863499586,0.6305435830467077,0.5592839419841766
pca128_l2,2,19,0.23886258576944558,0.23230523887204754,0.6273799826980301,0.5853566626707712
pca128_l2,3,4,0.20998312735006275,0.19478992704888637,0.6250100305257754,0.5567290186882019
pca128_l2,3,5,0.09012549286731536,0.08858099064229924,0.4683414621813453,0.3085669328769048
pca128_l2,3,6,0.07479465543267808,0.07428989044204262,0.45893640152002313,0.2732256551583608
pca128_l2,3,7,0.12055800426846291,0.1372189784814885,0.44016695191833116,0.25641168157259625
pca128_l2,3,8,0.07604527688520542,0.07425679008243545,0.47472032695666705,0.28124743948380154
pca128_l2,3,9,0.10200302303240949,0.09598777570962176,0.49612684300605786,0.3240736126899719
pca128_l2,3,10,0.0831181223446414,0.0816902371207982,0.4559200987553354,0.22435948749383292
pca128_l2,3,11,0.1510866943813621,0.14039346950992782,0.5694271772836347,0.45355454087257385
pca128_l2,3,12,0.0440280411453217,0.04466764333630558,0.4066501561464314,0.14190536240736643
pca128_l2,3,13,0.12756262209632396,0.11632597466039667,0.5520471616085336,0.4553520083427429
pca128_l2,3,14,0.08512238814190484,0.07869040103039734,0.5054714457038021,0.37997593482335407
pca128_l2,3,15,0.10627429760087073,0.10523626219733595,0.5016658917054971,0.3480031763513883
pca128_l2,3,16,0.07391286235308141,0.07013580961422952,0.48798040722285796,0.33474784592787427
pca128_l2,3,17,0.09632601634934451,0.09630961068783234,0.49583884325228667,0.35044707854588825
pca128_l2,3,18,0.1053043141161625,0.09895266609003915,0.5263844049232569,0.38145801424980164
pca128_l2,3,19,0.15517296114855705,0.13485256904975088,0.590252197646976,0.5178469717502594
pca128_l2,4,5,0.33008911748330777,0.3032409670580405,0.7040175965651083,0.7009870012601217
pca128_l2,4,6,0.1739225685716852,0.15365587221341875,0.6014567071515176,0.5632302065690359
pca128_l2,4,7,0.14678152142832984,0.17303888819718435,0.46222201703155796,0.2724510232607524
pca128_l2,4,8,0.16747962449486406,0.16646101672227168,0.5667912100716372,0.4854889114697774
pca128_l2,4,9,0.13538779729472747,0.14377521358107306,0.49367774586330126,0.34089842438697815
pca128_l2,4,10,0.2730018051273325,0.2564911860895682,0.6522161141358414,0.6133038600285848
pca128_l2,4,11,0.45509368164014674,0.4249791651907192,0.764555804349236,0.7588808139165243
pca128_l2,4,12,0.03863778465605831,0.04119652938264406,0.40734377387402537,0.16092380012075105
pca128_l2,4,13,0.26586131183494693,0.2623861227522605,0.6510256418712069,0.6233121355374655
pca128_l2,4,14,0.2575078537997164,0.2329050887845527,0.6581047197883312,0.6348987817764282
pca128_l2,4,15,0.2928036133363936,0.29927449503654746,0.6482094000041771,0.5982528825600942
pca128_l2,4,16,0.23059583315516508,0.22927154180437342,0.6065791455201198,0.5476624667644501
pca128_l2,4,17,0.27596545744231626,0.26743236684570615,0.6566427363054468,0.6140621701876322
pca128_l2,4,18,0.1809108415082932,0.17875981231238303,0.5542258467687416,0.4122442702452342
pca128_l2,4,19,0.31795316003921614,0.282918166485432,0.7015553085939347,0.6907419959704081
pca128_l2,5,6,0.13985711950706664,0.12250640916887556,0.5774845749750198,0.5243138273557028
pca128_l2,5,7,0.17554528703828803,0.18698120751887656,0.5140224002251235,0.3623431573311488
pca128_l2,5,8,0.16723076917240146,0.15344991099484068,0.5810515948261173,0.5389935374259949
pca128_l2,5,9,0.2187595117054646,0.20131360505169626,0.6018854090750702,0.5292146305243174
pca128_l2,5,10,0.557674836530238,0.4867408870837918,0.8302076566163547,0.8755998611450195
pca128_l2,5,11,0.2107387175397402,0.20477040655607603,0.5670649197612899,0.45987653235594433
pca128_l2,5,12,0.08457650529040574,0.08717261506093549,0.47185791719017767,0.2517540603876114
pca128_l2,5,13,0.19255177489709246,0.2144518287552747,0.523125171068556,0.4108910908301671
pca128_l2,5,14,0.19664779652008416,0.17348761826864065,0.6156896110134623,0.5741388201713562
pca128_l2,5,15,0.24904055942726983,0.23097475847995913,0.6029472707626388,0.5506386160850525
pca128_l2,5,16,0.3978117067330551,0.3723815452000959,0.7396504210622354,0.7567391196886698
pca128_l2,5,17,0.385433987660024,0.35333373622204495,0.7271224317731881,0.7212462226549784
pca128_l2,5,18,0.21277391561055214,0.18753264107186204,0.6249341832623777,0.5946747263272604
pca128_l2,5,19,0.2233927333926201,0.206840889801812,0.6035628427554321,0.5569599767525991
pca128_l2,6,7,0.13509023409850401,0.1283905343063409,0.530834111042592,0.3913288364807765
pca128_l2,6,8,0.18652321159392263,0.16792129307350775,0.6071034809496957,0.5639936029911041
pca128_l2,6,9,0.13227071637168952,0.12837029071668699,0.5550414796591929,0.479808767636617
pca128_l2,6,10,0.18534665954895496,0.16109631512885722,0.6154411837449422,0.581406811873118
pca128_l2,6,11,0.1021107110958156,0.09524651238224055,0.48384398327842654,0.3288773645957311
pca128_l2,6,12,0.06068972828421128,0.05727891885184608,0.46667502085799745,0.2606142709652583
pca128_l2,6,13,0.1363667749689477,0.1272750998139193,0.5567079209825408,0.46921996275583905
pca128_l2,6,14,0.30805364598868096,0.2731013711735657,0.6978750674655911,0.6904484629631042
pca128_l2,6,15,0.12038721680304361,0.10489919349917187,0.5607981770275128,0.48571015397707623
pca128_l2,6,16,0.09843939133848335,0.10318552325057613,0.45599484678303176,0.3078332543373108
pca128_l2,6,17,0.15908001185182954,0.139590904944843,0.5922198295525122,0.5492976804574331
pca128_l2,6,18,0.26355107594255994,0.24619647487719562,0.6556523249384703,0.6386547684669495
pca128_l2,6,19,0.10532002432975003,0.09700695297515576,0.5208805317662629,0.42184463143348694
pca128_l2,7,8,0.22563471999868837,0.20363157401756843,0.6176242658479559,0.5505882004896799
pca128_l2,7,9,0.09994970168101937,0.09608686832845911,0.46443258002710713,0.2529231086373329
pca128_l2,7,10,0.14560311449429056,0.15629942469809258,0.48618645455814574,0.3167642429471016
pca128_l2,7,11,0.13842815273217135,0.148256699281774,0.483077815994539,0.2960160622994105
pca128_l2,7,12,0.08938773211713122,0.08260441736339784,0.4991112679354045,0.33056802054246265
pca128_l2,7,13,0.24415103954125608,0.2327018585434079,0.6197161113877521,0.5605203708012899
pca128_l2,7,14,0.0939001955514043,0.09896967256685751,0.44931698989692465,0.25491393109162647
pca128_l2,7,15,0.18765609884778145,0.18103797423583526,0.5656765850704005,0.45347627997398376
pca128_l2,7,16,0.25048076383211243,0.24207359940425496,0.6257190375531893,0.576244463523229
pca128_l2,7,17,0.16585886577894024,0.16775060198377503,0.5425233834914583,0.42230668167273205
pca128_l2,7,18,0.11212308305796566,0.11353210403785492,0.48310309841567156,0.31466489533583325
pca128_l2,7,19,0.17159877564492446,0.1935869350050294,0.5329897122530705,0.4055151542027791
pca128_l2,8,9,0.11552030862139231,0.12074345839003886,0.485746760277579,0.35332069794336957
pca128_l2,8,10,0.1886935341569013,0.18026839539890735,0.5951328041612667,0.5495107968648275
pca128_l2,8,11,0.13844593284591739,0.14136954850204944,0.4931424180767113,0.32072671378652257
pca128_l2,8,12,0.21370308810404295,0.2027561270026027,0.6066011302341482,0.5318569938341776
pca128_l2,8,13,0.1742250657891425,0.1755622904563402,0.5184072514380751,0.3768552616238594
pca128_l2,8,14,0.09851106206618629,0.09630396634318152,0.49113741215732704,0.3666430786252022
pca128_l2,8,15,0.28603931367669766,0.252465006765114,0.674661407923071,0.6623697678248087
pca128_l2,8,16,0.13203565089499592,0.13125500012115499,0.47955586480719953,0.34410732487837475
pca128_l2,8,17,0.21700856770264226,0.2123988543306663,0.569364520848654,0.5001676728328069
pca128_l2,8,18,0.2123136185727842,0.20802693381655585,0.6128304989540773,0.585957407951355
pca128_l2,8,19,0.13865607596671858,0.13891592491740382,0.509872785452275,0.3935314354797204
pca128_l2,9,10,0.3093696610869107,0.27028611613328657,0.6832552326367477,0.6698374549547831
pca128_l2,9,11,0.20760735197367367,0.2003224819652055,0.6093953873871497,0.547625740369161
pca128_l2,9,12,0.11787094577428679,0.10515515219505595,0.5299909972596054,0.388759583234787
pca128_l2,9,13,0.12879474167703697,0.1250459345462596,0.5157932689401059,0.3817649868627389
pca128_l2,9,14,0.18981986476257134,0.1880713316230957,0.5687577427414718,0.4969111382961273
pca128_l2,9,15,0.13851942256961458,0.14265831887212274,0.46773688254556606,0.29386922468741733
pca128_l2,9,16,0.13509948265701516,0.12374863300044338,0.541543964481496,0.4447210778792699
pca128_l2,9,17,0.17476809047141437,0.1570004497686246,0.5804404197761297,0.5154408613840739
pca128_l2,9,18,0.4335208216017109,0.3956851323525446,0.7646151630771125,0.7923707167307535
pca128_l2,9,19,0.13898700938155492,0.14763720613767334,0.4846079520909112,0.3387847418586413
pca128_l2,10,11,0.23572470735455844,0.2235181927286176,0.5962122536200579,0.5007349650065104
pca128_l2,10,12,0.11653988628651289,0.11261680413959776,0.5305571036458351,0.363526185353597
pca128_l2,10,13,0.17001914618621583,0.18327145856306518,0.5059078422772646,0.3756582736968994
pca128_l2,10,14,0.24284075754497883,0.23331959299871768,0.6234392227084509,0.5856376886367798
pca128_l2,10,15,0.22534711885419612,0.2103255725368917,0.5676859879325905,0.48943687478701275
pca128_l2,10,16,0.3507171723346577,0.3259633199876208,0.7033712459726752,0.7042931516965231
pca128_l2,10,17,0.41674963764143697,0.37555527793399957,0.7501349311823489,0.7581441402435303
pca128_l2,10,18,0.3411638584978433,0.29280900933112486,0.7199894913066944,0.7317660649617513
pca128_l2,10,19,0.2523524718193232,0.24637491057162744,0.6086698918242146,0.549932618935903
pca128_l2,11,12,0.05926945055126976,0.053717844322049325,0.4850421501929708,0.3042163848876953
pca128_l2,11,13,0.2247624281809405,0.20369794745932662,0.6324815355883054,0.5731280644734701
pca128_l2,11,14,0.1764469612928444,0.1670642394473639,0.56826748361864,0.4636151194572449
pca128_l2,11,15,0.2671663640582488,0.26115459752912484,0.6054051617910067,0.5106338461240133
pca128_l2,11,16,0.1993288315235548,0.18792579377210272,0.5637298386431914,0.47105473776658374
pca128_l2,11,17,0.18405320748465842,0.17326721996734387,0.5706693136262356,0.4780350724856059
pca128_l2,11,18,0.22571771997998422,0.19922925995158175,0.630373201512988,0.571242610613505
pca128_l2,11,19,0.24735196834912349,0.22685432066637204,0.6412886120280569,0.5942672193050385
pca128_l2,12,13,0.0547737627566309,0.04916406749779621,0.479338216138319,0.29262876013914746
pca128_l2,12,14,0.03402003445920564,0.03167942078814504,0.4374155649576849,0.20129253466924033
pca128_l2,12,15,0.07684330389869755,0.07096370627462832,0.5003885798204508,0.3280177464087804
pca128_l2,12,16,0.05849045425380406,0.056574917866549314,0.45690391470810343,0.24207445979118347
pca128_l2,12,17,0.07426209360931497,0.068676559300642,0.4839396167844498,0.2974250912666321
pca128_l2,12,18,0.10835333067352722,0.10176620022851776,0.5187348236770973,0.36343032121658325
pca128_l2,12,19,0.04501571866508348,0.04674693516670325,0.4148790346072376,0.19633890688419342
pca128_l2,13,14,0.16103950536829584,0.16856204384208603,0.5450582210189255,0.4356631139914195
pca128_l2,13,15,0.11950497463216211,0.12022326327924965,0.4764351346508772,0.31572815651694935
pca128_l2,13,16,0.21681060786998915,0.22174738025676072,0.5473556236348867,0.3982722411553065
pca128_l2,13,17,0.1691107232168789,0.19374103253070737,0.460391789588699,0.3046615372101466
pca128_l2,13,18,0.12691121966980967,0.1291042259999758,0.48000874991618325,0.32819828142722446
pca128_l2,13,19,0.24129154990310575,0.23342170842949436,0.6357264793788878,0.6051458716392517
pca128_l2,14,15,0.13173389815322706,0.12162107355773173,0.5202968376088106,0.42069288591543835
pca128_l2,14,16,0.15692551537114205,0.14769984622814417,0.5522263370278645,0.46349738041559857
pca128_l2,14,17,0.2456400777158294,0.2185569367887116,0.6507167566391088,0.6238694985707601
pca128_l2,14,18,0.3325708007546346,0.3315861395202332,0.6595403216143815,0.6249740123748779
pca128_l2,14,19,0.2122525681083282,0.19405356296538068,0.615364237245843,0.5735279321670532
pca128_l2,15,16,0.2299567028405664,0.2043674152777041,0.6091678455969565,0.5502621531486511
pca128_l2,15,17,0.31810501482900116,0.2979710654025802,0.661297999500947,0.6037751138210297
pca128_l2,15,18,0.19073859512853747,0.1766882956372184,0.5764337056444654,0.49352697531382245
pca128_l2,15,19,0.2547335775787035,0.2663127766626873,0.5773097964984946,0.4926776587963104
pca128_l2,16,17,0.2694670666988009,0.24739376388506157,0.6471915077446652,0.6184294025103251
pca128_l2,16,18,0.14543613109860679,0.13116513890561113,0.5406854613986894,0.45567914346853894
pca128_l2,16,19,0.19631355240001955,0.19988351697773912,0.5253961920276832,0.38074808816115063
pca128_l2,17,18,0.23835529003057562,0.21175021460403068,0.6437498007635292,0.6226359804471334
pca128_l2,17,19,0.2852732749712893,0.28243686407318946,0.6487370331408572,0.6306971708933512
pca128_l2,18,19,0.2040015052174806,0.20743900818825925,0.5623579924878233,0.4636339396238327
pca128_shrink001_l2,0,1,0.014333747808381649,0.013348012437290615,0.39783538505677,0.1214481753607591
pca128_shrink001_l2,0,2,0.014930112326091264,0.01351345256947805,0.4017431679753068,0.1218739493439595
pca128_shrink001_l2,0,3,0.010762768233125573,0.0104959290555044,0.3825307263859439,0.08750137562553088
pca128_shrink001_l2,0,4,0.027255382109899737,0.025403201767242607,0.41252667020620565,0.1371027169128259
pca128_shrink001_l2,0,5,0.017691136340206658,0.016069264353171294,0.39730665268438853,0.12031435345609982
pca128_shrink001_l2,0,6,0.004556233054930438,0.0042295861070963045,0.3684594101721073,0.06267991413672765
pca128_shrink001_l2,0,7,0.01247483497405153,0.01111649376249598,0.40503318042964725,0.14001241823037466
pca128_shrink001_l2,0,8,0.010541964611127429,0.009368439321225002,0.3982849724586495,0.12004592021306355
pca128_shrink001_l2,0,9,0.013568591722265199,0.012058684915853858,0.3932109004609095,0.108671339849631
pca128_shrink001_l2,0,10,0.010905268809449321,0.010046115462682083,0.39073762013272173,0.10279692709445953
pca128_shrink001_l2,0,11,0.019384256302982204,0.01833311011472501,0.38819508795534463,0.11313989510138829
pca128_shrink001_l2,0,12,0.012155277305574216,0.011362121323489635,0.3721407505361522,0.06288197760780652
pca128_shrink001_l2,0,13,0.009874286525921962,0.00930992916150244,0.37267278061563797,0.0859811082482338
pca128_shrink001_l2,0,14,0.01345026746573042,0.012305448594835918,0.40339531923453625,0.12427186717589696
pca128_shrink001_l2,0,15,0.004363673305035998,0.004123502130578385,0.3630940407134919,0.04942690456906954
pca128_shrink001_l2,0,16,0.005200014900888765,0.004811032565502076,0.36522326026713625,0.050471159939964615
pca128_shrink001_l2,0,17,0.015573255768141002,0.014645070701765092,0.3995930629433355,0.1072695900996526
pca128_shrink001_l2,0,18,0.025833990059648676,0.022627966611178673,0.43988334910736565,0.20353872577349344
pca128_shrink001_l2,0,19,0.00833221454989995,0.0074754820051168265,0.37891314169258117,0.08277089645465215
pca128_shrink001_l2,1,2,0.05003504483644135,0.04429260223402437,0.469838621206675,0.2555797000726064
pca128_shrink001_l2,1,3,0.028588309560857502,0.025206725994946055,0.4296296784845497,0.18461152911186218
pca128_shrink001_l2,1,4,0.012211709425729434,0.011466401851142992,0.3734521387279425,0.06728940767546494
pca128_shrink001_l2,1,5,0.010165074686583835,0.0092733647446709,0.38234165784530016,0.10156447688738506
pca128_shrink001_l2,1,6,0.01175110900244526,0.010587693455166327,0.39668668374878946,0.10660537021855514
pca128_shrink001_l2,1,7,0.007352644553053425,0.006618591880787775,0.38466983906090096,0.09592826416095097
pca128_shrink001_l2,1,8,0.02327928296167962,0.021060033572377606,0.40912563494602205,0.1363995522260666
pca128_shrink001_l2,1,9,0.04047900464136565,0.03858872550974034,0.433417644711632,0.1841795158882936
pca128_shrink001_l2,1,10,0.016675608562242084,0.015561630308645507,0.3843587553574,0.09458231429258983
pca128_shrink001_l2,1,11,0.009523777491222216,0.008652264734059249,0.38131826940728114,0.0923611285785834
pca128_shrink001_l2,1,12,0.029245686748348584,0.027198720623628273,0.4164223615320268,0.14777367562055588
pca128_shrink001_l2,1,13,0.016709163460288494,0.01599991588461245,0.3804652625029817,0.09952151278654735
pca128_shrink001_l2,1,14,0.007624843214841857,0.007037903234849175,0.3663928470534437,0.06318882728616397
pca128_shrink001_l2,1,15,0.006791018401302534,0.006248564770220721,0.37915497354689287,0.10245655725399654
pca128_shrink001_l2,1,16,0.0062014174738199215,0.005505027652537906,0.3792901795381671,0.08378514771660169
pca128_shrink001_l2,1,17,0.015052103101824747,0.014247785715695554,0.382304283831452,0.09117419272661209
pca128_shrink001_l2,1,18,0.010024157447302668,0.009625129649034324,0.3634919640374048,0.05034273241957029
pca128_shrink001_l2,1,19,0.012763664847673559,0.011764844788607403,0.3906716659906367,0.09817385673522949
pca128_shrink001_l2,2,3,0.003860895786088877,0.003608083276451869,0.35380879674362414,0.045279150207837425
pca128_shrink001_l2,2,4,0.00498442046791963,0.004613483534657055,0.3658399314956311,0.05924113715688387
pca128_shrink001_l2,2,5,0.03517443420994967,0.03197209172250615,0.4278456189411502,0.16538519660631815
pca128_shrink001_l2,2,6,0.024669473535828733,0.023120394664936716,0.39637120310248286,0.10640901078780492
pca128_shrink001_l2,2,7,0.006283205763649472,0.005796823227447851,0.36366124633542296,0.07076488683621089
pca128_shrink001_l2,2,8,0.04229579330793813,0.03967252509248507,0.4349994448859708,0.18433094769716263
pca128_shrink001_l2,2,9,0.04193001165275695,0.03949606827940022,0.4348477503591753,0.19307289520899454
pca128_shrink001_l2,2,10,0.01721775500209101,0.016128116712128188,0.3843433660575802,0.08759424462914467
pca128_shrink001_l2,2,11,0.013150899567678226,0.01204745451764053,0.3947058610148364,0.11926594624916713
pca128_shrink001_l2,2,12,0.004050681415073887,0.0037745310678609914,0.3604690658585086,0.03637682398160299
pca128_shrink001_l2,2,13,0.02010281396517896,0.018011224230932543,0.4153055380593873,0.1468591938416163
pca128_shrink001_l2,2,14,0.022965520369728213,0.021661734682497484,0.3981486672316738,0.12553711235523224
pca128_shrink001_l2,2,15,0.04142309316220227,0.037565302101490484,0.43024305200594026,0.19101942578951517
pca128_shrink001_l2,2,16,0.008000253675986913,0.007469962103085086,0.37534392337008077,0.0695989541709423
pca128_shrink001_l2,2,17,0.046182197029725515,0.042641997021483115,0.45730183803201635,0.21936923265457153
pca128_shrink001_l2,2,18,0.014198089138310537,0.013158377214278155,0.3809478269759037,0.09475829576452573
pca128_shrink001_l2,2,19,0.01977586770762493,0.01763581237854488,0.4200267553969725,0.1572341869274775
pca128_shrink001_l2,3,4,0.008195502608759403,0.00775175736789058,0.36498912306273446,0.05297329773505529
pca128_shrink001_l2,3,5,0.019939248085265933,0.018855773127524015,0.4054673785317069,0.14103862891594568
pca128_shrink001_l2,3,6,0.029561651545835045,0.02668182953875962,0.41751170411213084,0.15783858423431715
pca128_shrink001_l2,3,7,0.011131593673927749,0.010242941382494862,0.3838113359780944,0.09008940185109775
pca128_shrink001_l2,3,8,0.015747240156329945,0.01524806399814487,0.3905936202558361,0.10416296372811
pca128_shrink001_l2,3,9,0.04369900935527009,0.039853612523803476,0.4542910314458357,0.2317811648050944
pca128_shrink001_l2,3,10,0.012631020039075644,0.011949610817340722,0.3753186409489482,0.08448235442241032
pca128_shrink001_l2,3,11,0.0042701880041371735,0.003990801489752152,0.3661224350708952,0.07217651853958766
pca128_shrink001_l2,3,12,0.004390942295747194,0.004096734049550688,0.35816726629974177,0.045087563494841255
pca128_shrink001_l2,3,13,0.009550779372156207,0.00859790682932763,0.3955390816765103,0.10563632349173228
pca128_shrink001_l2,3,14,0.01987426901369019,0.01931815131821573,0.37688505182346715,0.08524605756004651
pca128_shrink001_l2,3,15,0.02686443633456148,0.023831402060865522,0.43535669648893127,0.1804895947376887
pca128_shrink001_l2,3,16,0.01386230538934841,0.012310115095687952,0.401522221599322,0.13500298062960306
pca128_shrink001_l2,3,17,0.0029504696326150353,0.002715538682075468,0.36266643802564075,0.04848878209789594
pca128_shrink001_l2,3,18,0.006405718928373489,0.005795320329824835,0.3763002584303134,0.07488132826983929
pca128_shrink001_l2,3,19,0.009069932360587653,0.008581715615490397,0.3668886023547827,0.06328582453231017
pca128_shrink001_l2,4,5,0.018034437732643103,0.017232090982618953,0.3794451717720669,0.07597147921721141
pca128_shrink001_l2,4,6,0.01970897035484627,0.017871256122106757,0.4108492365258436,0.14293011029561362
pca128_shrink001_l2,4,7,0.01226972416643007,0.01136557115675997,0.3943793880115156,0.09009542564551036
pca128_shrink001_l2,4,8,0.017266951355667436,0.01573725003331964,0.4123474947868747,0.14976414541403452
pca128_shrink001_l2,4,9,0.019455336484137786,0.01798977597900407,0.3937055565265471,0.09756589805086453
pca128_shrink001_l2,4,10,0.017829357940421856,0.01570578385642688,0.418698878669661,0.17218982179959616
pca128_shrink001_l2,4,11,0.0014891617020870807,0.0013889572384822352,0.35012745637957926,0.035454425339897476
pca128_shrink001_l2,4,12,0.025919477105236087,0.024164112207679216,0.41767549023164197,0.15395481139421463
pca128_shrink001_l2,4,13,0.012839205004403212,0.012098244994326787,0.3827505735262272,0.08029009401798248
pca128_shrink001_l2,4,14,0.015362023740517067,0.014076839805961036,0.3954533412917998,0.12388527144988377
pca128_shrink001_l2,4,15,0.007125659262597458,0.006562079972980003,0.373055314639731,0.07715488101045291
pca128_shrink001_l2,4,16,0.011960653437494861,0.010702445609021097,0.3891404306585631,0.10656655579805374
pca128_shrink001_l2,4,17,0.0021059181199096087,0.0019098605999216967,0.36048555439402985,0.056452477971712746
pca128_shrink001_l2,4,18,0.016508088601929646,0.015592707825744782,0.3686012115775901,0.0588615338007609
pca128_shrink001_l2,4,19,0.012499710838964164,0.011580965261737554,0.3920654968600332,0.11933751528461774
pca128_shrink001_l2,5,6,0.01928789457838949,0.018059791883157247,0.38612852483668103,0.09510219221313794
pca128_shrink001_l2,5,7,0.004545481818660857,0.0041931280146051235,0.3685946161633816,0.0690609309822321
pca128_shrink001_l2,5,8,0.004897535871520091,0.00438838523982124,0.3753131447704411,0.08043707783023517
pca128_shrink001_l2,5,9,0.0019680323662459487,0.0017859703356890766,0.3549827804727373,0.04132066542903582
pca128_shrink001_l2,5,10,0.023894501890445046,0.021419121947485544,0.424915056561173,0.1672916685541471
pca128_shrink001_l2,5,11,0.005378522427344151,0.004927607540070278,0.37120200324714225,0.07766732200980186
pca128_shrink001_l2,5,12,0.020283728910878727,0.018239389330840933,0.40294133488985107,0.12056083728869756
pca128_shrink001_l2,5,13,0.00398442023471263,0.003639032895537673,0.3653485731370978,0.06015215193231901
pca128_shrink001_l2,5,14,0.005370798661068168,0.0049474055185769975,0.37014673697378214,0.08268798391024272
pca128_shrink001_l2,5,15,0.02314730246558667,0.020766576639171294,0.41908251192945545,0.1528812771042188
pca128_shrink001_l2,5,16,0.011484640320807295,0.010367551155727437,0.39644485189447776,0.1167807827393214
pca128_shrink001_l2,5,17,0.023189066701615933,0.021213609268962316,0.4095917108834228,0.1476166993379593
pca128_shrink001_l2,5,18,0.03661169438529549,0.03361789442977919,0.4308992957196861,0.17529847348729768
pca128_shrink001_l2,5,19,0.005684407584840007,0.00523113030728704,0.3665786178869832,0.060015798856814705
pca128_shrink001_l2,6,7,0.007868409219735424,0.007259894409769323,0.3775720741368526,0.09570243209600449
pca128_shrink001_l2,6,8,0.0131642994377171,0.011927418847404211,0.3892844305354487,0.10618113229672115
pca128_shrink001_l2,6,9,0.05028428314027101,0.050345849588658655,0.43153795166220926,0.16674910858273506
pca128_shrink001_l2,6,10,0.02576389414337691,0.023991914496247244,0.41436019535616886,0.15727882087230682
pca128_shrink001_l2,6,11,0.010896116514108415,0.01012304977084155,0.363991017045848,0.05874721705913544
pca128_shrink001_l2,6,12,0.011457466351403585,0.010431515872659237,0.3877509967319723,0.09884352361162503
pca128_shrink001_l2,6,13,0.010941003137063345,0.010235600697568063,0.37048200386271424,0.0790733980635802
pca128_shrink001_l2,6,14,0.04560296761141661,0.04212322901283184,0.45861762316661225,0.23575536906719208
pca128_shrink001_l2,6,15,0.0333184521841795,0.03150999809777219,0.4252865982282519,0.17056472102801004
pca128_shrink001_l2,6,16,0.00989058391194865,0.0090765845789448,0.3790670346907795,0.09372686594724655
pca128_shrink001_l2,6,17,0.006554953241132378,0.006002787445532626,0.37454367977944936,0.07357757166028023
pca128_shrink001_l2,6,18,0.010155954680179869,0.008957668050663269,0.3940276325870622,0.11638927708069484
pca128_shrink001_l2,6,19,0.0037678524787461763,0.003449316769383062,0.36577837429635174,0.04950082550446192
pca128_shrink001_l2,7,8,0.025932576563419737,0.02345644820316048,0.4308795094770606,0.17138776928186417
pca128_shrink001_l2,7,9,0.000257946474777397,0.00023620590989412523,0.339316473256145,0.012890666723251343
pca128_shrink001_l2,7,10,0.010043862678590337,0.00901117507522272,0.3867473945365787,0.09732256829738617
pca128_shrink001_l2,7,11,0.01674665902680155,0.015869799132238207,0.3760331441548691,0.08436350027720134
pca128_shrink001_l2,7,12,0.012159298288233861,0.011078967233676178,0.3757583352295149,0.07054995993773143
pca128_shrink001_l2,7,13,0.05255310698462285,0.04985369033114506,0.42087426612276485,0.16993162905176482
pca128_shrink001_l2,7,14,0.013123329180809502,0.012423426436319161,0.37978593483950607,0.09206055601437886
pca128_shrink001_l2,7,15,0.004792139113940388,0.004306377847842625,0.3726299104232827,0.07578551272551219
pca128_shrink001_l2,7,16,0.007821055790477248,0.007154231376920363,0.3733641998718291,0.06785071641206741
pca128_shrink001_l2,7,17,0.0028448785560496286,0.002625766215527345,0.3512662645662471,0.03112027794122696
pca128_shrink001_l2,7,18,0.010281105665177747,0.009663462449071155,0.3809544223901122,0.08708766972025235
pca128_shrink001_l2,7,19,0.011621968615121606,0.010454058336118982,0.390609009555656,0.11202698945999146
pca128_shrink001_l2,8,9,0.018831221638973553,0.017025377477615674,0.41853948949295555,0.15436243265867233
pca128_shrink001_l2,8,10,0.00859035618442408,0.007915584201746286,0.3854118231593573,0.10659149289131165
pca128_shrink001_l2,8,11,0.01353496732502838,0.012430637017210077,0.40089016107100733,0.13759134461482367
pca128_shrink001_l2,8,12,0.007473400507421251,0.0067097797017546005,0.38345298513943255,0.1083193023999532
pca128_shrink001_l2,8,13,0.005105258154377119,0.004694623030730001,0.36500890930536,0.04709660758574804
pca128_shrink001_l2,8,14,0.0337251546440743,0.030293164257198933,0.4491125320564611,0.21389724810918173
pca128_shrink001_l2,8,15,0.024249826404425943,0.02172408767820231,0.42345307307828867,0.1592114120721817
pca128_shrink001_l2,8,16,0.0020121814261401393,0.0017862188778556306,0.355369711439636,0.04312196498115858
pca128_shrink001_l2,8,17,0.007622035572645052,0.0070823304611330766,0.38031686568329043,0.07480379876991113
pca128_shrink001_l2,8,18,0.0030162790788602627,0.0027347260543517053,0.36988182116974067,0.07665027181307475
pca128_shrink001_l2,8,19,0.014402939751046638,0.013043302953680325,0.40683153003716516,0.13436882197856903
pca128_shrink001_l2,9,10,0.028280941553949557,0.02534419386866469,0.4170324373463131,0.15938841054836908
pca128_shrink001_l2,9,11,0.01079586288874355,0.00981820550110907,0.37299925361895875,0.07948236912488937
pca128_shrink001_l2,9,12,0.01999391280400801,0.019249683203517144,0.3819327421643731,0.09839954227209091
pca128_shrink001_l2,9,13,0.011361493542402646,0.010127837062975336,0.39644485189447776,0.10752429316441219
pca128_shrink001_l2,9,14,0.005536694535088584,0.005057606039409889,0.37224627716348824,0.06724002088109653
pca128_shrink001_l2,9,15,0.03799499450730617,0.037458896194729654,0.41664990332222007,0.14377756665150324
pca128_shrink001_l2,9,16,0.0028591703658557488,0.0026085181090711096,0.35709221378375616,0.05559354089200497
pca128_shrink001_l2,9,17,0.01937535314935254,0.01793953134953366,0.40348435732635096,0.13305414468050003
pca128_shrink001_l2,9,18,0.0023564630989205537,0.0021525636166204276,0.35658876383250726,0.04915998503565788
pca128_shrink001_l2,9,19,0.006527994604820663,0.006094983155779923,0.3616617365945458,0.046922573198874794
pca128_shrink001_l2,10,11,0.0008661003086430735,0.0007823051163370338,0.3460800705269626,0.022742222994565964
pca128_shrink001_l2,10,12,0.004920701640764672,0.004465799834191703,0.36592347340893877,0.06005607017626365
pca128_shrink001_l2,10,13,0.014183004435602244,0.013276640381279108,0.3778754631904437,0.08674718625843525
pca128_shrink001_l2,10,14,0.029654759567388913,0.026040420821638207,0.4413266455833259,0.21102645993232727
pca128_shrink001_l2,10,15,0.02072392388038359,0.019492061173939097,0.4061807825019264,0.1346537098288536
pca128_shrink001_l2,10,16,0.032724409593753064,0.029028984322305287,0.4485079524206819,0.2229860176642736
pca128_shrink001_l2,10,17,0.009246891546024748,0.00836331047421179,0.3851271211126904,0.11226586997509003
pca128_shrink001_l2,10,18,0.018279319986667517,0.01659966234087268,0.3921182601737012,0.1145770779500405
pca128_shrink001_l2,10,19,0.021003773761485888,0.019686662609336388,0.3906057118485517,0.10484758019447327
pca128_shrink001_l2,11,12,0.0055101312491604645,0.005117846977654391,0.37195607893831417,0.07745002955198288
pca128_shrink001_l2,11,13,0.005632392590861393,0.005064779235198602,0.3803696289969584,0.09074991941452026
pca128_shrink001_l2,11,14,0.026224520461626676,0.023162572352842435,0.42897343477080385,0.1695511837800344
pca128_shrink001_l2,11,15,0.014996985501284308,0.014194525301443855,0.40127709203790607,0.12586573138833046
pca128_shrink001_l2,11,16,0.02143817692132261,0.018928312576072793,0.427346565932707,0.18098179002602896
pca128_shrink001_l2,11,17,0.007429898430009261,0.007022503718932571,0.3619563317625255,0.05665165434281031
pca128_shrink001_l2,11,18,0.009854592735246205,0.0090123116010466,0.3702918360863692,0.0735924243927002
pca128_shrink001_l2,11,19,0.018844504299649484,0.01719221410238508,0.41208477745423605,0.14493957410256067
pca128_shrink001_l2,12,13,0.0051832270155126895,0.004625246433545035,0.37682679233129207,0.07921464741230011
pca128_shrink001_l2,12,14,0.010497572913057087,0.009607265195267606,0.3783393406564416,0.0880104845079283
pca128_shrink001_l2,12,15,0.0187639760433293,0.017908567122499327,0.3941969148850804,0.11267504468560219
pca128_shrink001_l2,12,16,0.012476916285566627,0.01150993271444212,0.3961205773625598,0.11712984244028728
pca128_shrink001_l2,12,17,0.047043217563936215,0.041198975280416786,0.47113681857004824,0.25042474269866943
pca128_shrink001_l2,12,18,0.024763984668607398,0.021607890353624464,0.4361019782944918,0.1767688492933909
pca128_shrink001_l2,12,19,0.024519211417325916,0.021687914434995223,0.4211062048557638,0.1609148010611534
pca128_shrink001_l2,13,14,0.0036805544781017977,0.003300396520509363,0.3660103130293507,0.07809491207202275
pca128_shrink001_l2,13,15,0.020133641913853875,0.01836843097849217,0.4126970517399252,0.14048121497035027
pca128_shrink001_l2,13,16,0.010730637540466317,0.00954240510742011,0.38309903124357636,0.09177347024281819
pca128_shrink001_l2,13,17,0.005887008883531454,0.005274548168056842,0.38110391844550484,0.08621042470137279
pca128_shrink001_l2,13,18,0.022159637771094063,0.019420459580148222,0.43079266985664866,0.1759189416964849
pca128_shrink001_l2,13,19,0.027522685552542257,0.0263340346795292,0.4019860990653199,0.11574812854329745
pca128_shrink001_l2,14,15,0.034959064380740014,0.03267536076474678,0.42136672371699957,0.16013117879629135
pca128_shrink001_l2,14,16,0.011380061294941096,0.010161431378205972,0.38999343756286253,0.1116997500260671
pca128_shrink001_l2,14,17,0.018470391715449883,0.016858023938063196,0.3937517244260066,0.08927422513564427
pca128_shrink001_l2,14,18,0.003711238224617974,0.003348009669316411,0.36493635974906646,0.047705365965763726
pca128_shrink001_l2,14,19,0.01429644398234138,0.013319925827170903,0.39642616488755367,0.12714520593484244
pca128_shrink001_l2,15,16,0.0074547863205507705,0.007027989447215104,0.370022523339522,0.06778215616941452
pca128_shrink001_l2,15,17,0.0248831640409831,0.024085855115438457,0.37927369100264585,0.07958603153626125
pca128_shrink001_l2,15,18,0.0013887712353484317,0.0012673660641840826,0.35392971267078,0.035763962815205254
pca128_shrink001_l2,15,19,0.007269656376606059,0.006510788424593751,0.3809225445547711,0.08462531864643097
pca128_shrink001_l2,16,17,0.029181984148514056,0.027340417624712236,0.42148214346564833,0.17714578906695047
pca128_shrink001_l2,16,18,0.01347009550109067,0.012121821587050066,0.3997953223123962,0.1254571775595347
pca128_shrink001_l2,16,19,0.0028543372772261216,0.0026508952957781957,0.356221619108234,0.03061996338268121
pca128_shrink001_l2,17,18,0.027202784069836106,0.025095795251041185,0.4018091221173918,0.1325285273293654
pca128_shrink001_l2,17,19,0.01779976902273012,0.017060674798570187,0.38428950350821073,0.0987352083126704
pca128_shrink001_l2,18,19,0.011212913728619064,0.010154278166374226,0.39440796813975243,0.11698356022437413
pca192_shrink001_l2,0,1,0.020681037259922885,0.018706117479799868,0.4028819761619746,0.11652612313628197
pca192_shrink001_l2,0,2,0.010706622828674829,0.009753162015683348,0.3856382657138492,0.0977705071369807
pca192_shrink001_l2,0,3,0.010760887902501062,0.010035548499461833,0.3754703354757437,0.07929494231939316
pca192_shrink001_l2,0,4,0.010444417167430657,0.00967341887398764,0.36778228098003457,0.06977034515390794
pca192_shrink001_l2,0,5,0.03188471327564025,0.02987306095690924,0.42802479436048113,0.18524768700202307
pca192_shrink001_l2,0,6,0.003395442611152191,0.003041361980131478,0.3715372701360744,0.07238987336556117
pca192_shrink001_l2,0,7,0.004110243223546926,0.003834690719841417,0.35904885333227804,0.04490235075354576
pca192_shrink001_l2,0,8,0.016559817323775542,0.0146108279228156,0.4174358568487331,0.13942517836888632
pca192_shrink001_l2,0,9,0.01574176826725088,0.014128884330841777,0.41101961805956316,0.13677107294400534
pca192_shrink001_l2,0,10,0.01919236371567553,0.017042472307469737,0.413208196341084,0.139471597969532
pca192_shrink001_l2,0,11,0.0063887357700976085,0.005916196088683728,0.36778667792284025,0.08261458079020183
pca192_shrink001_l2,0,12,0.016678563654828383,0.01505065891772624,0.4091355280673348,0.13056358695030212
pca192_shrink001_l2,0,13,0.010657977504438972,0.009881725191443895,0.369131043185673,0.06449265033006668
pca192_shrink001_l2,0,14,0.002841639901816505,0.0025030816728654525,0.3617661639861804,0.051004999627669655
pca192_shrink001_l2,0,15,0.009054415347241713,0.008039483073984149,0.38626483006365675,0.10940977185964584
pca192_shrink001_l2,0,16,0.002455001944459321,0.002242870516523077,0.3586465330655595,0.041659689818819366
pca192_shrink001_l2,0,17,0.022262026195950586,0.01970437762305698,0.4194892291389797,0.16662129014730453
pca192_shrink001_l2,0,18,0.00346077855357545,0.0031172445303480566,0.3694597146603966,0.07145832851529121
pca192_shrink001_l2,0,19,0.017815229884273167,0.016302475204783454,0.3859735326027813,0.10100105963647366
pca192_shrink001_l2,1,2,0.018550640501261245,0.017603218585553682,0.39738469841918916,0.13805408775806427
pca192_shrink001_l2,1,3,0.018823532418277014,0.017230753077788936,0.39255905368996935,0.11579785371820132
pca192_shrink001_l2,1,4,0.022389494556119244,0.019675549356122497,0.4217481585053912,0.15504793326059976
pca192_shrink001_l2,1,5,0.010440865867034977,0.00929793595329998,0.4007395657799132,0.12450058261553447
pca192_shrink001_l2,1,6,0.0032597086541562834,0.0030398801206867813,0.3591422883668985,0.04201434055964152
pca192_shrink001_l2,1,7,0.0037279357094471125,0.003484352687143113,0.36182332424265407,0.06517321492234866
pca192_shrink001_l2,1,8,0.007454323473257265,0.006688848454216054,0.3877619890889864,0.09922527025143306
pca192_shrink001_l2,1,9,0.038518890847290425,0.03510304230211045,0.45101750752701647,0.2113835116227468
pca192_shrink001_l2,1,10,0.009752016324696406,0.00897775087512318,0.3832771074272059,0.08358423660198848
pca192_shrink001_l2,1,11,0.005615247119181938,0.0051771537738423854,0.3627246975178159,0.05808385337392489
pca192_shrink001_l2,1,12,0.006549897859941513,0.005809477776555184,0.38627912012777516,0.09870366007089615
pca192_shrink001_l2,1,13,0.009925382867392812,0.009130729790446206,0.36856273832804054,0.07654109286765258
pca192_shrink001_l2,1,14,0.041428134005276895,0.0393900089359125,0.43290869858187603,0.1915319859981537
pca192_shrink001_l2,1,15,0.04230281440664317,0.03868090802545388,0.44041977612965705,0.21375714242458344
pca192_shrink001_l2,1,16,0.016010475732862756,0.014170216827047263,0.40867714677984396,0.13940621415774027
pca192_shrink001_l2,1,17,0.012008986879362284,0.011155963881409874,0.3757187627442639,0.0815089891354243
pca192_shrink001_l2,1,18,0.035918011283693,0.03427560680677146,0.40633137779302053,0.12927047908306122
pca192_shrink001_l2,1,19,0.01702160321635369,0.016997622295567276,0.370280843729355,0.06829047948122025
pca192_shrink001_l2,2,3,0.010267223011181041,0.009554889554604696,0.37770068471391843,0.07550613582134247
pca192_shrink001_l2,2,4,0.04849192882986624,0.04746870460989684,0.419234206456251,0.1548095221320788
pca192_shrink001_l2,2,5,0.042072501204417946,0.03666557052672979,0.46443477849851,0.2324590484301249
pca192_shrink001_l2,2,6,0.06320995703300529,0.05856334893679529,0.4491817839056504,0.19935442258914313
pca192_shrink001_l2,2,7,0.018189384540840504,0.017490733397461926,0.38167442177454014,0.0891214410463969
pca192_shrink001_l2,2,8,0.010528698515297667,0.009804277827510826,0.3666698544502008,0.06422104065616925
pca192_shrink001_l2,2,9,0.06489921783598468,0.06701905808119621,0.420832495166111,0.15585891902446747
pca192_shrink001_l2,2,10,0.014287326287001726,0.013025565297441992,0.40034274169170175,0.11938941478729248
pca192_shrink001_l2,2,11,0.032499339337317044,0.030598175983404627,0.42193283010322924,0.16503088672955832
pca192_shrink001_l2,2,12,0.00535793305384144,0.004936519265531933,0.3580166710086477,0.04799607458213965
pca192_shrink001_l2,2,13,0.01695634350163243,0.015278839507714786,0.3971131872009392,0.12243809178471565
pca192_shrink001_l2,2,14,0.00573133173816728,0.004944360453486385,0.3739292070223574,0.07477894673744838
pca192_shrink001_l2,2,15,0.04991154440925014,0.049831280409828115,0.4094839857846839,0.1481390744447708
pca192_shrink001_l2,2,16,0.018698344839192443,0.017370942187009526,0.39067606293344237,0.10911593710382779
pca192_shrink001_l2,2,17,0.026670819623526385,0.025369446227324784,0.3912740471550131,0.12221405779321988
pca192_shrink001_l2,2,18,0.049934400719773925,0.0463542575736841,0.4481001359754563,0.21499240895112356
pca192_shrink001_l2,2,19,0.004590253255307203,0.004318113180667573,0.3638107423908157,0.07034377194941044
pca192_shrink001_l2,3,4,0.01155047709013678,0.010868667619517778,0.3877257143108397,0.09038468698660533
pca192_shrink001_l2,3,5,0.010723162904626549,0.009870148714091472,0.3944475406250034,0.11956621209780376
pca192_shrink001_l2,3,6,0.014796318951328222,0.013920263775886746,0.38752675264888325,0.09675697982311249
pca192_shrink001_l2,3,7,0.012843076885795909,0.011738654216393135,0.39894891082230527,0.12123074630896251
pca192_shrink001_l2,3,8,0.03785645933607421,0.03351204995630839,0.43987565445745574,0.2019214058915774
pca192_shrink001_l2,3,9,0.01510970133788297,0.014311916565021303,0.39434311323336885,0.11730446666479111
pca192_shrink001_l2,3,10,0.0028031119839430703,0.002602410066711239,0.35219841644104855,0.034930733342965446
pca192_shrink001_l2,3,11,0.014066763474291555,0.01325274126246584,0.3754934194254735,0.07549338911970456
pca192_shrink001_l2,3,12,0.002044752088137354,0.00189510265880733,0.3568218018012076,0.04707720379034678
pca192_shrink001_l2,3,13,0.035423359604575495,0.03289046108574758,0.40198390059391703,0.12307871878147125
pca192_shrink001_l2,3,14,0.009348853332276046,0.008621738768496867,0.37891314169258117,0.08362026202181976
pca192_shrink001_l2,3,15,0.02338508932097199,0.02113181454423902,0.40268081602861533,0.11688381309310596
pca192_shrink001_l2,3,16,0.013595081398566293,0.012820275683427902,0.374468931751753,0.07565080995361011
pca192_shrink001_l2,3,17,0.005296723498867421,0.004753469791849786,0.3802135375273572,0.08094000071287155
pca192_shrink001_l2,3,18,0.015925111574134336,0.013886097511773918,0.39280528248708674,0.0988243892788887
pca192_shrink001_l2,3,19,0.0038355173467154086,0.003422278487723524,0.3734807188561793,0.08256145318349202
pca192_shrink001_l2,4,5,0.026977257377330817,0.02406516005820234,0.42996714384488466,0.1730200598637263
pca192_shrink001_l2,4,6,0.026384356915174753,0.02512738093709011,0.3962458902325213,0.11804603536923726
pca192_shrink001_l2,4,7,0.007498695732363361,0.006767586335552268,0.38169970419567273,0.09355317801237106
pca192_shrink001_l2,4,8,0.019822364563718175,0.018261996196188936,0.39824649920909994,0.11491233110427856
pca192_shrink001_l2,4,9,0.02381623433550501,0.021942605215976737,0.40944111559232865,0.14117297592262426
pca192_shrink001_l2,4,10,0.003945449700102428,0.003567870754343196,0.36367333792813855,0.06337180733680725
pca192_shrink001_l2,4,11,0.007321972262673209,0.0069527576868484795,0.37008298130309997,0.08728944386045139
pca192_shrink001_l2,4,12,0.00985085604279527,0.009251214379478307,0.3742919548038249,0.07688534011443456
pca192_shrink001_l2,4,13,0.014832027029862391,0.013770407466251182,0.3745074050013026,0.0677056076625983
pca192_shrink001_l2,4,14,0.02193898601196047,0.01915376784639711,0.42401588175741406,0.17431743939717612
pca192_shrink001_l2,4,15,0.010968898946507738,0.00987072116528249,0.377111494377959,0.06305949141581853
pca192_shrink001_l2,4,16,0.014336315483884815,0.013207840734339001,0.3916972529000586,0.1153717190027237
pca192_shrink001_l2,4,17,0.02052150136998471,0.018564136104557986,0.4225011349608617,0.16655445595582327
pca192_shrink001_l2,4,18,0.005766158327663756,0.005148317669498162,0.36371071194198673,0.05186421051621437
pca192_shrink001_l2,4,19,0.005473805033815956,0.004951151443695406,0.3798518889815911,0.09426284333070119
pca192_shrink001_l2,5,6,0.017078175719734665,0.015284581637038946,0.3981783465956121,0.1297480488816897
pca192_shrink001_l2,5,7,0.006643096767376073,0.006049274845995422,0.37564841165937324,0.0896984984477361
pca192_shrink001_l2,5,8,0.015125624164887578,0.014085430732565882,0.3783503330134557,0.09531270960966746
pca192_shrink001_l2,5,9,0.007261124147747315,0.006716756327938568,0.36139022537629584,0.05768559748927752
pca192_shrink001_l2,5,10,0.002142423172213736,0.0019671415688114645,0.3583200600622387,0.04720263058940569
pca192_shrink001_l2,5,11,0.012849048668251645,0.011740679069008891,0.39300314491334176,0.11037061363458633
pca192_shrink001_l2,5,12,0.021491407851003237,0.018881128751986286,0.4233420502724456,0.17098367710908255
pca192_shrink001_l2,5,13,0.001539574461629641,0.0014222219928298567,0.35454528466357343,0.037458556393782295
pca192_shrink001_l2,5,14,0.013039289289372381,0.011759254147093978,0.397049431530257,0.12364788353443146
pca192_shrink001_l2,5,15,0.01538263190990343,0.014065355764451724,0.3834628782607453,0.08594801152745883
pca192_shrink001_l2,5,16,0.006635927802413563,0.006064564398622815,0.37329274955123704,0.0795314060524106
pca192_shrink001_l2,5,17,0.01815608860381369,0.016444588056528816,0.40400319657741973,0.1306345189611117
pca192_shrink001_l2,5,18,0.03310874554114966,0.031734924199413504,0.41201222789794256,0.1541634500026703
pca192_shrink001_l2,5,19,0.012474116152302183,0.011468865498948964,0.3864374100687792,0.10264315642416477
pca192_shrink001_l2,6,7,0.005143399205181801,0.004603177072276438,0.3770356471145612,0.09430559227863948
pca192_shrink001_l2,6,8,0.031083387636469756,0.029557589398348863,0.3968735538180303,0.11978871872027715
pca192_shrink001_l2,6,9,0.02712333170058276,0.025916784336634822,0.3958006997734475,0.11027993261814117
pca192_shrink001_l2,6,10,0.01973953505765433,0.01824877618265266,0.4085826125095221,0.14969791223605475
pca192_shrink001_l2,6,11,0.01185763794970138,0.01116437867630833,0.3780711271452959,0.0902497408290704
pca192_shrink001_l2,6,12,0.015457340897806133,0.014079101415723891,0.4043208756951292,0.13180555403232574
pca192_shrink001_l2,6,13,0.019333646678754892,0.017401591024583024,0.4109371753819569,0.15167042116324106
pca192_shrink001_l2,6,14,0.029458859697420813,0.02653017292665597,0.4184229705086054,0.1491515189409256
pca192_shrink001_l2,6,15,0.07406352116405439,0.06508614635108058,0.4941086462582566,0.2716720253229141
pca192_shrink001_l2,6,16,0.0054149745971586415,0.004984149340958347,0.37192090339586886,0.07403834412495296
pca192_shrink001_l2,6,17,0.007658947600128766,0.007220814051892499,0.35972598252435084,0.038390656312306724
pca192_shrink001_l2,6,18,0.0229482435807597,0.02139190391503432,0.40164423676217925,0.12182711064815521
pca192_shrink001_l2,6,19,0.0065283024307385825,0.005928955031282188,0.37918135520372687,0.08291443934043248
pca192_shrink001_l2,7,8,0.013072411553398182,0.012188375916538893,0.3864440054829877,0.10525867094596227
pca192_shrink001_l2,7,9,0.003111460386273309,0.0028104185247828243,0.35896970836177605,0.047696913282076515
pca192_shrink001_l2,7,10,0.020692179824991077,0.019160754003543806,0.4031578843230302,0.14471627647678056
pca192_shrink001_l2,7,11,0.004604243190495055,0.004224293620233178,0.36413831462983787,0.06755071133375168
pca192_shrink001_l2,7,12,0.0020990043486582475,0.0019287576268878109,0.35191371439438157,0.029872999837001164
pca192_shrink001_l2,7,13,0.012129964962458313,0.011118035228182293,0.3838816870629851,0.08921404182910919
pca192_shrink001_l2,7,14,0.0011935199507012327,0.0011183719802320582,0.3474332296754067,0.024106498807668686
pca192_shrink001_l2,7,15,0.017381547405955884,0.016696943251810245,0.382006390956368,0.09546045462290446
pca192_shrink001_l2,7,16,0.02037755741837034,0.01890804979484337,0.40667433933186253,0.11057266841332118
pca192_shrink001_l2,7,17,0.03515636242638776,0.03287068546714751,0.4253800332628723,0.1773433710138003
pca192_shrink001_l2,7,18,0.017409526603902995,0.016580972271734693,0.38546128876592106,0.1031500988950332
pca192_shrink001_l2,7,19,0.029841556695917138,0.02693656430701943,0.4272300469483568,0.17905090749263763
pca192_shrink001_l2,8,9,0.026958053177523183,0.026458362173172885,0.3794605610718867,0.08710996930797894
pca192_shrink001_l2,8,10,0.014012498095088593,0.01273194734704831,0.3991456740128589,0.12395138293504715
pca192_shrink001_l2,8,11,0.008012304469533464,0.007487378640836788,0.36909256993612344,0.07151969522237778
pca192_shrink001_l2,8,12,0.013315163107138617,0.012015849414803317,0.39896100241502086,0.12611175328493118
pca192_shrink001_l2,8,13,0.0026367664608795893,0.002450649415368677,0.35457936097031734,0.043209418654441833
pca192_shrink001_l2,8,14,0.01730333174848952,0.015865616793818527,0.3905727347775092,0.09789948413769405
pca192_shrink001_l2,8,15,0.018861680980375932,0.01808154762970219,0.3861834866217519,0.10589168965816498
pca192_shrink001_l2,8,16,0.00989396549313893,0.009318211792810128,0.36461977986705846,0.06416729340950648
pca192_shrink001_l2,8,17,0.003243291638829804,0.0029210849513040546,0.3599260434220087,0.0561665091663599
pca192_shrink001_l2,8,18,0.011676932100783785,0.01092279339331838,0.38416748834535347,0.09671053693940242
pca192_shrink001_l2,8,19,0.009540513184819887,0.008485439615133209,0.39801895741890664,0.11223301788171132
pca192_shrink001_l2,9,10,0.009294005693962815,0.008265254145045434,0.39249969496209286,0.10914844771226247
pca192_shrink001_l2,9,11,0.007405629091087953,0.0068910988645174125,0.3611978591285479,0.05390480781594912
pca192_shrink001_l2,9,12,0.003638201470188294,0.003250391540578642,0.37223528480647405,0.06747974207003911
pca192_shrink001_l2,9,13,0.03864835493908685,0.034863210368745484,0.4376090304411343,0.19515377779801688
pca192_shrink001_l2,9,14,0.02042408300472972,0.019190074156658916,0.39978652842678486,0.11981459831198056
pca192_shrink001_l2,9,15,0.08450955328582445,0.07334057110348842,0.5160252076731049,0.32273464401563007
pca192_shrink001_l2,9,16,0.00638188749979225,0.005721411054621896,0.3849402510434495,0.10135472814242046
pca192_shrink001_l2,9,17,0.01485996530299734,0.01384770940061722,0.3795649884635213,0.08919530858596166
pca192_shrink001_l2,9,18,0.008688077068800615,0.008164528128785493,0.37558795369579534,0.09148760760823886
pca192_shrink001_l2,9,19,0.023608173448401038,0.02101769629514367,0.4206555182181829,0.14098389943440756
pca192_shrink001_l2,10,11,0.013630051362474192,0.012533710635073782,0.39119710065591395,0.12131968513131142
pca192_shrink001_l2,10,12,0.0025722741249749282,0.0023329476302986207,0.3614649734039922,0.049609772861003876
pca192_shrink001_l2,10,13,0.010682685117076216,0.009860564652052716,0.3859669371885728,0.09581473221381505
pca192_shrink001_l2,10,14,0.006665447477768938,0.00632219539261696,0.36597623672260676,0.04976612453659376
pca192_shrink001_l2,10,15,0.01350433971059736,0.012258790655375487,0.40273577781368614,0.13340916484594345
pca192_shrink001_l2,10,16,0.027263864352191372,0.024078365753602723,0.4270145967508791,0.18116822093725204
pca192_shrink001_l2,10,17,0.02414758077822334,0.021193947145887054,0.434818070995237,0.18173438807328543
pca192_shrink001_l2,10,18,0.00867569792258023,0.007681573314623656,0.39148839811678937,0.12876235942045847
pca192_shrink001_l2,10,19,0.023219584508316588,0.020624959918496246,0.41620801057025053,0.14797003443042436
pca192_shrink001_l2,11,12,0.008525514998354349,0.007667725613567107,0.3861164332439655,0.09962197889884312
pca192_shrink001_l2,11,13,0.001890151257606546,0.001732818497104657,0.35175432521767613,0.04412322367231051
pca192_shrink001_l2,11,14,0.003985284978046485,0.0034932071927504375,0.3658915955735977,0.05836305394768715
pca192_shrink001_l2,11,15,0.02336448329993486,0.021797348201799058,0.4030875332381395,0.12536791960398355
pca192_shrink001_l2,11,16,0.02611406749293225,0.023715286013988344,0.41741387213470477,0.17111809303363165
pca192_shrink001_l2,11,17,0.010722932241662937,0.009546068566877326,0.3989148345155613,0.11488349735736847
pca192_shrink001_l2,11,18,0.018210822974861866,0.01688446977686926,0.3965459815790081,0.11054576809207599
pca192_shrink001_l2,11,19,0.01763719706286866,0.016153673204115485,0.40269840379983796,0.1372824783126513
pca192_shrink001_l2,12,13,0.009340684681477888,0.008503444433819096,0.38495124340046366,0.08847845221559207
pca192_shrink001_l2,12,14,0.02026496444044838,0.019070071743388213,0.4010011838768504,0.1360475147763888
pca192_shrink001_l2,12,15,0.013167271750660526,0.012482720708860705,0.3721539413645692,0.06954432899753253
pca192_shrink001_l2,12,16,0.026929196064192782,0.023781895372838393,0.4347312313748251,0.18184403578440347
pca192_shrink001_l2,12,17,0.003080772114042805,0.00282078219888074,0.36419107794350586,0.05471567064523697
pca192_shrink001_l2,12,18,0.006488273989928901,0.006107943589066008,0.3656398705979732,0.06629224121570587
pca192_shrink001_l2,12,19,0.03177215962768732,0.02933888803523764,0.4145987295033763,0.147802564005057
pca192_shrink001_l2,13,14,0.009915686007163516,0.008788199739592814,0.3906200019126701,0.08740392699837685
pca192_shrink001_l2,13,15,0.04337761819251509,0.04012447404111829,0.4347334298462279,0.18269695589939752
pca192_shrink001_l2,13,16,0.009905009236592405,0.009085232768299114,0.3703797749424825,0.06490414962172508
pca192_shrink001_l2,13,17,0.006852777575222121,0.006264399551206677,0.3711019727983133,0.07440306122104327
pca192_shrink001_l2,13,18,0.011667437362013196,0.010875538726320409,0.3791340880685659,0.08154564226667087
pca192_shrink001_l2,13,19,0.018462876065260685,0.016633821475437814,0.40840343709019117,0.160024123887221
pca192_shrink001_l2,14,15,0.04604062296015873,0.045121220540833805,0.40471660054763925,0.14595638712247214
pca192_shrink001_l2,14,16,0.008599375168182218,0.008024124447392034,0.3759660907770827,0.08268533150355022
pca192_shrink001_l2,14,17,0.009295982088800758,0.008392015245628359,0.39435850253318866,0.11315177629391353
pca192_shrink001_l2,14,18,0.010428976451147038,0.009852286182681967,0.36941574523233994,0.06302312761545181
pca192_shrink001_l2,14,19,0.006211488652556269,0.005765635698367247,0.36290057523004254,0.040974587202072144
pca192_shrink001_l2,15,16,0.03946741171509573,0.03604332259365876,0.44688657976109214,0.20967334508895874
pca192_shrink001_l2,15,17,0.015893160594032694,0.015141048195128352,0.3768366854526048,0.0822180404017369
pca192_shrink001_l2,15,18,0.045921619363528204,0.0403119126972719,0.4577679139694171,0.2276321699221929
pca192_shrink001_l2,15,19,0.010870316618037168,0.009947120836603563,0.37201873537329494,0.07542302707831065
pca192_shrink001_l2,16,17,0.005415463651032064,0.004878261788652437,0.37248041436789003,0.06794092804193497
pca192_shrink001_l2,16,18,0.02312593133920494,0.02081424802353284,0.42453032406567714,0.16880441457033157
pca192_shrink001_l2,16,19,0.010002807932743786,0.009541030497145907,0.3728761392204001,0.083980784441034
pca192_shrink001_l2,17,18,0.08906172011537189,0.0777384568466162,0.5271285874931161,0.3597639004389445
pca192_shrink001_l2,17,19,0.013281294684750995,0.012487051280663632,0.38342330577549427,0.07470357418060303
pca192_shrink001_l2,18,19,0.004458655551476569,0.003990668473004269,0.36600591608654504,0.05543139390647411
